Data,,,,,,,
execve,/usr/sbin/arp," ""-a""]", 0x7ffcf3b4cbe8 /* 50 vars */) = 0,,,,
brk,NULL)                               = 0x55e7e5e0c000,,,,,,
arch_prctl,0x3001 /* ARCH_??? */,,,,,,
access,/etc/ld.so.preload,,,,,,
openat,AT_FDCWD, O_RDONLY|O_CLOEXEC) = 3,,,,,
fstat,3, st_size=69600, ...}) = 0,,,,
mmap,NULL, PROT_READ, MAP_PRIVATE,3, 0) = 0x7f0f7469f000,,
close,3)                                = 0,,,,,,
openat,AT_FDCWD, O_RDONLY|O_CLOEXEC) = 3,,,,,
read,3, 832) = 832,,,,,
pread64,3,784, 64) = 784,,,,
pread64,3,32, 848) = 32,,,,
pread64,3,68, 880) = 68,,,,
fstat,3, st_size=2029592, ...}) = 0,,,,
mmap,NULL, PROT_READ|PROT_WRITE, MAP_PRIVATE|MAP_ANONYMOUS,-1, 0) = 0x7f0f7469d000,,
pread64,3,784, 64) = 784,,,,
pread64,3,32, 848) = 32,,,,
pread64,3,68, 880) = 68,,,,
mmap,NULL, PROT_READ, MAP_PRIVATE|MAP_DENYWRITE,3, 0) = 0x7f0f744ab000,,
mmap,0x7f0f744cd000, PROT_READ|PROT_EXEC, MAP_PRIVATE|MAP_FIXED|MAP_DENYWRITE,3, 0x22000) = 0x7f0f744cd000,,
mmap,0x7f0f74645000, PROT_READ, MAP_PRIVATE|MAP_FIXED|MAP_DENYWRITE,3, 0x19a000) = 0x7f0f74645000,,
mmap,0x7f0f74693000, PROT_READ|PROT_WRITE, MAP_PRIVATE|MAP_FIXED|MAP_DENYWRITE,3, 0x1e7000) = 0x7f0f74693000,,
mmap,0x7f0f74699000, PROT_READ|PROT_WRITE, MAP_PRIVATE|MAP_FIXED|MAP_ANONYMOUS,-1, 0) = 0x7f0f74699000,,
close,3)                                = 0,,,,,,
arch_prctl,ARCH_SET_FS,,,,,,
mprotect,0x7f0f74693000, PROT_READ) = 0,,,,,
mprotect,0x55e7e57df000, PROT_READ) = 0,,,,,
mprotect,0x7f0f746dd000, PROT_READ) = 0,,,,,
munmap,0x7f0f7469f000,,,,,,
openat,AT_FDCWD, O_RDONLY|O_CLOEXEC) = 3,,,,,
fstat,3, st_size=5699248, ...}) = 0,,,,
mmap,NULL, PROT_READ, MAP_PRIVATE,3, 0) = 0x7f0f73f3b000,,
close,3)                                = 0,,,,,,
brk,NULL)                               = 0x55e7e5e0c000,,,,,,
brk,0x55e7e5e2d000)                     = 0x55e7e5e2d000,,,,,,
openat,AT_FDCWD, O_RDONLY|O_CLOEXEC) = 3,,,,,
fstat,3, st_size=2996, ...}) = 0,,,,
read,3, 4096) = 2996,,,,,
read,3, 4096)                       = 0,,,,,
close,3)                                = 0,,,,,,
openat,AT_FDCWD, O_RDONLY) = -1 ENOENT (No such file or directory),,,,,
openat,AT_FDCWD, O_RDONLY) = -1 ENOENT (No such file or directory),,,,,
openat,AT_FDCWD, O_RDONLY) = -1 ENOENT (No such file or directory),,,,,
openat,AT_FDCWD, O_RDONLY) = -1 ENOENT (No such file or directory),,,,,
socket,AF_INET, IPPROTO_IP) = 3,,,,,
openat,AT_FDCWD, O_RDONLY) = 4,,,,,
fstat,4, st_size=0, ...}) = 0,,,,
read,4, 1024) = 158,,,,,
stat,/etc/resolv.conf, st_size=717, ...}) = 0,,,,
openat,AT_FDCWD, O_RDONLY|O_CLOEXEC) = 5,,,,,
fstat,5, st_size=92, ...}) = 0,,,,
read,5, 4096) = 92,,,,,
read,5, 4096)                       = 0,,,,,
close,5)                                = 0,,,,,,
openat,AT_FDCWD, O_RDONLY|O_CLOEXEC) = 5,,,,,
fstat,5, st_size=717, ...}) = 0,,,,
read,5, 4096) = 717,,,,,
read,5, 4096)                       = 0,,,,,
close,5)                                = 0,,,,,,
uname,"{sysname=""Linux""", ...}) = 0,,,,,
socket,AF_UNIX, 0) = 5,,,,,
connect,5," sun_path=""/var/run/nscd/socket""}", 110) = -1 ENOENT (No such file or directory),,,,
close,5)                                = 0,,,,,,
socket,AF_UNIX, 0) = 5,,,,,
connect,5," sun_path=""/var/run/nscd/socket""}", 110) = -1 ENOENT (No such file or directory),,,,
close,5)                                = 0,,,,,,
openat,AT_FDCWD, O_RDONLY|O_CLOEXEC) = 5,,,,,
fstat,5, st_size=542, ...}) = 0,,,,
read,5, 4096) = 542,,,,,
read,5, 4096)                       = 0,,,,,
close,5)                                = 0,,,,,,
openat,AT_FDCWD, O_RDONLY|O_CLOEXEC) = 5,,,,,
fstat,5, st_size=69600, ...}) = 0,,,,
mmap,NULL, PROT_READ, MAP_PRIVATE,5, 0) = 0x7f0f7469f000,,
close,5)                                = 0,,,,,,
openat,AT_FDCWD, O_RDONLY|O_CLOEXEC) = 5,,,,,
read,5, 832) = 832,,,,,
fstat,5, st_size=51856, ...}) = 0,,,,
mmap,NULL, PROT_READ, MAP_PRIVATE|MAP_DENYWRITE,5, 0) = 0x7f0f73f27000,,
mmap,0x7f0f73f2a000, PROT_READ|PROT_EXEC, MAP_PRIVATE|MAP_FIXED|MAP_DENYWRITE,5, 0x3000) = 0x7f0f73f2a000,,
mmap,0x7f0f73f31000, PROT_READ, MAP_PRIVATE|MAP_FIXED|MAP_DENYWRITE,5, 0xa000) = 0x7f0f73f31000,,
mmap,0x7f0f73f33000, PROT_READ|PROT_WRITE, MAP_PRIVATE|MAP_FIXED|MAP_DENYWRITE,5, 0xb000) = 0x7f0f73f33000,,
mmap,0x7f0f73f35000, PROT_READ|PROT_WRITE, MAP_PRIVATE|MAP_FIXED|MAP_ANONYMOUS,-1, 0) = 0x7f0f73f35000,,
close,5)                                = 0,,,,,,
mprotect,0x7f0f73f33000, PROT_READ) = 0,,,,,
munmap,0x7f0f7469f000,,,,,,
openat,AT_FDCWD, O_RDONLY|O_CLOEXEC) = 5,,,,,
lseek,5, SEEK_CUR)                   = 0,,,,,
fstat,5, st_size=232, ...}) = 0,,,,
read,5, 4096) = 232,,,,,
lseek,5, SEEK_CUR)                   = 232,,,,,
read,5, 4096)                       = 0,,,,,
close,5)                                = 0,,,,,,
openat,AT_FDCWD, O_RDONLY|O_CLOEXEC) = 5,,,,,
fstat,5, st_size=69600, ...}) = 0,,,,
mmap,NULL, PROT_READ, MAP_PRIVATE,5, 0) = 0x7f0f7469f000,,
close,5)                                = 0,,,,,,
openat,AT_FDCWD, O_RDONLY|O_CLOEXEC) = 5,,,,,
read,5, 832) = 832,,,,,
fstat,5, st_size=18504, ...}) = 0,,,,
mmap,NULL, PROT_READ, MAP_PRIVATE|MAP_DENYWRITE,5, 0) = 0x7f0f73f21000,,
mmap,0x7f0f73f22000, PROT_READ|PROT_EXEC, MAP_PRIVATE|MAP_FIXED|MAP_DENYWRITE,5, 0x1000) = 0x7f0f73f22000,,
mmap,0x7f0f73f24000, PROT_READ, MAP_PRIVATE|MAP_FIXED|MAP_DENYWRITE,5, 0x3000) = 0x7f0f73f24000,,
mmap,0x7f0f73f25000, PROT_READ|PROT_WRITE, MAP_PRIVATE|MAP_FIXED|MAP_DENYWRITE,5, 0x3000) = 0x7f0f73f25000,,
close,5)                                = 0,,,,,,
openat,AT_FDCWD, O_RDONLY|O_CLOEXEC) = 5,,,,,
read,5, 832) = 832,,,,,
fstat,5, st_size=101352, ...}) = 0,,,,
mmap,NULL, PROT_READ, MAP_PRIVATE|MAP_DENYWRITE,5, 0) = 0x7f0f73f05000,,
mmap,0x7f0f73f09000, PROT_READ|PROT_EXEC, MAP_PRIVATE|MAP_FIXED|MAP_DENYWRITE,5, 0x4000) = 0x7f0f73f09000,,
mmap,0x7f0f73f19000, PROT_READ, MAP_PRIVATE|MAP_FIXED|MAP_DENYWRITE,5, 0x14000) = 0x7f0f73f19000,,
mmap,0x7f0f73f1d000, PROT_READ|PROT_WRITE, MAP_PRIVATE|MAP_FIXED|MAP_DENYWRITE,5, 0x17000) = 0x7f0f73f1d000,,
mmap,0x7f0f73f1f000, PROT_READ|PROT_WRITE, MAP_PRIVATE|MAP_FIXED|MAP_ANONYMOUS,-1, 0) = 0x7f0f73f1f000,,
close,5)                                = 0,,,,,,
mprotect,0x7f0f73f1d000, PROT_READ) = 0,,,,,
mprotect,0x7f0f73f25000, PROT_READ) = 0,,,,,
munmap,0x7f0f7469f000,,,,,,
openat,AT_FDCWD, O_RDONLY|O_CLOEXEC) = 5,,,,,
fstat,5, st_size=69600, ...}) = 0,,,,
mmap,NULL, PROT_READ, MAP_PRIVATE,5, 0) = 0x7f0f7469f000,,
close,5)                                = 0,,,,,,
openat,AT_FDCWD, O_RDONLY|O_CLOEXEC) = 5,,,,,
read,5, 832) = 832,,,,,
fstat,5, st_size=27112, ...}) = 0,,,,
mmap,NULL, PROT_READ, MAP_PRIVATE|MAP_DENYWRITE,5, 0) = 0x7f0f73efd000,,
mmap,0x7f0f73efe000, PROT_READ|PROT_EXEC, MAP_PRIVATE|MAP_FIXED|MAP_DENYWRITE,5, 0x1000) = 0x7f0f73efe000,,
mmap,0x7f0f73f02000, PROT_READ, MAP_PRIVATE|MAP_FIXED|MAP_DENYWRITE,5, 0x5000) = 0x7f0f73f02000,,
mmap,0x7f0f73f03000, PROT_READ|PROT_WRITE, MAP_PRIVATE|MAP_FIXED|MAP_DENYWRITE,5, 0x5000) = 0x7f0f73f03000,,
close,5)                                = 0,,,,,,
mprotect,0x7f0f73f03000, PROT_READ) = 0,,,,,
munmap,0x7f0f7469f000,,,,,,
socket,AF_INET, IPPROTO_IP) = 5,,,,,
setsockopt,5, IP_RECVERR, [1], 4) = 0,,,
connect,5, sin_port=htons(53)," sin_addr=inet_addr(""127.0.0.53"")}", 16) = 0,,,
poll,[{fd=5,1, 0)    = 1 ([{fd=5, revents=POLLOUT}]),,,
sendto,5,50, MSG_NOSIGNAL, NULL, 0) = 50,,
poll,[{fd=5,1, 5000)  = 1 ([{fd=5, revents=POLLIN}]),,,
ioctl,5, [72])                = 0,,,,,
recvfrom,5,1024,0, {sa_family=AF_INET, sin_port=htons(53)," sin_addr=inet_addr(""127.0.0.53"")}", [28->16]) = 72
close,5)                                = 0,,,,,,
fstat,1, st_rdev=makedev(0x88, 0), ...}) = 0,,,
write,1, 59) = 59,,,,,
read,4, 1024)                       = 0,,,,,
close,4)                                = 0,,,,,,
exit_group,0)                           = ?,,,,,,
+++ exited with 0 +++,,,,,,,
