Data,,,,,,,,,
execve,/usr/bin/bc," ""sample.txt""]", 0x7ffd3a285428 /* 50 vars */) = 0,,,,,,
brk,NULL)                               = 0x562961643000,,,,,,,,
arch_prctl,0x3001 /* ARCH_??? */,,,,,,,,
access,/etc/ld.so.preload,,,,,,,,
openat,AT_FDCWD, O_RDONLY|O_CLOEXEC) = 3,,,,,,,
fstat,3, st_size=69600, ...}) = 0,,,,,,
mmap,NULL, PROT_READ, MAP_PRIVATE,3, 0) = 0x7f4696d2c000,,,,
close,3)                                = 0,,,,,,,,
openat,AT_FDCWD, O_RDONLY|O_CLOEXEC) = 3,,,,,,,
read,3, 832) = 832,,,,,,,
fstat,3, st_size=319528, ...}) = 0,,,,,,
mmap,NULL, PROT_READ|PROT_WRITE, MAP_PRIVATE|MAP_ANONYMOUS,-1, 0) = 0x7f4696d2a000,,,,
mmap,NULL, PROT_READ, MAP_PRIVATE|MAP_DENYWRITE,3, 0) = 0x7f4696cda000,,,,
mmap,0x7f4696cee000, PROT_READ|PROT_EXEC, MAP_PRIVATE|MAP_FIXED|MAP_DENYWRITE,3, 0x14000) = 0x7f4696cee000,,,,
mmap,0x7f4696d17000, PROT_READ, MAP_PRIVATE|MAP_FIXED|MAP_DENYWRITE,3, 0x3d000) = 0x7f4696d17000,,,,
mmap,0x7f4696d21000, PROT_READ|PROT_WRITE, MAP_PRIVATE|MAP_FIXED|MAP_DENYWRITE,3, 0x46000) = 0x7f4696d21000,,,,
mmap,0x7f4696d29000, PROT_READ|PROT_WRITE, MAP_PRIVATE|MAP_FIXED|MAP_ANONYMOUS,-1, 0) = 0x7f4696d29000,,,,
close,3)                                = 0,,,,,,,,
openat,AT_FDCWD, O_RDONLY|O_CLOEXEC) = 3,,,,,,,
read,3, 832) = 832,,,,,,,
pread64,3,784, 64) = 784,,,,,,
pread64,3,32, 848) = 32,,,,,,
pread64,3,68, 880) = 68,,,,,,
fstat,3, st_size=2029592, ...}) = 0,,,,,,
pread64,3,784, 64) = 784,,,,,,
pread64,3,32, 848) = 32,,,,,,
pread64,3,68, 880) = 68,,,,,,
mmap,NULL, PROT_READ, MAP_PRIVATE|MAP_DENYWRITE,3, 0) = 0x7f4696ae8000,,,,
mmap,0x7f4696b0a000, PROT_READ|PROT_EXEC, MAP_PRIVATE|MAP_FIXED|MAP_DENYWRITE,3, 0x22000) = 0x7f4696b0a000,,,,
mmap,0x7f4696c82000, PROT_READ, MAP_PRIVATE|MAP_FIXED|MAP_DENYWRITE,3, 0x19a000) = 0x7f4696c82000,,,,
mmap,0x7f4696cd0000, PROT_READ|PROT_WRITE, MAP_PRIVATE|MAP_FIXED|MAP_DENYWRITE,3, 0x1e7000) = 0x7f4696cd0000,,,,
mmap,0x7f4696cd6000, PROT_READ|PROT_WRITE, MAP_PRIVATE|MAP_FIXED|MAP_ANONYMOUS,-1, 0) = 0x7f4696cd6000,,,,
close,3)                                = 0,,,,,,,,
openat,AT_FDCWD, O_RDONLY|O_CLOEXEC) = 3,,,,,,,
read,3, 832) = 832,,,,,,,
fstat,3, st_size=192032, ...}) = 0,,,,,,
mmap,NULL, PROT_READ, MAP_PRIVATE|MAP_DENYWRITE,3, 0) = 0x7f4696ab8000,,,,
mmap,0x7f4696ac6000, PROT_READ|PROT_EXEC, MAP_PRIVATE|MAP_FIXED|MAP_DENYWRITE,3, 0xe000) = 0x7f4696ac6000,,,,
mmap,0x7f4696ad5000, PROT_READ, MAP_PRIVATE|MAP_FIXED|MAP_DENYWRITE,3, 0x1d000) = 0x7f4696ad5000,,,,
mmap,0x7f4696ae3000, PROT_READ|PROT_WRITE, MAP_PRIVATE|MAP_FIXED|MAP_DENYWRITE,3, 0x2a000) = 0x7f4696ae3000,,,,
close,3)                                = 0,,,,,,,,
mmap,NULL, PROT_READ|PROT_WRITE, MAP_PRIVATE|MAP_ANONYMOUS,-1, 0) = 0x7f4696ab5000,,,,
arch_prctl,ARCH_SET_FS,,,,,,,,
mprotect,0x7f4696cd0000, PROT_READ) = 0,,,,,,,
mprotect,0x7f4696ae3000, PROT_READ) = 0,,,,,,,
mprotect,0x7f4696d21000, PROT_READ) = 0,,,,,,,
mprotect,0x562960e16000, PROT_READ) = 0,,,,,,,
mprotect,0x7f4696d6a000, PROT_READ) = 0,,,,,,,
munmap,0x7f4696d2c000,,,,,,,,
ioctl,0, {B38400 opost isig icanon echo ...}) = 0,,,,,,,
ioctl,1, {B38400 opost isig icanon echo ...}) = 0,,,,,,,
brk,NULL)                               = 0x562961643000,,,,,,,,
brk,0x562961664000)                     = 0x562961664000,,,,,,,,
rt_sigaction,SIGINT, sa_mask=[INT], sa_flags=SA_RESTORER|SA_RESTART, sa_restorer=0x7f4696b2b090}, {sa_handler=SIG_DFL, sa_mask=[], sa_flags=0}, 8) = 0,
openat,AT_FDCWD, O_RDONLY) = 3,,,,,,,
fstat,1, st_rdev=makedev(0x88, 0), ...}) = 0,,,,,
write,1, 10)             = 10,,,,,,,
write,1,1997,1998,"..., 98) = 98
write(1, This is free software with ABSOL""...", 51) = 51,,,,
write,1, 30) = 30,,,,,,,
ioctl,3, 0x7ffe4c971490)        = -1 ENOTTY (Inappropriate ioctl for device),,,,,,,
read,3, 8192) = 71,,,,,,,
rt_sigaction,SIGINT, sa_mask=[INT], sa_flags=SA_RESTORER|SA_RESTART, sa_restorer=0x7f4696b2b090}, {sa_handler=0x562960e018a0, sa_mask=[INT], sa_flags=SA_RESTORER|SA_RESTART, sa_restorer=0x7f4696b2b090}, 8) = 0
write,1, 2)                      = 2,,,,,,,
rt_sigaction,SIGINT, sa_mask=[INT], sa_flags=SA_RESTORER|SA_RESTART, sa_restorer=0x7f4696b2b090}, {sa_handler=0x562960e053a0, sa_mask=[INT], sa_flags=SA_RESTORER|SA_RESTART, sa_restorer=0x7f4696b2b090}, 8) = 0
rt_sigaction,SIGINT, sa_mask=[INT], sa_flags=SA_RESTORER|SA_RESTART, sa_restorer=0x7f4696b2b090}, {sa_handler=0x562960e018a0, sa_mask=[INT], sa_flags=SA_RESTORER|SA_RESTART, sa_restorer=0x7f4696b2b090}, 8) = 0
write,1, 2)                      = 2,,,,,,,
rt_sigaction,SIGINT, sa_mask=[INT], sa_flags=SA_RESTORER|SA_RESTART, sa_restorer=0x7f4696b2b090}, {sa_handler=0x562960e053a0, sa_mask=[INT], sa_flags=SA_RESTORER|SA_RESTART, sa_restorer=0x7f4696b2b090}, 8) = 0
rt_sigaction,SIGINT, sa_mask=[INT], sa_flags=SA_RESTORER|SA_RESTART, sa_restorer=0x7f4696b2b090}, {sa_handler=0x562960e018a0, sa_mask=[INT], sa_flags=SA_RESTORER|SA_RESTART, sa_restorer=0x7f4696b2b090}, 8) = 0
write,1, 2)                      = 2,,,,,,,
rt_sigaction,SIGINT, sa_mask=[INT], sa_flags=SA_RESTORER|SA_RESTART, sa_restorer=0x7f4696b2b090}, {sa_handler=0x562960e053a0, sa_mask=[INT], sa_flags=SA_RESTORER|SA_RESTART, sa_restorer=0x7f4696b2b090}, 8) = 0
rt_sigaction,SIGINT, sa_mask=[INT], sa_flags=SA_RESTORER|SA_RESTART, sa_restorer=0x7f4696b2b090}, {sa_handler=0x562960e018a0, sa_mask=[INT], sa_flags=SA_RESTORER|SA_RESTART, sa_restorer=0x7f4696b2b090}, 8) = 0
write,1, 2)                      = 2,,,,,,,
rt_sigaction,SIGINT, sa_mask=[INT], sa_flags=SA_RESTORER|SA_RESTART, sa_restorer=0x7f4696b2b090}, {sa_handler=0x562960e053a0, sa_mask=[INT], sa_flags=SA_RESTORER|SA_RESTART, sa_restorer=0x7f4696b2b090}, 8) = 0
rt_sigaction,SIGINT, sa_mask=[INT], sa_flags=SA_RESTORER|SA_RESTART, sa_restorer=0x7f4696b2b090}, {sa_handler=0x562960e018a0, sa_mask=[INT], sa_flags=SA_RESTORER|SA_RESTART, sa_restorer=0x7f4696b2b090}, 8) = 0
write,1, 2)                      = 2,,,,,,,
rt_sigaction,SIGINT, sa_mask=[INT], sa_flags=SA_RESTORER|SA_RESTART, sa_restorer=0x7f4696b2b090}, {sa_handler=0x562960e053a0, sa_mask=[INT], sa_flags=SA_RESTORER|SA_RESTART, sa_restorer=0x7f4696b2b090}, 8) = 0
rt_sigaction,SIGINT, sa_mask=[INT], sa_flags=SA_RESTORER|SA_RESTART, sa_restorer=0x7f4696b2b090}, {sa_handler=0x562960e018a0, sa_mask=[INT], sa_flags=SA_RESTORER|SA_RESTART, sa_restorer=0x7f4696b2b090}, 8) = 0
write,1, 2)                      = 2,,,,,,,
rt_sigaction,SIGINT, sa_mask=[INT], sa_flags=SA_RESTORER|SA_RESTART, sa_restorer=0x7f4696b2b090}, {sa_handler=0x562960e053a0, sa_mask=[INT], sa_flags=SA_RESTORER|SA_RESTART, sa_restorer=0x7f4696b2b090}, 8) = 0
rt_sigaction,SIGINT, sa_mask=[INT], sa_flags=SA_RESTORER|SA_RESTART, sa_restorer=0x7f4696b2b090}, {sa_handler=0x562960e018a0, sa_mask=[INT], sa_flags=SA_RESTORER|SA_RESTART, sa_restorer=0x7f4696b2b090}, 8) = 0
write,1, 2)                      = 2,,,,,,,
rt_sigaction,SIGINT, sa_mask=[INT], sa_flags=SA_RESTORER|SA_RESTART, sa_restorer=0x7f4696b2b090}, {sa_handler=0x562960e053a0, sa_mask=[INT], sa_flags=SA_RESTORER|SA_RESTART, sa_restorer=0x7f4696b2b090}, 8) = 0
write,2, 14)          = 14,,,,,,,
write,2, 12)            = 12,,,,,,,
write,2, 1)                       = 1,,,,,,,
read,3, 8192)                       = 0,,,,,,,
ioctl,3, 0x7ffe4c971450)        = -1 ENOTTY (Inappropriate ioctl for device),,,,,,,
close,3)                                = 0,,,,,,,,
ioctl,0, {B38400 opost isig icanon echo ...}) = 0,,,,,,,
ioctl,1, {B38400 opost isig icanon echo ...}) = 0,,,,,,,
stat,/home/keshav/.terminfo,,,,,,,,
stat,/etc/terminfo, st_size=4096, ...}) = 0,,,,,,
stat,/lib/terminfo, st_size=4096, ...}) = 0,,,,,,
stat,/usr/share/terminfo, st_size=4096, ...}) = 0,,,,,,
access,/etc/terminfo/x/xterm-256color,,,,,,,,
access,/lib/terminfo/x/xterm-256color,,,,,,,,
openat,AT_FDCWD, O_RDONLY) = 3,,,,,,,
fstat,3, st_size=3503, ...}) = 0,,,,,,
read,3, 32768) = 3503,,,,,,,
read,3, 28672)                      = 0,,,,,,,
close,3)                                = 0,,,,,,,,
ioctl,1, {B38400 opost isig icanon echo ...}) = 0,,,,,,,
ioctl,1, {B38400 opost isig icanon echo ...}) = 0,,,,,,,
ioctl,1, {B38400 opost isig icanon echo ...}) = 0,,,,,,,
ioctl,1, {B38400 opost isig icanon echo ...}) = 0,,,,,,,
ioctl,1, {ws_row=23, ws_col=79, ws_xpixel=0, ws_ypixel=0}) = 0,,,,
ioctl,0, {ws_row=23, ws_col=79, ws_xpixel=0, ws_ypixel=0}) = 0,,,,
brk,0x562961685000)                     = 0x562961685000,,,,,,,,
ioctl,0, {ws_row=23, ws_col=79, ws_xpixel=0, ws_ypixel=0}) = 0,,,,
ioctl,0, {ws_row=23, ws_col=79, ws_xpixel=0, ws_ypixel=0}) = 0,,,,
ioctl,0, {B38400 opost isig icanon echo ...}) = 0,,,,,,,
openat,AT_FDCWD, O_RDONLY|O_CLOEXEC) = 3,,,,,,,
fstat,3, st_size=5699248, ...}) = 0,,,,,,
mmap,NULL, PROT_READ, MAP_PRIVATE,3, 0) = 0x7f4696545000,,,,
close,3)                                = 0,,,,,,,,
openat,AT_FDCWD, O_RDONLY) = -1 ENOENT (No such file or directory),,,,,,,
openat,AT_FDCWD, O_RDONLY) = 3,,,,,,,
fstat,3, st_size=1748, ...}) = 0,,,,,,
read,3, 1748) = 1748,,,,,,,
close,3)                                = 0,,,,,,,,
ioctl,0, {ws_row=23, ws_col=79, ws_xpixel=0, ws_ypixel=0}) = 0,,,,
ioctl,0, {ws_row=23, ws_col=79, ws_xpixel=0, ws_ypixel=0}) = 0,,,,
ioctl,0, {B38400 opost isig icanon echo ...}) = 0,,,,,,,
ioctl,0, {B38400 opost isig icanon echo ...}) = 0,,,,,,,
ioctl,0, {B38400 opost isig -icanon -echo ...}) = 0,,,,,,,
ioctl,0, {B38400 opost isig -icanon -echo ...}) = 0,,,,,,,
rt_sigprocmask,SIG_BLOCK, [], 8) = 0,,,,,,
rt_sigaction,SIGINT, sa_mask=[], sa_flags=SA_RESTORER, sa_restorer=0x7f4696b2b090}, {sa_handler=0x562960e018a0, sa_mask=[INT], sa_flags=SA_RESTORER|SA_RESTART, sa_restorer=0x7f4696b2b090}, 8) = 0
rt_sigaction,SIGTERM, sa_mask=[], sa_flags=SA_RESTORER, sa_restorer=0x7f4696b2b090}, {sa_handler=SIG_DFL, sa_mask=[], sa_flags=0}, 8) = 0,
rt_sigaction,SIGHUP, sa_mask=[], sa_flags=SA_RESTORER, sa_restorer=0x7f4696b2b090}, {sa_handler=SIG_DFL, sa_mask=[], sa_flags=0}, 8) = 0,
rt_sigaction,SIGQUIT, sa_mask=[], sa_flags=SA_RESTORER, sa_restorer=0x7f4696b2b090}, {sa_handler=SIG_DFL, sa_mask=[], sa_flags=0}, 8) = 0,
rt_sigaction,SIGALRM, sa_mask=[], sa_flags=SA_RESTORER, sa_restorer=0x7f4696b2b090}, {sa_handler=SIG_DFL, sa_mask=[], sa_flags=0}, 8) = 0,
rt_sigaction,SIGTSTP, sa_mask=[], sa_flags=SA_RESTORER, sa_restorer=0x7f4696b2b090}, {sa_handler=SIG_DFL, sa_mask=[], sa_flags=0}, 8) = 0,
rt_sigaction,SIGTTOU, sa_mask=[], sa_flags=SA_RESTORER, sa_restorer=0x7f4696b2b090}, {sa_handler=SIG_DFL, sa_mask=[], sa_flags=0}, 8) = 0,
rt_sigaction,SIGTTIN, sa_mask=[], sa_flags=SA_RESTORER, sa_restorer=0x7f4696b2b090}, {sa_handler=SIG_DFL, sa_mask=[], sa_flags=0}, 8) = 0,
rt_sigprocmask,SIG_SETMASK, NULL, 8) = 0,,,,,,
rt_sigaction,SIGWINCH, sa_mask=[], sa_flags=SA_RESTORER|SA_RESTART, sa_restorer=0x7f4696b2b090}, {sa_handler=SIG_DFL, sa_mask=[], sa_flags=0}, 8) = 0,
pselect6,1, NULL, NULL, NULL, {[], 8},,,
