Data,,,,,
execve,/usr/bin/cal," ""december"""," ""2010""]", 0x7ffedb3de9d0 /* 50 vars */) = 0,
brk,NULL)                               = 0x557c11c8b000,,,,
arch_prctl,0x3001 /* ARCH_??? */,,,,
access,/etc/ld.so.preload,,,,
openat,AT_FDCWD, O_RDONLY|O_CLOEXEC) = 3,,,
fstat,3, st_size=69600, ...}) = 0,,
mmap,NULL, PROT_READ, MAP_PRIVATE,3, 0) = 0x7f82b93c3000
close,3)                                = 0,,,,
openat,AT_FDCWD, O_RDONLY|O_CLOEXEC) = 3,,,
read,3, 832) = 832,,,
fstat,3, st_size=192032, ...}) = 0,,
mmap,NULL, PROT_READ|PROT_WRITE, MAP_PRIVATE|MAP_ANONYMOUS,-1, 0) = 0x7f82b93c1000
mmap,NULL, PROT_READ, MAP_PRIVATE|MAP_DENYWRITE,3, 0) = 0x7f82b9391000
mmap,0x7f82b939f000, PROT_READ|PROT_EXEC, MAP_PRIVATE|MAP_FIXED|MAP_DENYWRITE,3, 0xe000) = 0x7f82b939f000
mmap,0x7f82b93ae000, PROT_READ, MAP_PRIVATE|MAP_FIXED|MAP_DENYWRITE,3, 0x1d000) = 0x7f82b93ae000
mmap,0x7f82b93bc000, PROT_READ|PROT_WRITE, MAP_PRIVATE|MAP_FIXED|MAP_DENYWRITE,3, 0x2a000) = 0x7f82b93bc000
close,3)                                = 0,,,,
openat,AT_FDCWD, O_RDONLY|O_CLOEXEC) = 3,,,
read,3, 832) = 832,,,
pread64,3,784, 64) = 784,,
pread64,3,32, 848) = 32,,
pread64,3,68, 880) = 68,,
fstat,3, st_size=2029592, ...}) = 0,,
pread64,3,784, 64) = 784,,
pread64,3,32, 848) = 32,,
pread64,3,68, 880) = 68,,
mmap,NULL, PROT_READ, MAP_PRIVATE|MAP_DENYWRITE,3, 0) = 0x7f82b919f000
mmap,0x7f82b91c1000, PROT_READ|PROT_EXEC, MAP_PRIVATE|MAP_FIXED|MAP_DENYWRITE,3, 0x22000) = 0x7f82b91c1000
mmap,0x7f82b9339000, PROT_READ, MAP_PRIVATE|MAP_FIXED|MAP_DENYWRITE,3, 0x19a000) = 0x7f82b9339000
mmap,0x7f82b9387000, PROT_READ|PROT_WRITE, MAP_PRIVATE|MAP_FIXED|MAP_DENYWRITE,3, 0x1e7000) = 0x7f82b9387000
mmap,0x7f82b938d000, PROT_READ|PROT_WRITE, MAP_PRIVATE|MAP_FIXED|MAP_ANONYMOUS,-1, 0) = 0x7f82b938d000
close,3)                                = 0,,,,
mmap,NULL, PROT_READ|PROT_WRITE, MAP_PRIVATE|MAP_ANONYMOUS,-1, 0) = 0x7f82b919c000
arch_prctl,ARCH_SET_FS,,,,
mprotect,0x7f82b9387000, PROT_READ) = 0,,,
mprotect,0x7f82b93bc000, PROT_READ) = 0,,,
mprotect,0x557c0fe4b000, PROT_READ) = 0,,,
mprotect,0x7f82b9401000, PROT_READ) = 0,,,
munmap,0x7f82b93c3000,,,,
openat,AT_FDCWD, O_RDONLY|O_CLOEXEC) = 3,,,
fstat,3, st_size=5699248, ...}) = 0,,
mmap,NULL, PROT_READ, MAP_PRIVATE,3, 0) = 0x7f82b8c2c000
close,3)                                = 0,,,,
brk,NULL)                               = 0x557c11c8b000,,,,
brk,0x557c11cac000)                     = 0x557c11cac000,,,,
openat,AT_FDCWD, O_RDONLY|O_CLOEXEC) = 3,,,
fstat,3, st_size=303, ...}) = 0,,
fstat,3, st_size=303, ...}) = 0,,
read,3, 4096) = 303,,,
lseek,3, SEEK_CUR)                = 124,,,
read,3, 4096) = 179,,,
close,3)                                = 0,,,,
openat,AT_FDCWD, O_RDONLY) = 3,,,
fstat,3, st_size=27002, ...}) = 0,,
mmap,NULL, PROT_READ, MAP_SHARED,3, 0) = 0x7f82b93cd000
close,3)                                = 0,,,,
fstat,1, st_rdev=makedev(0x88, 0), ...}) = 0,
write,1, 16)        = 16,,,
write,1, 7)                 = 7,,,
write,1, 16)        = 16,,,
write,1, 7)                 = 7,,,
write,1, 16)        = 16,,,
write,1, 7)                 = 7,,,
write,1, 16)        = 16,,,
write,1, 7)                 = 7,,,
write,1, 16)        = 16,,,
write,1, 7)                 = 7,,,
write,1, 16)        = 16,,,
write,1, 7)                 = 7,,,
write,1, 16)        = 16,,,
write,1, 7)                 = 7,,,
write,1, 16)        = 16,,,
write,1, 7)                 = 7,,,
exit_group,0)                           = ?,,,,
+++ exited with 0 +++,,,,,
