Data,,,,,,,,,,,,,,,,,,
execve,/usr/bin/chage," ""-l"""," ""root""]", 0x7ffcc06cc6c0 /* 50 vars */) = 0,,,,,,,,,,,,,,
access,/etc/suid-debug,,,,,,,,,,,,,,,,,
brk,NULL)                               = 0x55b1780ce000,,,,,,,,,,,,,,,,,
arch_prctl,0x3001 /* ARCH_??? */,,,,,,,,,,,,,,,,,
fcntl,0,,,,,,,,,,,,,,,,,
fcntl,1,,,,,,,,,,,,,,,,,
fcntl,2,,,,,,,,,,,,,,,,,
access,/etc/suid-debug,,,,,,,,,,,,,,,,,
access,/etc/ld.so.preload,,,,,,,,,,,,,,,,,
openat,AT_FDCWD, O_RDONLY|O_CLOEXEC) = 3,,,,,,,,,,,,,,,,
fstat,3, st_size=69600, ...}) = 0,,,,,,,,,,,,,,,
mmap,NULL, PROT_READ, MAP_PRIVATE,3, 0) = 0x7f6ca5ad0000,,,,,,,,,,,,,
close,3)                                = 0,,,,,,,,,,,,,,,,,
openat,AT_FDCWD, O_RDONLY|O_CLOEXEC) = 3,,,,,,,,,,,,,,,,
read,3, 832) = 832,,,,,,,,,,,,,,,,
fstat,3, st_size=133200, ...}) = 0,,,,,,,,,,,,,,,
mmap,NULL, PROT_READ|PROT_WRITE, MAP_PRIVATE|MAP_ANONYMOUS,-1, 0) = 0x7f6ca5ace000,,,,,,,,,,,,,
mmap,NULL, PROT_READ, MAP_PRIVATE|MAP_DENYWRITE,3, 0) = 0x7f6ca5aa2000,,,,,,,,,,,,,
mprotect,0x7f6ca5aa5000, PROT_NONE) = 0,,,,,,,,,,,,,,,,
mmap,0x7f6ca5aa5000, PROT_READ|PROT_EXEC, MAP_PRIVATE|MAP_FIXED|MAP_DENYWRITE,3, 0x3000) = 0x7f6ca5aa5000,,,,,,,,,,,,,
mmap,0x7f6ca5aad000, PROT_READ, MAP_PRIVATE|MAP_FIXED|MAP_DENYWRITE,3, 0xb000) = 0x7f6ca5aad000,,,,,,,,,,,,,
mmap,0x7f6ca5ac2000, PROT_READ|PROT_WRITE, MAP_PRIVATE|MAP_FIXED|MAP_DENYWRITE,3, 0x1f000) = 0x7f6ca5ac2000,,,,,,,,,,,,,
mmap,0x7f6ca5ac4000, PROT_READ|PROT_WRITE, MAP_PRIVATE|MAP_FIXED|MAP_ANONYMOUS,-1, 0) = 0x7f6ca5ac4000,,,,,,,,,,,,,
close,3)                                = 0,,,,,,,,,,,,,,,,,
openat,AT_FDCWD, O_RDONLY|O_CLOEXEC) = 3,,,,,,,,,,,,,,,,
read,3, 832) = 832,,,,,,,,,,,,,,,,
fstat,3, st_size=163200, ...}) = 0,,,,,,,,,,,,,,,
mmap,NULL, PROT_READ, MAP_PRIVATE|MAP_DENYWRITE,3, 0) = 0x7f6ca5a77000,,,,,,,,,,,,,
mprotect,0x7f6ca5a7d000, PROT_NONE) = 0,,,,,,,,,,,,,,,,
mmap,0x7f6ca5a7d000, PROT_READ|PROT_EXEC, MAP_PRIVATE|MAP_FIXED|MAP_DENYWRITE,3, 0x6000) = 0x7f6ca5a7d000,,,,,,,,,,,,,
mmap,0x7f6ca5a96000, PROT_READ, MAP_PRIVATE|MAP_FIXED|MAP_DENYWRITE,3, 0x1f000) = 0x7f6ca5a96000,,,,,,,,,,,,,
mmap,0x7f6ca5a9e000, PROT_READ|PROT_WRITE, MAP_PRIVATE|MAP_FIXED|MAP_DENYWRITE,3, 0x26000) = 0x7f6ca5a9e000,,,,,,,,,,,,,
mmap,0x7f6ca5aa0000, PROT_READ|PROT_WRITE, MAP_PRIVATE|MAP_FIXED|MAP_ANONYMOUS,-1, 0) = 0x7f6ca5aa0000,,,,,,,,,,,,,
close,3)                                = 0,,,,,,,,,,,,,,,,,
openat,AT_FDCWD, O_RDONLY|O_CLOEXEC) = 3,,,,,,,,,,,,,,,,
read,3, 832) = 832,,,,,,,,,,,,,,,,
pread64,3,784, 64) = 784,,,,,,,,,,,,,,,
pread64,3,32, 848) = 32,,,,,,,,,,,,,,,
pread64,3,68, 880) = 68,,,,,,,,,,,,,,,
fstat,3, st_size=2029592, ...}) = 0,,,,,,,,,,,,,,,
pread64,3,784, 64) = 784,,,,,,,,,,,,,,,
pread64,3,32, 848) = 32,,,,,,,,,,,,,,,
pread64,3,68, 880) = 68,,,,,,,,,,,,,,,
mmap,NULL, PROT_READ, MAP_PRIVATE|MAP_DENYWRITE,3, 0) = 0x7f6ca5885000,,,,,,,,,,,,,
mmap,0x7f6ca58a7000, PROT_READ|PROT_EXEC, MAP_PRIVATE|MAP_FIXED|MAP_DENYWRITE,3, 0x22000) = 0x7f6ca58a7000,,,,,,,,,,,,,
mmap,0x7f6ca5a1f000, PROT_READ, MAP_PRIVATE|MAP_FIXED|MAP_DENYWRITE,3, 0x19a000) = 0x7f6ca5a1f000,,,,,,,,,,,,,
mmap,0x7f6ca5a6d000, PROT_READ|PROT_WRITE, MAP_PRIVATE|MAP_FIXED|MAP_DENYWRITE,3, 0x1e7000) = 0x7f6ca5a6d000,,,,,,,,,,,,,
mmap,0x7f6ca5a73000, PROT_READ|PROT_WRITE, MAP_PRIVATE|MAP_FIXED|MAP_ANONYMOUS,-1, 0) = 0x7f6ca5a73000,,,,,,,,,,,,,
close,3)                                = 0,,,,,,,,,,,,,,,,,
openat,AT_FDCWD, O_RDONLY|O_CLOEXEC) = 3,,,,,,,,,,,,,,,,
read,3, 832) = 832,,,,,,,,,,,,,,,,
fstat,3, st_size=27064, ...}) = 0,,,,,,,,,,,,,,,
mmap,NULL, PROT_READ, MAP_PRIVATE|MAP_DENYWRITE,3, 0) = 0x7f6ca587d000,,,,,,,,,,,,,
mmap,0x7f6ca587f000, PROT_READ|PROT_EXEC, MAP_PRIVATE|MAP_FIXED|MAP_DENYWRITE,3, 0x2000) = 0x7f6ca587f000,,,,,,,,,,,,,
mmap,0x7f6ca5882000, PROT_READ, MAP_PRIVATE|MAP_FIXED|MAP_DENYWRITE,3, 0x5000) = 0x7f6ca5882000,,,,,,,,,,,,,
mmap,0x7f6ca5883000, PROT_READ|PROT_WRITE, MAP_PRIVATE|MAP_FIXED|MAP_DENYWRITE,3, 0x5000) = 0x7f6ca5883000,,,,,,,,,,,,,
close,3)                                = 0,,,,,,,,,,,,,,,,,
openat,AT_FDCWD, O_RDONLY|O_CLOEXEC) = 3,,,,,,,,,,,,,,,,
read,3, 832) = 832,,,,,,,,,,,,,,,,
fstat,3, st_size=588488, ...}) = 0,,,,,,,,,,,,,,,
mmap,NULL, PROT_READ, MAP_PRIVATE|MAP_DENYWRITE,3, 0) = 0x7f6ca57ec000,,,,,,,,,,,,,
mmap,0x7f6ca57ee000, PROT_READ|PROT_EXEC, MAP_PRIVATE|MAP_FIXED|MAP_DENYWRITE,3, 0x2000) = 0x7f6ca57ee000,,,,,,,,,,,,,
mmap,0x7f6ca5853000, PROT_READ, MAP_PRIVATE|MAP_FIXED|MAP_DENYWRITE,3, 0x67000) = 0x7f6ca5853000,,,,,,,,,,,,,
mmap,0x7f6ca587b000, PROT_READ|PROT_WRITE, MAP_PRIVATE|MAP_FIXED|MAP_DENYWRITE,3, 0x8e000) = 0x7f6ca587b000,,,,,,,,,,,,,
close,3)                                = 0,,,,,,,,,,,,,,,,,
openat,AT_FDCWD, O_RDONLY|O_CLOEXEC) = 3,,,,,,,,,,,,,,,,
read,3, 832) = 832,,,,,,,,,,,,,,,,
fstat,3, st_size=18848, ...}) = 0,,,,,,,,,,,,,,,
mmap,NULL, PROT_READ, MAP_PRIVATE|MAP_DENYWRITE,3, 0) = 0x7f6ca57e6000,,,,,,,,,,,,,
mmap,0x7f6ca57e7000, PROT_READ|PROT_EXEC, MAP_PRIVATE|MAP_FIXED|MAP_DENYWRITE,3, 0x1000) = 0x7f6ca57e7000,,,,,,,,,,,,,
mmap,0x7f6ca57e9000, PROT_READ, MAP_PRIVATE|MAP_FIXED|MAP_DENYWRITE,3, 0x3000) = 0x7f6ca57e9000,,,,,,,,,,,,,
mmap,0x7f6ca57ea000, PROT_READ|PROT_WRITE, MAP_PRIVATE|MAP_FIXED|MAP_DENYWRITE,3, 0x3000) = 0x7f6ca57ea000,,,,,,,,,,,,,
close,3)                                = 0,,,,,,,,,,,,,,,,,
openat,AT_FDCWD, O_RDONLY|O_CLOEXEC) = 3,,,,,,,,,,,,,,,,
read,3, 832) = 832,,,,,,,,,,,,,,,,
pread64,3,68, 824) = 68,,,,,,,,,,,,,,,
fstat,3, st_size=157224, ...}) = 0,,,,,,,,,,,,,,,
mmap,NULL, PROT_READ|PROT_WRITE, MAP_PRIVATE|MAP_ANONYMOUS,-1, 0) = 0x7f6ca57e4000,,,,,,,,,,,,,
pread64,3,68, 824) = 68,,,,,,,,,,,,,,,
mmap,NULL, PROT_READ, MAP_PRIVATE|MAP_DENYWRITE,3, 0) = 0x7f6ca57c1000,,,,,,,,,,,,,
mmap,0x7f6ca57c7000, PROT_READ|PROT_EXEC, MAP_PRIVATE|MAP_FIXED|MAP_DENYWRITE,3, 0x6000) = 0x7f6ca57c7000,,,,,,,,,,,,,
mmap,0x7f6ca57d8000, PROT_READ, MAP_PRIVATE|MAP_FIXED|MAP_DENYWRITE,3, 0x17000) = 0x7f6ca57d8000,,,,,,,,,,,,,
mmap,0x7f6ca57de000, PROT_READ|PROT_WRITE, MAP_PRIVATE|MAP_FIXED|MAP_DENYWRITE,3, 0x1c000) = 0x7f6ca57de000,,,,,,,,,,,,,
mmap,0x7f6ca57e0000, PROT_READ|PROT_WRITE, MAP_PRIVATE|MAP_FIXED|MAP_ANONYMOUS,-1, 0) = 0x7f6ca57e0000,,,,,,,,,,,,,
close,3)                                = 0,,,,,,,,,,,,,,,,,
mmap,NULL, PROT_READ|PROT_WRITE, MAP_PRIVATE|MAP_ANONYMOUS,-1, 0) = 0x7f6ca57be000,,,,,,,,,,,,,
arch_prctl,ARCH_SET_FS,,,,,,,,,,,,,,,,,
mprotect,0x7f6ca5a6d000, PROT_READ) = 0,,,,,,,,,,,,,,,,
mprotect,0x7f6ca57de000, PROT_READ) = 0,,,,,,,,,,,,,,,,
mprotect,0x7f6ca57ea000, PROT_READ) = 0,,,,,,,,,,,,,,,,
mprotect,0x7f6ca587b000, PROT_READ) = 0,,,,,,,,,,,,,,,,
mprotect,0x7f6ca5883000, PROT_READ) = 0,,,,,,,,,,,,,,,,
mprotect,0x7f6ca5a9e000, PROT_READ) = 0,,,,,,,,,,,,,,,,
mprotect,0x7f6ca5ac2000, PROT_READ) = 0,,,,,,,,,,,,,,,,
mprotect,0x55b17654e000, PROT_READ) = 0,,,,,,,,,,,,,,,,
mprotect,0x7f6ca5b0e000, PROT_READ) = 0,,,,,,,,,,,,,,,,
munmap,0x7f6ca5ad0000,,,,,,,,,,,,,,,,,
set_tid_address,0x7f6ca57beb10)         = 3604,,,,,,,,,,,,,,,,,
set_robust_list,0x7f6ca57beb20,,,,,,,,,,,,,,,,,
rt_sigaction,SIGRTMIN, sa_mask=[], sa_flags=SA_RESTORER|SA_SIGINFO, sa_restorer=0x7f6ca57d5420}, NULL, 8) = 0,,,,,,,,,,,,
rt_sigaction,SIGRT_1, sa_mask=[], sa_flags=SA_RESTORER|SA_RESTART|SA_SIGINFO, sa_restorer=0x7f6ca57d5420}, NULL, 8) = 0,,,,,,,,,,,,
rt_sigprocmask,SIG_UNBLOCK, NULL, 8) = 0,,,,,,,,,,,,,,,
prlimit64,0, NULL, {rlim_cur=8192*1024, rlim_max=RLIM64_INFINITY}) = 0,,,,,,,,,,,,,,
statfs,/sys/fs/selinux,,,,,,,,,,,,,,,,,
statfs,/selinux,,,,,,,,,,,,,,,,,
brk,NULL)                               = 0x55b1780ce000,,,,,,,,,,,,,,,,,
brk,0x55b1780ef000)                     = 0x55b1780ef000,,,,,,,,,,,,,,,,,
openat,AT_FDCWD, O_RDONLY|O_CLOEXEC) = 3,,,,,,,,,,,,,,,,
fstat,3, st_size=0, ...}) = 0,,,,,,,,,,,,,,,
read,3, 1024) = 387,,,,,,,,,,,,,,,,
read,3, 1024)                       = 0,,,,,,,,,,,,,,,,
close,3)                                = 0,,,,,,,,,,,,,,,,,
access,/etc/selinux/config,,,,,,,,,,,,,,,,,
openat,AT_FDCWD, O_RDONLY|O_CLOEXEC) = 3,,,,,,,,,,,,,,,,
fstat,3, st_size=5699248, ...}) = 0,,,,,,,,,,,,,,,
mmap,NULL, PROT_READ, MAP_PRIVATE,3, 0) = 0x7f6ca524e000,,,,,,,,,,,,,
close,3)                                = 0,,,,,,,,,,,,,,,,,
socket,AF_NETLINK, NETLINK_AUDIT) = 3,,,,,,,,,,,,,,,,
fcntl,3, FD_CLOEXEC)           = 0,,,,,,,,,,,,,,,,
getuid,)                                = 1000,,,,,,,,,,,,,,,,,
getgid,)                                = 1000,,,,,,,,,,,,,,,,,
openat,AT_FDCWD, O_RDONLY) = 4,,,,,,,,,,,,,,,,
fstat,4, st_size=10550, ...}) = 0,,,,,,,,,,,,,,,
read,4, 4096) = 4096,,,,,,,,,,,,,,,,
read,4, 4096) = 4096,,,,,,,,,,,,,,,,
read,4, 4096) = 2358,,,,,,,,,,,,,,,,
read,4, 4096)                       = 0,,,,,,,,,,,,,,,,
close,4)                                = 0,,,,,,,,,,,,,,,,,
access,/etc/shadow,,,,,,,,,,,,,,,,,
openat,AT_FDCWD, O_RDONLY|O_NOCTTY|O_NONBLOCK|O_NOFOLLOW) = 4,,,,,,,,,,,,,,,,
fcntl,4,,,,,,,,,,,,,,,,,
fcntl,4, FD_CLOEXEC)           = 0,,,,,,,,,,,,,,,,
fstat,4, st_size=2976, ...}) = 0,,,,,,,,,,,,,,,
read,4, 4096) = 2976,,,,,,,,,,,,,,,,
read,4, 4096)                       = 0,,,,,,,,,,,,,,,,
openat,AT_FDCWD, O_RDONLY|O_NOCTTY|O_NONBLOCK|O_NOFOLLOW) = -1 EACCES (Permission denied),,,,,,,,,,,,,,,,
openat,AT_FDCWD, O_RDONLY|O_CLOEXEC) = 5,,,,,,,,,,,,,,,,
fstat,5, st_size=2996, ...}) = 0,,,,,,,,,,,,,,,
read,5, 4096) = 2996,,,,,,,,,,,,,,,,
read,5, 4096)                       = 0,,,,,,,,,,,,,,,,
close,5)                                = 0,,,,,,,,,,,,,,,,,
openat,AT_FDCWD, O_RDONLY) = -1 ENOENT (No such file or directory),,,,,,,,,,,,,,,,
openat,AT_FDCWD, O_RDONLY) = -1 ENOENT (No such file or directory),,,,,,,,,,,,,,,,
openat,AT_FDCWD, O_RDONLY) = -1 ENOENT (No such file or directory),,,,,,,,,,,,,,,,
openat,AT_FDCWD, O_RDONLY) = -1 ENOENT (No such file or directory),,,,,,,,,,,,,,,,
write,2, 31) = 31,,,,,,,,,,,,,,,,
openat,AT_FDCWD, O_RDONLY|O_CLOEXEC) = 5,,,,,,,,,,,,,,,,
fstat,5, st_size=303, ...}) = 0,,,,,,,,,,,,,,,
fstat,5, st_size=303, ...}) = 0,,,,,,,,,,,,,,,
read,5, 4096) = 303,,,,,,,,,,,,,,,,
lseek,5, SEEK_CUR)                = 124,,,,,,,,,,,,,,,,
read,5, 4096) = 179,,,,,,,,,,,,,,,,
close,5)                                = 0,,,,,,,,,,,,,,,,,
getpid,)                                = 3604,,,,,,,,,,,,,,,,,
socket,AF_UNIX, 0) = 5,,,,,,,,,,,,,,,,
connect,5," sun_path=""/dev/log""}", 110) = 0,,,,,,,,,,,,,,,
sendto,5,56, MSG_NOSIGNAL, NULL, 0) = 56,,,,,,,,,,,,,
close,5)                                = 0,,,,,,,,,,,,,,,,,
readlink,/proc/self/exe, 4096) = 14,,,,,,,,,,,,,,,,
ioctl,0, {B38400 opost isig icanon echo ...}) = 0,,,,,,,,,,,,,,,,
fstat,0, st_rdev=makedev(0x88, 0), ...}) = 0,,,,,,,,,,,,,,
readlink,/proc/self/fd/0, 31) = 10,,,,,,,,,,,,,,,,
stat,/dev/pts/0, st_rdev=makedev(0x88, 0), ...}) = 0,,,,,,,,,,,,,,
lstat,/dev/pts/0, st_rdev=makedev(0x88, 0), ...}) = 0,,,,,,,,,,,,,,
uname,"{sysname=""Linux""", ...}) = 0,,,,,,,,,,,,,,,,
sendto,3, type=0x454 /* NLMSG_??? */, flags=NLM_F_REQUEST|NLM_F_ACK, seq=1, pid=0}," ""\x6f\x70\x3d\x63\x68\x61\x6e\x67\x65\x20\x61\x67\x65\x20\x61\x63\x63\x74\x3d\x22\x22\x20\x65\x78\x65\x3d\x22\x2f\x75\x73\x72\x2f""...}",120,0, {sa_family=AF_NETLINK, nl_pid=0, nl_groups=00000000}, 12) = 120,,,,,,
poll,[{fd=3,1, 500)   = 1 ([{fd=3, revents=POLLIN}]),,,,,,,,,,,,,,
recvfrom,3, type=NLMSG_ERROR, flags=0, seq=1, pid=3604}, {error=-EPERM, msg={{len=120, type=0x454 /* AUDIT_??? */, flags=NLM_F_REQUEST|NLM_F_ACK, seq=1, pid=0}," ""\x6f\x70\x3d\x63\x68\x61\x6e\x67\x65\x20\x61\x67\x65\x20\x61\x63\x63\x74\x3d\x22\x22\x20\x65\x78\x65\x3d\x22\x2f\x75\x73\x72\x2f""...}}}",8988, MSG_PEEK|MSG_DONTWAIT, {sa_family=AF_NETLINK, nl_pid=0, nl_groups=00000000}, [12]) = 140
recvfrom,3, type=NLMSG_ERROR, flags=0, seq=1, pid=3604}, {error=-EPERM, msg={{len=120, type=0x454 /* AUDIT_??? */, flags=NLM_F_REQUEST|NLM_F_ACK, seq=1, pid=0}," ""\x6f\x70\x3d\x63\x68\x61\x6e\x67\x65\x20\x61\x67\x65\x20\x61\x63\x63\x74\x3d\x22\x22\x20\x65\x78\x65\x3d\x22\x2f\x75\x73\x72\x2f""...}}}",8988, MSG_DONTWAIT, {sa_family=AF_NETLINK, nl_pid=0, nl_groups=00000000}, [12]) = 140
capget,{version=0 /* _LINUX_CAPABILITY_VERSION_??? */, NULL) = 0,,,,,,,,,,,,,,,,
gettid,)                                = 3604,,,,,,,,,,,,,,,,,
openat,AT_FDCWD, O_RDONLY) = 5,,,,,,,,,,,,,,,,
read,5, 7)                      = 3,,,,,,,,,,,,,,,,
close,5)                                = 0,,,,,,,,,,,,,,,,,
capget,{version=_LINUX_CAPABILITY_VERSION_3, {effective=0, permitted=0, inheritable=0}) = 0,,,,,,,,,,,,,,
openat,AT_FDCWD, O_RDONLY|O_CLOEXEC) = 5,,,,,,,,,,,,,,,,
fstat,5, st_size=0, ...}) = 0,,,,,,,,,,,,,,,
read,5, 1024) = 1024,,,,,,,,,,,,,,,,
close,5)                                = 0,,,,,,,,,,,,,,,,,
exit_group,1)                           = ?,,,,,,,,,,,,,,,,,
+++ exited with 1 +++,,,,,,,,,,,,,,,,,,
