Data,,,,,,
execve,/usr/bin/chattr," ""-i"""," ""sample.txt""]", 0x7fffbb1d0600 /* 50 vars */) = 0,,
brk,NULL)                               = 0x55618db23000,,,,,
arch_prctl,0x3001 /* ARCH_??? */,,,,,
access,/etc/ld.so.preload,,,,,
openat,AT_FDCWD, O_RDONLY|O_CLOEXEC) = 3,,,,
fstat,3, st_size=69600, ...}) = 0,,,
mmap,NULL, PROT_READ, MAP_PRIVATE,3, 0) = 0x7fac7248c000,
close,3)                                = 0,,,,,
openat,AT_FDCWD, O_RDONLY|O_CLOEXEC) = 3,,,,
read,3, 832) = 832,,,,
fstat,3, st_size=40864, ...}) = 0,,,
mmap,NULL, PROT_READ|PROT_WRITE, MAP_PRIVATE|MAP_ANONYMOUS,-1, 0) = 0x7fac7248a000,
mmap,NULL, PROT_READ, MAP_PRIVATE|MAP_DENYWRITE,3, 0) = 0x7fac7247f000,
mprotect,0x7fac72481000, PROT_NONE) = 0,,,,
mmap,0x7fac72481000, PROT_READ|PROT_EXEC, MAP_PRIVATE|MAP_FIXED|MAP_DENYWRITE,3, 0x2000) = 0x7fac72481000,
mmap,0x7fac72485000, PROT_READ, MAP_PRIVATE|MAP_FIXED|MAP_DENYWRITE,3, 0x6000) = 0x7fac72485000,
mmap,0x7fac72488000, PROT_READ|PROT_WRITE, MAP_PRIVATE|MAP_FIXED|MAP_DENYWRITE,3, 0x8000) = 0x7fac72488000,
close,3)                                = 0,,,,,
openat,AT_FDCWD, O_RDONLY|O_CLOEXEC) = 3,,,,
read,3, 832) = 832,,,,
fstat,3, st_size=22600, ...}) = 0,,,
mmap,NULL, PROT_READ, MAP_PRIVATE|MAP_DENYWRITE,3, 0) = 0x7fac72478000,
mmap,0x7fac7247a000, PROT_READ|PROT_EXEC, MAP_PRIVATE|MAP_FIXED|MAP_DENYWRITE,3, 0x2000) = 0x7fac7247a000,
mmap,0x7fac7247c000, PROT_READ, MAP_PRIVATE|MAP_FIXED|MAP_DENYWRITE,3, 0x4000) = 0x7fac7247c000,
mmap,0x7fac7247d000, PROT_READ|PROT_WRITE, MAP_PRIVATE|MAP_FIXED|MAP_DENYWRITE,3, 0x4000) = 0x7fac7247d000,
close,3)                                = 0,,,,,
openat,AT_FDCWD, O_RDONLY|O_CLOEXEC) = 3,,,,
read,3, 832) = 832,,,,
pread64,3,784, 64) = 784,,,
pread64,3,32, 848) = 32,,,
pread64,3,68, 880) = 68,,,
fstat,3, st_size=2029592, ...}) = 0,,,
pread64,3,784, 64) = 784,,,
pread64,3,32, 848) = 32,,,
pread64,3,68, 880) = 68,,,
mmap,NULL, PROT_READ, MAP_PRIVATE|MAP_DENYWRITE,3, 0) = 0x7fac72286000,
mmap,0x7fac722a8000, PROT_READ|PROT_EXEC, MAP_PRIVATE|MAP_FIXED|MAP_DENYWRITE,3, 0x22000) = 0x7fac722a8000,
mmap,0x7fac72420000, PROT_READ, MAP_PRIVATE|MAP_FIXED|MAP_DENYWRITE,3, 0x19a000) = 0x7fac72420000,
mmap,0x7fac7246e000, PROT_READ|PROT_WRITE, MAP_PRIVATE|MAP_FIXED|MAP_DENYWRITE,3, 0x1e7000) = 0x7fac7246e000,
mmap,0x7fac72474000, PROT_READ|PROT_WRITE, MAP_PRIVATE|MAP_FIXED|MAP_ANONYMOUS,-1, 0) = 0x7fac72474000,
close,3)                                = 0,,,,,
openat,AT_FDCWD, O_RDONLY|O_CLOEXEC) = 3,,,,
read,3, 832) = 832,,,,
pread64,3,68, 824) = 68,,,
fstat,3, st_size=157224, ...}) = 0,,,
pread64,3,68, 824) = 68,,,
mmap,NULL, PROT_READ, MAP_PRIVATE|MAP_DENYWRITE,3, 0) = 0x7fac72263000,
mmap,0x7fac72269000, PROT_READ|PROT_EXEC, MAP_PRIVATE|MAP_FIXED|MAP_DENYWRITE,3, 0x6000) = 0x7fac72269000,
mmap,0x7fac7227a000, PROT_READ, MAP_PRIVATE|MAP_FIXED|MAP_DENYWRITE,3, 0x17000) = 0x7fac7227a000,
mmap,0x7fac72280000, PROT_READ|PROT_WRITE, MAP_PRIVATE|MAP_FIXED|MAP_DENYWRITE,3, 0x1c000) = 0x7fac72280000,
mmap,0x7fac72282000, PROT_READ|PROT_WRITE, MAP_PRIVATE|MAP_FIXED|MAP_ANONYMOUS,-1, 0) = 0x7fac72282000,
close,3)                                = 0,,,,,
mmap,NULL, PROT_READ|PROT_WRITE, MAP_PRIVATE|MAP_ANONYMOUS,-1, 0) = 0x7fac72261000,
arch_prctl,ARCH_SET_FS,,,,,
mprotect,0x7fac7246e000, PROT_READ) = 0,,,,
mprotect,0x7fac72280000, PROT_READ) = 0,,,,
mprotect,0x7fac7247d000, PROT_READ) = 0,,,,
mprotect,0x7fac72488000, PROT_READ) = 0,,,,
mprotect,0x55618d97d000, PROT_READ) = 0,,,,
mprotect,0x7fac724ca000, PROT_READ) = 0,,,,
munmap,0x7fac7248c000,,,,,
set_tid_address,0x7fac72261e50)         = 2764,,,,,
set_robust_list,0x7fac72261e60,,,,,
rt_sigaction,SIGRTMIN, sa_mask=[], sa_flags=SA_RESTORER|SA_SIGINFO, sa_restorer=0x7fac72277420}, NULL, 8) = 0
rt_sigaction,SIGRT_1, sa_mask=[], sa_flags=SA_RESTORER|SA_RESTART|SA_SIGINFO, sa_restorer=0x7fac72277420}, NULL, 8) = 0
rt_sigprocmask,SIG_UNBLOCK, NULL, 8) = 0,,,
prlimit64,0, NULL, {rlim_cur=8192*1024, rlim_max=RLIM64_INFINITY}) = 0,,
openat,AT_FDCWD, O_RDONLY|O_CLOEXEC) = 3,,,,
fstat,3, st_size=5699248, ...}) = 0,,,
mmap,NULL, PROT_READ, MAP_PRIVATE,3, 0) = 0x7fac71cf1000,
close,3)                                = 0,,,,,
brk,NULL)                               = 0x55618db23000,,,,,
brk,0x55618db44000)                     = 0x55618db44000,,,,,
lstat,sample.txt, st_size=71, ...}) = 0,,,
lstat,sample.txt, st_size=71, ...}) = 0,,,
openat,AT_FDCWD, O_RDONLY|O_NONBLOCK) = 3,,,,
ioctl,3, 0x7ffc7fdecc3c) = 0,,,,
close,3)                                = 0,,,,,
lstat,sample.txt, st_size=71, ...}) = 0,,,
openat,AT_FDCWD, O_RDONLY|O_NONBLOCK) = 3,,,,
ioctl,3, 0x7ffc7fdecc3c) = 0,,,,
close,3)                                = 0,,,,,
exit_group,0)                           = ?,,,,,
+++ exited with 0 +++,,,,,,
