Data,,,,,
execve,/usr/bin/chmod," ""674"""," ""sample.txt""]", 0x7fff2c4a0d40 /* 50 vars */) = 0,
brk,NULL)                               = 0x55fda3728000,,,,
arch_prctl,0x3001 /* ARCH_??? */,,,,
access,/etc/ld.so.preload,,,,
openat,AT_FDCWD, O_RDONLY|O_CLOEXEC) = 3,,,
fstat,3, st_size=69600, ...}) = 0,,
mmap,NULL, PROT_READ, MAP_PRIVATE,3, 0) = 0x7f4f0e10d000
close,3)                                = 0,,,,
openat,AT_FDCWD, O_RDONLY|O_CLOEXEC) = 3,,,
read,3, 832) = 832,,,
pread64,3,784, 64) = 784,,
pread64,3,32, 848) = 32,,
pread64,3,68, 880) = 68,,
fstat,3, st_size=2029592, ...}) = 0,,
mmap,NULL, PROT_READ|PROT_WRITE, MAP_PRIVATE|MAP_ANONYMOUS,-1, 0) = 0x7f4f0e10b000
pread64,3,784, 64) = 784,,
pread64,3,32, 848) = 32,,
pread64,3,68, 880) = 68,,
mmap,NULL, PROT_READ, MAP_PRIVATE|MAP_DENYWRITE,3, 0) = 0x7f4f0df19000
mmap,0x7f4f0df3b000, PROT_READ|PROT_EXEC, MAP_PRIVATE|MAP_FIXED|MAP_DENYWRITE,3, 0x22000) = 0x7f4f0df3b000
mmap,0x7f4f0e0b3000, PROT_READ, MAP_PRIVATE|MAP_FIXED|MAP_DENYWRITE,3, 0x19a000) = 0x7f4f0e0b3000
mmap,0x7f4f0e101000, PROT_READ|PROT_WRITE, MAP_PRIVATE|MAP_FIXED|MAP_DENYWRITE,3, 0x1e7000) = 0x7f4f0e101000
mmap,0x7f4f0e107000, PROT_READ|PROT_WRITE, MAP_PRIVATE|MAP_FIXED|MAP_ANONYMOUS,-1, 0) = 0x7f4f0e107000
close,3)                                = 0,,,,
arch_prctl,ARCH_SET_FS,,,,
mprotect,0x7f4f0e101000, PROT_READ) = 0,,,
mprotect,0x55fda2171000, PROT_READ) = 0,,,
mprotect,0x7f4f0e14b000, PROT_READ) = 0,,,
munmap,0x7f4f0e10d000,,,,
openat,AT_FDCWD, O_RDONLY|O_CLOEXEC) = 3,,,
fstat,3, st_size=5699248, ...}) = 0,,
mmap,NULL, PROT_READ, MAP_PRIVATE,3, 0) = 0x7f4f0d9a9000
close,3)                                = 0,,,,
brk,NULL)                               = 0x55fda3728000,,,,
brk,0x55fda3749000)                     = 0x55fda3749000,,,,
umask,000)                              = 002,,,,
stat,sample.txt, st_size=71, ...}) = 0,,
fchmodat,AT_FDCWD, 0674)  = 0,,,
close,1)                                = 0,,,,
close,2)                                = 0,,,,
exit_group,0)                           = ?,,,,
+++ exited with 0 +++,,,,,
