Data,,,,,
execve,/usr/bin/chown," ""keshav"""," ""sample.txt""]", 0x7ffc274387c0 /* 50 vars */) = 0,
brk,NULL)                               = 0x55609529b000,,,,
arch_prctl,0x3001 /* ARCH_??? */,,,,
access,/etc/ld.so.preload,,,,
openat,AT_FDCWD, O_RDONLY|O_CLOEXEC) = 3,,,
fstat,3, st_size=69600, ...}) = 0,,
mmap,NULL, PROT_READ, MAP_PRIVATE,3, 0) = 0x7f3ab0fdc000
close,3)                                = 0,,,,
openat,AT_FDCWD, O_RDONLY|O_CLOEXEC) = 3,,,
read,3, 832) = 832,,,
pread64,3,784, 64) = 784,,
pread64,3,32, 848) = 32,,
pread64,3,68, 880) = 68,,
fstat,3, st_size=2029592, ...}) = 0,,
mmap,NULL, PROT_READ|PROT_WRITE, MAP_PRIVATE|MAP_ANONYMOUS,-1, 0) = 0x7f3ab0fda000
pread64,3,784, 64) = 784,,
pread64,3,32, 848) = 32,,
pread64,3,68, 880) = 68,,
mmap,NULL, PROT_READ, MAP_PRIVATE|MAP_DENYWRITE,3, 0) = 0x7f3ab0de8000
mmap,0x7f3ab0e0a000, PROT_READ|PROT_EXEC, MAP_PRIVATE|MAP_FIXED|MAP_DENYWRITE,3, 0x22000) = 0x7f3ab0e0a000
mmap,0x7f3ab0f82000, PROT_READ, MAP_PRIVATE|MAP_FIXED|MAP_DENYWRITE,3, 0x19a000) = 0x7f3ab0f82000
mmap,0x7f3ab0fd0000, PROT_READ|PROT_WRITE, MAP_PRIVATE|MAP_FIXED|MAP_DENYWRITE,3, 0x1e7000) = 0x7f3ab0fd0000
mmap,0x7f3ab0fd6000, PROT_READ|PROT_WRITE, MAP_PRIVATE|MAP_FIXED|MAP_ANONYMOUS,-1, 0) = 0x7f3ab0fd6000
close,3)                                = 0,,,,
arch_prctl,ARCH_SET_FS,,,,
mprotect,0x7f3ab0fd0000, PROT_READ) = 0,,,
mprotect,0x5560947e4000, PROT_READ) = 0,,,
mprotect,0x7f3ab101a000, PROT_READ) = 0,,,
munmap,0x7f3ab0fdc000,,,,
openat,AT_FDCWD, O_RDONLY|O_CLOEXEC) = 3,,,
fstat,3, st_size=5699248, ...}) = 0,,
mmap,NULL, PROT_READ, MAP_PRIVATE,3, 0) = 0x7f3ab0878000
close,3)                                = 0,,,,
brk,NULL)                               = 0x55609529b000,,,,
brk,0x5560952bc000)                     = 0x5560952bc000,,,,
socket,AF_UNIX, 0) = 3,,,
connect,3," sun_path=""/var/run/nscd/socket""}", 110) = -1 ENOENT (No such file or directory),,
close,3)                                = 0,,,,
socket,AF_UNIX, 0) = 3,,,
connect,3," sun_path=""/var/run/nscd/socket""}", 110) = -1 ENOENT (No such file or directory),,
close,3)                                = 0,,,,
openat,AT_FDCWD, O_RDONLY|O_CLOEXEC) = 3,,,
fstat,3, st_size=542, ...}) = 0,,
read,3, 4096) = 542,,,
read,3, 4096)                       = 0,,,
close,3)                                = 0,,,,
openat,AT_FDCWD, O_RDONLY|O_CLOEXEC) = 3,,,
fstat,3, st_size=69600, ...}) = 0,,
mmap,NULL, PROT_READ, MAP_PRIVATE,3, 0) = 0x7f3ab0fdc000
close,3)                                = 0,,,,
openat,AT_FDCWD, O_RDONLY|O_CLOEXEC) = 3,,,
read,3, 832) = 832,,,
fstat,3, st_size=51856, ...}) = 0,,
mmap,NULL, PROT_READ, MAP_PRIVATE|MAP_DENYWRITE,3, 0) = 0x7f3ab0864000
mmap,0x7f3ab0867000, PROT_READ|PROT_EXEC, MAP_PRIVATE|MAP_FIXED|MAP_DENYWRITE,3, 0x3000) = 0x7f3ab0867000
mmap,0x7f3ab086e000, PROT_READ, MAP_PRIVATE|MAP_FIXED|MAP_DENYWRITE,3, 0xa000) = 0x7f3ab086e000
mmap,0x7f3ab0870000, PROT_READ|PROT_WRITE, MAP_PRIVATE|MAP_FIXED|MAP_DENYWRITE,3, 0xb000) = 0x7f3ab0870000
mmap,0x7f3ab0872000, PROT_READ|PROT_WRITE, MAP_PRIVATE|MAP_FIXED|MAP_ANONYMOUS,-1, 0) = 0x7f3ab0872000
close,3)                                = 0,,,,
mprotect,0x7f3ab0870000, PROT_READ) = 0,,,
munmap,0x7f3ab0fdc000,,,,
openat,AT_FDCWD, O_RDONLY|O_CLOEXEC) = 3,,,
lseek,3, SEEK_CUR)                   = 0,,,
fstat,3, st_size=2976, ...}) = 0,,
read,3, 4096) = 2976,,,
close,3)                                = 0,,,,
newfstatat,AT_FDCWD, {st_mode=S_IFREG|0674, st_size=71, ...}, AT_SYMLINK_NOFOLLOW) = 0
fchownat,AT_FDCWD,1000,-1, 0) = 0,
close,1)                                = 0,,,,
close,2)                                = 0,,,,
exit_group,0)                           = ?,,,,
+++ exited with 0 +++,,,,,
