Data,,,,,,,,,,,,,,,,,,
execve,/usr/bin/chsh, 0x7fff4e098380 /* 50 vars */) = 0,,,,,,,,,,,,,,,,
access,/etc/suid-debug,,,,,,,,,,,,,,,,,
brk,NULL)                               = 0x564e5d6cf000,,,,,,,,,,,,,,,,,
arch_prctl,0x3001 /* ARCH_??? */,,,,,,,,,,,,,,,,,
fcntl,0,,,,,,,,,,,,,,,,,
fcntl,1,,,,,,,,,,,,,,,,,
fcntl,2,,,,,,,,,,,,,,,,,
access,/etc/suid-debug,,,,,,,,,,,,,,,,,
access,/etc/ld.so.preload,,,,,,,,,,,,,,,,,
openat,AT_FDCWD, O_RDONLY|O_CLOEXEC) = 3,,,,,,,,,,,,,,,,
fstat,3, st_size=69600, ...}) = 0,,,,,,,,,,,,,,,
mmap,NULL, PROT_READ, MAP_PRIVATE,3, 0) = 0x7f9c96867000,,,,,,,,,,,,,
close,3)                                = 0,,,,,,,,,,,,,,,,,
openat,AT_FDCWD, O_RDONLY|O_CLOEXEC) = 3,,,,,,,,,,,,,,,,
read,3, 832) = 832,,,,,,,,,,,,,,,,
fstat,3, st_size=68320, ...}) = 0,,,,,,,,,,,,,,,
mmap,NULL, PROT_READ|PROT_WRITE, MAP_PRIVATE|MAP_ANONYMOUS,-1, 0) = 0x7f9c96865000,,,,,,,,,,,,,
mmap,NULL, PROT_READ, MAP_PRIVATE|MAP_DENYWRITE,3, 0) = 0x7f9c96853000,,,,,,,,,,,,,
mmap,0x7f9c96856000, PROT_READ|PROT_EXEC, MAP_PRIVATE|MAP_FIXED|MAP_DENYWRITE,3, 0x3000) = 0x7f9c96856000,,,,,,,,,,,,,
mmap,0x7f9c9685f000, PROT_READ, MAP_PRIVATE|MAP_FIXED|MAP_DENYWRITE,3, 0xc000) = 0x7f9c9685f000,,,,,,,,,,,,,
mmap,0x7f9c96863000, PROT_READ|PROT_WRITE, MAP_PRIVATE|MAP_FIXED|MAP_DENYWRITE,3, 0xf000) = 0x7f9c96863000,,,,,,,,,,,,,
close,3)                                = 0,,,,,,,,,,,,,,,,,
openat,AT_FDCWD, O_RDONLY|O_CLOEXEC) = 3,,,,,,,,,,,,,,,,
read,3, 832) = 832,,,,,,,,,,,,,,,,
fstat,3, st_size=14728, ...}) = 0,,,,,,,,,,,,,,,
mmap,NULL, PROT_READ, MAP_PRIVATE|MAP_DENYWRITE,3, 0) = 0x7f9c9684e000,,,,,,,,,,,,,
mmap,0x7f9c9684f000, PROT_READ|PROT_EXEC, MAP_PRIVATE|MAP_FIXED|MAP_DENYWRITE,3, 0x1000) = 0x7f9c9684f000,,,,,,,,,,,,,
mmap,0x7f9c96850000, PROT_READ, MAP_PRIVATE|MAP_FIXED|MAP_DENYWRITE,3, 0x2000) = 0x7f9c96850000,,,,,,,,,,,,,
mmap,0x7f9c96851000, PROT_READ|PROT_WRITE, MAP_PRIVATE|MAP_FIXED|MAP_DENYWRITE,3, 0x2000) = 0x7f9c96851000,,,,,,,,,,,,,
close,3)                                = 0,,,,,,,,,,,,,,,,,
openat,AT_FDCWD, O_RDONLY|O_CLOEXEC) = 3,,,,,,,,,,,,,,,,
read,3, 832) = 832,,,,,,,,,,,,,,,,
fstat,3, st_size=133200, ...}) = 0,,,,,,,,,,,,,,,
mmap,NULL, PROT_READ, MAP_PRIVATE|MAP_DENYWRITE,3, 0) = 0x7f9c96822000,,,,,,,,,,,,,
mprotect,0x7f9c96825000, PROT_NONE) = 0,,,,,,,,,,,,,,,,
mmap,0x7f9c96825000, PROT_READ|PROT_EXEC, MAP_PRIVATE|MAP_FIXED|MAP_DENYWRITE,3, 0x3000) = 0x7f9c96825000,,,,,,,,,,,,,
mmap,0x7f9c9682d000, PROT_READ, MAP_PRIVATE|MAP_FIXED|MAP_DENYWRITE,3, 0xb000) = 0x7f9c9682d000,,,,,,,,,,,,,
mmap,0x7f9c96842000, PROT_READ|PROT_WRITE, MAP_PRIVATE|MAP_FIXED|MAP_DENYWRITE,3, 0x1f000) = 0x7f9c96842000,,,,,,,,,,,,,
mmap,0x7f9c96844000, PROT_READ|PROT_WRITE, MAP_PRIVATE|MAP_FIXED|MAP_ANONYMOUS,-1, 0) = 0x7f9c96844000,,,,,,,,,,,,,
close,3)                                = 0,,,,,,,,,,,,,,,,,
openat,AT_FDCWD, O_RDONLY|O_CLOEXEC) = 3,,,,,,,,,,,,,,,,
read,3, 832) = 832,,,,,,,,,,,,,,,,
fstat,3, st_size=163200, ...}) = 0,,,,,,,,,,,,,,,
mmap,NULL, PROT_READ, MAP_PRIVATE|MAP_DENYWRITE,3, 0) = 0x7f9c967f7000,,,,,,,,,,,,,
mprotect,0x7f9c967fd000, PROT_NONE) = 0,,,,,,,,,,,,,,,,
mmap,0x7f9c967fd000, PROT_READ|PROT_EXEC, MAP_PRIVATE|MAP_FIXED|MAP_DENYWRITE,3, 0x6000) = 0x7f9c967fd000,,,,,,,,,,,,,
mmap,0x7f9c96816000, PROT_READ, MAP_PRIVATE|MAP_FIXED|MAP_DENYWRITE,3, 0x1f000) = 0x7f9c96816000,,,,,,,,,,,,,
mmap,0x7f9c9681e000, PROT_READ|PROT_WRITE, MAP_PRIVATE|MAP_FIXED|MAP_DENYWRITE,3, 0x26000) = 0x7f9c9681e000,,,,,,,,,,,,,
mmap,0x7f9c96820000, PROT_READ|PROT_WRITE, MAP_PRIVATE|MAP_FIXED|MAP_ANONYMOUS,-1, 0) = 0x7f9c96820000,,,,,,,,,,,,,
close,3)                                = 0,,,,,,,,,,,,,,,,,
openat,AT_FDCWD, O_RDONLY|O_CLOEXEC) = 3,,,,,,,,,,,,,,,,
read,3, 832) = 832,,,,,,,,,,,,,,,,
pread64,3,784, 64) = 784,,,,,,,,,,,,,,,
pread64,3,32, 848) = 32,,,,,,,,,,,,,,,
pread64,3,68, 880) = 68,,,,,,,,,,,,,,,
fstat,3, st_size=2029592, ...}) = 0,,,,,,,,,,,,,,,
pread64,3,784, 64) = 784,,,,,,,,,,,,,,,
pread64,3,32, 848) = 32,,,,,,,,,,,,,,,
pread64,3,68, 880) = 68,,,,,,,,,,,,,,,
mmap,NULL, PROT_READ, MAP_PRIVATE|MAP_DENYWRITE,3, 0) = 0x7f9c96605000,,,,,,,,,,,,,
mmap,0x7f9c96627000, PROT_READ|PROT_EXEC, MAP_PRIVATE|MAP_FIXED|MAP_DENYWRITE,3, 0x22000) = 0x7f9c96627000,,,,,,,,,,,,,
mmap,0x7f9c9679f000, PROT_READ, MAP_PRIVATE|MAP_FIXED|MAP_DENYWRITE,3, 0x19a000) = 0x7f9c9679f000,,,,,,,,,,,,,
mmap,0x7f9c967ed000, PROT_READ|PROT_WRITE, MAP_PRIVATE|MAP_FIXED|MAP_DENYWRITE,3, 0x1e7000) = 0x7f9c967ed000,,,,,,,,,,,,,
mmap,0x7f9c967f3000, PROT_READ|PROT_WRITE, MAP_PRIVATE|MAP_FIXED|MAP_ANONYMOUS,-1, 0) = 0x7f9c967f3000,,,,,,,,,,,,,
close,3)                                = 0,,,,,,,,,,,,,,,,,
openat,AT_FDCWD, O_RDONLY|O_CLOEXEC) = 3,,,,,,,,,,,,,,,,
read,3, 832) = 832,,,,,,,,,,,,,,,,
fstat,3, st_size=18848, ...}) = 0,,,,,,,,,,,,,,,
mmap,NULL, PROT_READ, MAP_PRIVATE|MAP_DENYWRITE,3, 0) = 0x7f9c965ff000,,,,,,,,,,,,,
mmap,0x7f9c96600000, PROT_READ|PROT_EXEC, MAP_PRIVATE|MAP_FIXED|MAP_DENYWRITE,3, 0x1000) = 0x7f9c96600000,,,,,,,,,,,,,
mmap,0x7f9c96602000, PROT_READ, MAP_PRIVATE|MAP_FIXED|MAP_DENYWRITE,3, 0x3000) = 0x7f9c96602000,,,,,,,,,,,,,
mmap,0x7f9c96603000, PROT_READ|PROT_WRITE, MAP_PRIVATE|MAP_FIXED|MAP_DENYWRITE,3, 0x3000) = 0x7f9c96603000,,,,,,,,,,,,,
close,3)                                = 0,,,,,,,,,,,,,,,,,
openat,AT_FDCWD, O_RDONLY|O_CLOEXEC) = 3,,,,,,,,,,,,,,,,
read,3, 832) = 832,,,,,,,,,,,,,,,,
fstat,3, st_size=27064, ...}) = 0,,,,,,,,,,,,,,,
mmap,NULL, PROT_READ|PROT_WRITE, MAP_PRIVATE|MAP_ANONYMOUS,-1, 0) = 0x7f9c965fd000,,,,,,,,,,,,,
mmap,NULL, PROT_READ, MAP_PRIVATE|MAP_DENYWRITE,3, 0) = 0x7f9c965f5000,,,,,,,,,,,,,
mmap,0x7f9c965f7000, PROT_READ|PROT_EXEC, MAP_PRIVATE|MAP_FIXED|MAP_DENYWRITE,3, 0x2000) = 0x7f9c965f7000,,,,,,,,,,,,,
mmap,0x7f9c965fa000, PROT_READ, MAP_PRIVATE|MAP_FIXED|MAP_DENYWRITE,3, 0x5000) = 0x7f9c965fa000,,,,,,,,,,,,,
mmap,0x7f9c965fb000, PROT_READ|PROT_WRITE, MAP_PRIVATE|MAP_FIXED|MAP_DENYWRITE,3, 0x5000) = 0x7f9c965fb000,,,,,,,,,,,,,
close,3)                                = 0,,,,,,,,,,,,,,,,,
openat,AT_FDCWD, O_RDONLY|O_CLOEXEC) = 3,,,,,,,,,,,,,,,,
read,3, 832) = 832,,,,,,,,,,,,,,,,
fstat,3, st_size=588488, ...}) = 0,,,,,,,,,,,,,,,
mmap,NULL, PROT_READ, MAP_PRIVATE|MAP_DENYWRITE,3, 0) = 0x7f9c96564000,,,,,,,,,,,,,
mmap,0x7f9c96566000, PROT_READ|PROT_EXEC, MAP_PRIVATE|MAP_FIXED|MAP_DENYWRITE,3, 0x2000) = 0x7f9c96566000,,,,,,,,,,,,,
mmap,0x7f9c965cb000, PROT_READ, MAP_PRIVATE|MAP_FIXED|MAP_DENYWRITE,3, 0x67000) = 0x7f9c965cb000,,,,,,,,,,,,,
mmap,0x7f9c965f3000, PROT_READ|PROT_WRITE, MAP_PRIVATE|MAP_FIXED|MAP_DENYWRITE,3, 0x8e000) = 0x7f9c965f3000,,,,,,,,,,,,,
close,3)                                = 0,,,,,,,,,,,,,,,,,
openat,AT_FDCWD, O_RDONLY|O_CLOEXEC) = 3,,,,,,,,,,,,,,,,
read,3, 832) = 832,,,,,,,,,,,,,,,,
pread64,3,68, 824) = 68,,,,,,,,,,,,,,,
fstat,3, st_size=157224, ...}) = 0,,,,,,,,,,,,,,,
pread64,3,68, 824) = 68,,,,,,,,,,,,,,,
mmap,NULL, PROT_READ, MAP_PRIVATE|MAP_DENYWRITE,3, 0) = 0x7f9c96541000,,,,,,,,,,,,,
mmap,0x7f9c96547000, PROT_READ|PROT_EXEC, MAP_PRIVATE|MAP_FIXED|MAP_DENYWRITE,3, 0x6000) = 0x7f9c96547000,,,,,,,,,,,,,
mmap,0x7f9c96558000, PROT_READ, MAP_PRIVATE|MAP_FIXED|MAP_DENYWRITE,3, 0x17000) = 0x7f9c96558000,,,,,,,,,,,,,
mmap,0x7f9c9655e000, PROT_READ|PROT_WRITE, MAP_PRIVATE|MAP_FIXED|MAP_DENYWRITE,3, 0x1c000) = 0x7f9c9655e000,,,,,,,,,,,,,
mmap,0x7f9c96560000, PROT_READ|PROT_WRITE, MAP_PRIVATE|MAP_FIXED|MAP_ANONYMOUS,-1, 0) = 0x7f9c96560000,,,,,,,,,,,,,
close,3)                                = 0,,,,,,,,,,,,,,,,,
mmap,NULL, PROT_READ|PROT_WRITE, MAP_PRIVATE|MAP_ANONYMOUS,-1, 0) = 0x7f9c9653f000,,,,,,,,,,,,,
arch_prctl,ARCH_SET_FS,,,,,,,,,,,,,,,,,
mprotect,0x7f9c967ed000, PROT_READ) = 0,,,,,,,,,,,,,,,,
mprotect,0x7f9c9655e000, PROT_READ) = 0,,,,,,,,,,,,,,,,
mprotect,0x7f9c965f3000, PROT_READ) = 0,,,,,,,,,,,,,,,,
mprotect,0x7f9c965fb000, PROT_READ) = 0,,,,,,,,,,,,,,,,
mprotect,0x7f9c96603000, PROT_READ) = 0,,,,,,,,,,,,,,,,
mprotect,0x7f9c9681e000, PROT_READ) = 0,,,,,,,,,,,,,,,,
mprotect,0x7f9c96842000, PROT_READ) = 0,,,,,,,,,,,,,,,,
mprotect,0x7f9c96863000, PROT_READ) = 0,,,,,,,,,,,,,,,,
mprotect,0x7f9c96851000, PROT_READ) = 0,,,,,,,,,,,,,,,,
mprotect,0x564e5be72000, PROT_READ) = 0,,,,,,,,,,,,,,,,
mprotect,0x7f9c968a5000, PROT_READ) = 0,,,,,,,,,,,,,,,,
munmap,0x7f9c96867000,,,,,,,,,,,,,,,,,
set_tid_address,0x7f9c9653ff50)         = 3621,,,,,,,,,,,,,,,,,
set_robust_list,0x7f9c9653ff60,,,,,,,,,,,,,,,,,
rt_sigaction,SIGRTMIN, sa_mask=[], sa_flags=SA_RESTORER|SA_SIGINFO, sa_restorer=0x7f9c96555420}, NULL, 8) = 0,,,,,,,,,,,,
rt_sigaction,SIGRT_1, sa_mask=[], sa_flags=SA_RESTORER|SA_RESTART|SA_SIGINFO, sa_restorer=0x7f9c96555420}, NULL, 8) = 0,,,,,,,,,,,,
rt_sigprocmask,SIG_UNBLOCK, NULL, 8) = 0,,,,,,,,,,,,,,,
prlimit64,0, NULL, {rlim_cur=8192*1024, rlim_max=RLIM64_INFINITY}) = 0,,,,,,,,,,,,,,
statfs,/sys/fs/selinux,,,,,,,,,,,,,,,,,
statfs,/selinux,,,,,,,,,,,,,,,,,
brk,NULL)                               = 0x564e5d6cf000,,,,,,,,,,,,,,,,,
brk,0x564e5d6f0000)                     = 0x564e5d6f0000,,,,,,,,,,,,,,,,,
openat,AT_FDCWD, O_RDONLY|O_CLOEXEC) = 3,,,,,,,,,,,,,,,,
fstat,3, st_size=0, ...}) = 0,,,,,,,,,,,,,,,
read,3, 1024) = 387,,,,,,,,,,,,,,,,
read,3, 1024)                       = 0,,,,,,,,,,,,,,,,
close,3)                                = 0,,,,,,,,,,,,,,,,,
access,/etc/selinux/config,,,,,,,,,,,,,,,,,
openat,AT_FDCWD, O_RDONLY|O_CLOEXEC) = 3,,,,,,,,,,,,,,,,
fstat,3, st_size=5699248, ...}) = 0,,,,,,,,,,,,,,,
mmap,NULL, PROT_READ, MAP_PRIVATE,3, 0) = 0x7f9c95fcf000,,,,,,,,,,,,,
close,3)                                = 0,,,,,,,,,,,,,,,,,
getuid,)                                = 1000,,,,,,,,,,,,,,,,,
openat,AT_FDCWD, O_RDONLY) = 3,,,,,,,,,,,,,,,,
read,3, 12)                     = 4,,,,,,,,,,,,,,,,
close,3)                                = 0,,,,,,,,,,,,,,,,,
socket,AF_UNIX, 0) = 3,,,,,,,,,,,,,,,,
connect,3," sun_path=""/var/run/nscd/socket""}", 110) = -1 ENOENT (No such file or directory),,,,,,,,,,,,,,,
close,3)                                = 0,,,,,,,,,,,,,,,,,
socket,AF_UNIX, 0) = 3,,,,,,,,,,,,,,,,
connect,3," sun_path=""/var/run/nscd/socket""}", 110) = -1 ENOENT (No such file or directory),,,,,,,,,,,,,,,
close,3)                                = 0,,,,,,,,,,,,,,,,,
openat,AT_FDCWD, O_RDONLY|O_CLOEXEC) = 3,,,,,,,,,,,,,,,,
fstat,3, st_size=542, ...}) = 0,,,,,,,,,,,,,,,
read,3, 4096) = 542,,,,,,,,,,,,,,,,
read,3, 4096)                       = 0,,,,,,,,,,,,,,,,
close,3)                                = 0,,,,,,,,,,,,,,,,,
openat,AT_FDCWD, O_RDONLY|O_CLOEXEC) = 3,,,,,,,,,,,,,,,,
fstat,3, st_size=69600, ...}) = 0,,,,,,,,,,,,,,,
mmap,NULL, PROT_READ, MAP_PRIVATE,3, 0) = 0x7f9c96867000,,,,,,,,,,,,,
close,3)                                = 0,,,,,,,,,,,,,,,,,
openat,AT_FDCWD, O_RDONLY|O_CLOEXEC) = 3,,,,,,,,,,,,,,,,
read,3, 832) = 832,,,,,,,,,,,,,,,,
fstat,3, st_size=51856, ...}) = 0,,,,,,,,,,,,,,,
mmap,NULL, PROT_READ, MAP_PRIVATE|MAP_DENYWRITE,3, 0) = 0x7f9c95fbb000,,,,,,,,,,,,,
mmap,0x7f9c95fbe000, PROT_READ|PROT_EXEC, MAP_PRIVATE|MAP_FIXED|MAP_DENYWRITE,3, 0x3000) = 0x7f9c95fbe000,,,,,,,,,,,,,
mmap,0x7f9c95fc5000, PROT_READ, MAP_PRIVATE|MAP_FIXED|MAP_DENYWRITE,3, 0xa000) = 0x7f9c95fc5000,,,,,,,,,,,,,
mmap,0x7f9c95fc7000, PROT_READ|PROT_WRITE, MAP_PRIVATE|MAP_FIXED|MAP_DENYWRITE,3, 0xb000) = 0x7f9c95fc7000,,,,,,,,,,,,,
mmap,0x7f9c95fc9000, PROT_READ|PROT_WRITE, MAP_PRIVATE|MAP_FIXED|MAP_ANONYMOUS,-1, 0) = 0x7f9c95fc9000,,,,,,,,,,,,,
close,3)                                = 0,,,,,,,,,,,,,,,,,
mprotect,0x7f9c95fc7000, PROT_READ) = 0,,,,,,,,,,,,,,,,
munmap,0x7f9c96867000,,,,,,,,,,,,,,,,,
openat,AT_FDCWD, O_RDONLY|O_CLOEXEC) = 3,,,,,,,,,,,,,,,,
lseek,3, SEEK_CUR)                   = 0,,,,,,,,,,,,,,,,
fstat,3, st_size=2976, ...}) = 0,,,,,,,,,,,,,,,
read,3, 4096) = 2976,,,,,,,,,,,,,,,,
close,3)                                = 0,,,,,,,,,,,,,,,,,
getuid,)                                = 1000,,,,,,,,,,,,,,,,,
openat,AT_FDCWD, O_RDONLY|O_CLOEXEC) = 3,,,,,,,,,,,,,,,,
lseek,3, SEEK_CUR)                   = 0,,,,,,,,,,,,,,,,
fstat,3, st_size=2976, ...}) = 0,,,,,,,,,,,,,,,
read,3, 4096) = 2976,,,,,,,,,,,,,,,,
close,3)                                = 0,,,,,,,,,,,,,,,,,
getuid,)                                = 1000,,,,,,,,,,,,,,,,,
openat,AT_FDCWD, O_RDONLY|O_CLOEXEC) = 3,,,,,,,,,,,,,,,,
fstat,3, st_size=116, ...}) = 0,,,,,,,,,,,,,,,
fstat,3, st_size=116, ...}) = 0,,,,,,,,,,,,,,,
read,3, 4096) = 116,,,,,,,,,,,,,,,,
read,3, 4096)                       = 0,,,,,,,,,,,,,,,,
close,3)                                = 0,,,,,,,,,,,,,,,,,
getuid,)                                = 1000,,,,,,,,,,,,,,,,,
getuid,)                                = 1000,,,,,,,,,,,,,,,,,
openat,AT_FDCWD, O_RDONLY|O_CLOEXEC) = 3,,,,,,,,,,,,,,,,
lseek,3, SEEK_CUR)                   = 0,,,,,,,,,,,,,,,,
fstat,3, st_size=2976, ...}) = 0,,,,,,,,,,,,,,,
read,3, 4096) = 2976,,,,,,,,,,,,,,,,
close,3)                                = 0,,,,,,,,,,,,,,,,,
stat,/etc/pam.d, st_size=4096, ...}) = 0,,,,,,,,,,,,,,,
openat,AT_FDCWD, O_RDONLY) = 3,,,,,,,,,,,,,,,,
fstat,3, st_size=581, ...}) = 0,,,,,,,,,,,,,,,
read,3, 4096) = 581,,,,,,,,,,,,,,,,
futex,0x7f9c966040c8, 2147483647) = 0,,,,,,,,,,,,,,,,
openat,AT_FDCWD, O_RDONLY|O_CLOEXEC) = 4,,,,,,,,,,,,,,,,
read,4, 832) = 832,,,,,,,,,,,,,,,,
fstat,4, st_size=14496, ...}) = 0,,,,,,,,,,,,,,,
mmap,NULL, PROT_READ, MAP_PRIVATE|MAP_DENYWRITE,4, 0) = 0x7f9c96873000,,,,,,,,,,,,,
mmap,0x7f9c96874000, PROT_READ|PROT_EXEC, MAP_PRIVATE|MAP_FIXED|MAP_DENYWRITE,4, 0x1000) = 0x7f9c96874000,,,,,,,,,,,,,
mmap,0x7f9c96875000, PROT_READ, MAP_PRIVATE|MAP_FIXED|MAP_DENYWRITE,4, 0x2000) = 0x7f9c96875000,,,,,,,,,,,,,
mmap,0x7f9c96876000, PROT_READ|PROT_WRITE, MAP_PRIVATE|MAP_FIXED|MAP_DENYWRITE,4, 0x2000) = 0x7f9c96876000,,,,,,,,,,,,,
close,4)                                = 0,,,,,,,,,,,,,,,,,
mprotect,0x7f9c96876000, PROT_READ) = 0,,,,,,,,,,,,,,,,
openat,AT_FDCWD, O_RDONLY|O_CLOEXEC) = 4,,,,,,,,,,,,,,,,
read,4, 832) = 832,,,,,,,,,,,,,,,,
fstat,4, st_size=14552, ...}) = 0,,,,,,,,,,,,,,,
mmap,NULL, PROT_READ, MAP_PRIVATE|MAP_DENYWRITE,4, 0) = 0x7f9c9686e000,,,,,,,,,,,,,
mmap,0x7f9c9686f000, PROT_READ|PROT_EXEC, MAP_PRIVATE|MAP_FIXED|MAP_DENYWRITE,4, 0x1000) = 0x7f9c9686f000,,,,,,,,,,,,,
mmap,0x7f9c96870000, PROT_READ, MAP_PRIVATE|MAP_FIXED|MAP_DENYWRITE,4, 0x2000) = 0x7f9c96870000,,,,,,,,,,,,,
mmap,0x7f9c96871000, PROT_READ|PROT_WRITE, MAP_PRIVATE|MAP_FIXED|MAP_DENYWRITE,4, 0x2000) = 0x7f9c96871000,,,,,,,,,,,,,
close,4)                                = 0,,,,,,,,,,,,,,,,,
mprotect,0x7f9c96871000, PROT_READ) = 0,,,,,,,,,,,,,,,,
stat,/etc/pam.d, st_size=4096, ...}) = 0,,,,,,,,,,,,,,,
openat,AT_FDCWD, O_RDONLY) = 4,,,,,,,,,,,,,,,,
fstat,4, st_size=1242, ...}) = 0,,,,,,,,,,,,,,,
read,4, 4096) = 1242,,,,,,,,,,,,,,,,
openat,AT_FDCWD, O_RDONLY|O_CLOEXEC) = 5,,,,,,,,,,,,,,,,
read,5, 832) = 832,,,,,,,,,,,,,,,,
fstat,5, st_size=64504, ...}) = 0,,,,,,,,,,,,,,,
mmap,NULL, PROT_READ, MAP_PRIVATE|MAP_DENYWRITE,5, 0) = 0x7f9c95f9e000,,,,,,,,,,,,,
mmap,0x7f9c95fa1000, PROT_READ|PROT_EXEC, MAP_PRIVATE|MAP_FIXED|MAP_DENYWRITE,5, 0x3000) = 0x7f9c95fa1000,,,,,,,,,,,,,
mmap,0x7f9c95faa000, PROT_READ, MAP_PRIVATE|MAP_FIXED|MAP_DENYWRITE,5, 0xc000) = 0x7f9c95faa000,,,,,,,,,,,,,
mmap,0x7f9c95fad000, PROT_READ|PROT_WRITE, MAP_PRIVATE|MAP_FIXED|MAP_DENYWRITE,5, 0xe000) = 0x7f9c95fad000,,,,,,,,,,,,,
mmap,0x7f9c95faf000, PROT_READ|PROT_WRITE, MAP_PRIVATE|MAP_FIXED|MAP_ANONYMOUS,-1, 0) = 0x7f9c95faf000,,,,,,,,,,,,,
close,5)                                = 0,,,,,,,,,,,,,,,,,
openat,AT_FDCWD, O_RDONLY|O_CLOEXEC) = 5,,,,,,,,,,,,,,,,
fstat,5, st_size=69600, ...}) = 0,,,,,,,,,,,,,,,
mmap,NULL, PROT_READ, MAP_PRIVATE,5, 0) = 0x7f9c95f8d000,,,,,,,,,,,,,
close,5)                                = 0,,,,,,,,,,,,,,,,,
openat,AT_FDCWD, O_RDONLY|O_CLOEXEC) = 5,,,,,,,,,,,,,,,,
read,5, 832) = 832,,,,,,,,,,,,,,,,
fstat,5, st_size=202760, ...}) = 0,,,,,,,,,,,,,,,
mmap,NULL, PROT_READ, MAP_PRIVATE|MAP_DENYWRITE,5, 0) = 0x7f9c95f52000,,,,,,,,,,,,,
mmap,0x7f9c95f54000, PROT_READ|PROT_EXEC, MAP_PRIVATE|MAP_FIXED|MAP_DENYWRITE,5, 0x2000) = 0x7f9c95f54000,,,,,,,,,,,,,
mmap,0x7f9c95f69000, PROT_READ, MAP_PRIVATE|MAP_FIXED|MAP_DENYWRITE,5, 0x17000) = 0x7f9c95f69000,,,,,,,,,,,,,
mmap,0x7f9c95f83000, PROT_READ|PROT_WRITE, MAP_PRIVATE|MAP_FIXED|MAP_DENYWRITE,5, 0x30000) = 0x7f9c95f83000,,,,,,,,,,,,,
mmap,0x7f9c95f85000, PROT_READ|PROT_WRITE, MAP_PRIVATE|MAP_FIXED|MAP_ANONYMOUS,-1, 0) = 0x7f9c95f85000,,,,,,,,,,,,,
close,5)                                = 0,,,,,,,,,,,,,,,,,
openat,AT_FDCWD, O_RDONLY|O_CLOEXEC) = 5,,,,,,,,,,,,,,,,
read,5, 832) = 832,,,,,,,,,,,,,,,,
fstat,5, st_size=105560, ...}) = 0,,,,,,,,,,,,,,,
mmap,NULL, PROT_READ, MAP_PRIVATE|MAP_DENYWRITE,5, 0) = 0x7f9c95f35000,,,,,,,,,,,,,
mmap,0x7f9c95f39000, PROT_READ|PROT_EXEC, MAP_PRIVATE|MAP_FIXED|MAP_DENYWRITE,5, 0x4000) = 0x7f9c95f39000,,,,,,,,,,,,,
mmap,0x7f9c95f49000, PROT_READ, MAP_PRIVATE|MAP_FIXED|MAP_DENYWRITE,5, 0x14000) = 0x7f9c95f49000,,,,,,,,,,,,,
mmap,0x7f9c95f4e000, PROT_READ|PROT_WRITE, MAP_PRIVATE|MAP_FIXED|MAP_DENYWRITE,5, 0x18000) = 0x7f9c95f4e000,,,,,,,,,,,,,
mmap,0x7f9c95f50000, PROT_READ|PROT_WRITE, MAP_PRIVATE|MAP_FIXED|MAP_ANONYMOUS,-1, 0) = 0x7f9c95f50000,,,,,,,,,,,,,
close,5)                                = 0,,,,,,,,,,,,,,,,,
mprotect,0x7f9c95f4e000, PROT_READ) = 0,,,,,,,,,,,,,,,,
mprotect,0x7f9c95f83000, PROT_READ) = 0,,,,,,,,,,,,,,,,
mprotect,0x7f9c95fad000, PROT_READ) = 0,,,,,,,,,,,,,,,,
munmap,0x7f9c95f8d000,,,,,,,,,,,,,,,,,
openat,AT_FDCWD, O_RDONLY|O_CLOEXEC) = 5,,,,,,,,,,,,,,,,
read,5, 832) = 832,,,,,,,,,,,,,,,,
fstat,5, st_size=14048, ...}) = 0,,,,,,,,,,,,,,,
mmap,NULL, PROT_READ, MAP_PRIVATE|MAP_DENYWRITE,5, 0) = 0x7f9c96869000,,,,,,,,,,,,,
mmap,0x7f9c9686a000, PROT_READ|PROT_EXEC, MAP_PRIVATE|MAP_FIXED|MAP_DENYWRITE,5, 0x1000) = 0x7f9c9686a000,,,,,,,,,,,,,
mmap,0x7f9c9686b000, PROT_READ, MAP_PRIVATE|MAP_FIXED|MAP_DENYWRITE,5, 0x2000) = 0x7f9c9686b000,,,,,,,,,,,,,
mmap,0x7f9c9686c000, PROT_READ|PROT_WRITE, MAP_PRIVATE|MAP_FIXED|MAP_DENYWRITE,5, 0x2000) = 0x7f9c9686c000,,,,,,,,,,,,,
close,5)                                = 0,,,,,,,,,,,,,,,,,
mprotect,0x7f9c9686c000, PROT_READ) = 0,,,,,,,,,,,,,,,,
openat,AT_FDCWD, O_RDONLY|O_CLOEXEC) = 5,,,,,,,,,,,,,,,,
read,5, 832) = 832,,,,,,,,,,,,,,,,
fstat,5, st_size=14448, ...}) = 0,,,,,,,,,,,,,,,
mmap,NULL, PROT_READ, MAP_PRIVATE|MAP_DENYWRITE,5, 0) = 0x7f9c95f99000,,,,,,,,,,,,,
mmap,0x7f9c95f9a000, PROT_READ|PROT_EXEC, MAP_PRIVATE|MAP_FIXED|MAP_DENYWRITE,5, 0x1000) = 0x7f9c95f9a000,,,,,,,,,,,,,
mmap,0x7f9c95f9b000, PROT_READ, MAP_PRIVATE|MAP_FIXED|MAP_DENYWRITE,5, 0x2000) = 0x7f9c95f9b000,,,,,,,,,,,,,
mmap,0x7f9c95f9c000, PROT_READ|PROT_WRITE, MAP_PRIVATE|MAP_FIXED|MAP_DENYWRITE,5, 0x2000) = 0x7f9c95f9c000,,,,,,,,,,,,,
close,5)                                = 0,,,,,,,,,,,,,,,,,
mprotect,0x7f9c95f9c000, PROT_READ) = 0,,,,,,,,,,,,,,,,
openat,AT_FDCWD, O_RDONLY|O_CLOEXEC) = 5,,,,,,,,,,,,,,,,
read,5, 832) = 832,,,,,,,,,,,,,,,,
fstat,5, st_size=18424, ...}) = 0,,,,,,,,,,,,,,,
mmap,NULL, PROT_READ, MAP_PRIVATE|MAP_DENYWRITE,5, 0) = 0x7f9c95f93000,,,,,,,,,,,,,
mmap,0x7f9c95f94000, PROT_READ|PROT_EXEC, MAP_PRIVATE|MAP_FIXED|MAP_DENYWRITE,5, 0x1000) = 0x7f9c95f94000,,,,,,,,,,,,,
mmap,0x7f9c95f96000, PROT_READ, MAP_PRIVATE|MAP_FIXED|MAP_DENYWRITE,5, 0x3000) = 0x7f9c95f96000,,,,,,,,,,,,,
mmap,0x7f9c95f97000, PROT_READ|PROT_WRITE, MAP_PRIVATE|MAP_FIXED|MAP_DENYWRITE,5, 0x3000) = 0x7f9c95f97000,,,,,,,,,,,,,
close,5)                                = 0,,,,,,,,,,,,,,,,,
openat,AT_FDCWD, O_RDONLY|O_CLOEXEC) = 5,,,,,,,,,,,,,,,,
fstat,5, st_size=69600, ...}) = 0,,,,,,,,,,,,,,,
mmap,NULL, PROT_READ, MAP_PRIVATE,5, 0) = 0x7f9c95f24000,,,,,,,,,,,,,
close,5)                                = 0,,,,,,,,,,,,,,,,,
openat,AT_FDCWD, O_RDONLY|O_CLOEXEC) = 5,,,,,,,,,,,,,,,,
read,5, 832) = 832,,,,,,,,,,,,,,,,
fstat,5, st_size=31120, ...}) = 0,,,,,,,,,,,,,,,
mmap,NULL, PROT_READ, MAP_PRIVATE|MAP_DENYWRITE,5, 0) = 0x7f9c95f1b000,,,,,,,,,,,,,
mprotect,0x7f9c95f1d000, PROT_NONE) = 0,,,,,,,,,,,,,,,,
mmap,0x7f9c95f1d000, PROT_READ|PROT_EXEC, MAP_PRIVATE|MAP_FIXED|MAP_DENYWRITE,5, 0x2000) = 0x7f9c95f1d000,,,,,,,,,,,,,
mmap,0x7f9c95f20000, PROT_READ, MAP_PRIVATE|MAP_FIXED|MAP_DENYWRITE,5, 0x5000) = 0x7f9c95f20000,,,,,,,,,,,,,
mmap,0x7f9c95f22000, PROT_READ|PROT_WRITE, MAP_PRIVATE|MAP_FIXED|MAP_DENYWRITE,5, 0x6000) = 0x7f9c95f22000,,,,,,,,,,,,,
close,5)                                = 0,,,,,,,,,,,,,,,,,
mprotect,0x7f9c95f22000, PROT_READ) = 0,,,,,,,,,,,,,,,,
mprotect,0x7f9c95f97000, PROT_READ) = 0,,,,,,,,,,,,,,,,
prctl,PR_CAPBSET_READ,,,,,,,,,,,,,,,,,
prctl,PR_CAPBSET_READ,,,,,,,,,,,,,,,,,
prctl,PR_CAPBSET_READ,,,,,,,,,,,,,,,,,
prctl,PR_CAPBSET_READ,,,,,,,,,,,,,,,,,
prctl,PR_CAPBSET_READ,,,,,,,,,,,,,,,,,
prctl,PR_CAPBSET_READ,,,,,,,,,,,,,,,,,
munmap,0x7f9c95f24000,,,,,,,,,,,,,,,,,
read,4, 4096)                       = 0,,,,,,,,,,,,,,,,
close,4)                                = 0,,,,,,,,,,,,,,,,,
stat,/etc/pam.d, st_size=4096, ...}) = 0,,,,,,,,,,,,,,,
openat,AT_FDCWD, O_RDONLY) = 4,,,,,,,,,,,,,,,,
fstat,4, st_size=1208, ...}) = 0,,,,,,,,,,,,,,,
read,4, 4096) = 1208,,,,,,,,,,,,,,,,
read,4, 4096)                       = 0,,,,,,,,,,,,,,,,
close,4)                                = 0,,,,,,,,,,,,,,,,,
stat,/etc/pam.d, st_size=4096, ...}) = 0,,,,,,,,,,,,,,,
openat,AT_FDCWD, O_RDONLY) = 4,,,,,,,,,,,,,,,,
fstat,4, st_size=1470, ...}) = 0,,,,,,,,,,,,,,,
read,4, 4096) = 1470,,,,,,,,,,,,,,,,
openat,AT_FDCWD, O_RDONLY|O_CLOEXEC) = 5,,,,,,,,,,,,,,,,
read,5, 832) = 832,,,,,,,,,,,,,,,,
fstat,5, st_size=14624, ...}) = 0,,,,,,,,,,,,,,,
mmap,NULL, PROT_READ, MAP_PRIVATE|MAP_DENYWRITE,5, 0) = 0x7f9c95f8e000,,,,,,,,,,,,,
mmap,0x7f9c95f8f000, PROT_READ|PROT_EXEC, MAP_PRIVATE|MAP_FIXED|MAP_DENYWRITE,5, 0x1000) = 0x7f9c95f8f000,,,,,,,,,,,,,
mmap,0x7f9c95f90000, PROT_READ, MAP_PRIVATE|MAP_FIXED|MAP_DENYWRITE,5, 0x2000) = 0x7f9c95f90000,,,,,,,,,,,,,
mmap,0x7f9c95f91000, PROT_READ|PROT_WRITE, MAP_PRIVATE|MAP_FIXED|MAP_DENYWRITE,5, 0x2000) = 0x7f9c95f91000,,,,,,,,,,,,,
close,5)                                = 0,,,,,,,,,,,,,,,,,
mprotect,0x7f9c95f91000, PROT_READ) = 0,,,,,,,,,,,,,,,,
openat,AT_FDCWD, O_RDONLY|O_CLOEXEC) = 5,,,,,,,,,,,,,,,,
read,5, 832) = 832,,,,,,,,,,,,,,,,
fstat,5, st_size=475944, ...}) = 0,,,,,,,,,,,,,,,
mmap,NULL, PROT_READ, MAP_PRIVATE|MAP_DENYWRITE,5, 0) = 0x7f9c95ea5000,,,,,,,,,,,,,
mmap,0x7f9c95eaf000, PROT_READ|PROT_EXEC, MAP_PRIVATE|MAP_FIXED|MAP_DENYWRITE,5, 0xa000) = 0x7f9c95eaf000,,,,,,,,,,,,,
mmap,0x7f9c95efb000, PROT_READ, MAP_PRIVATE|MAP_FIXED|MAP_DENYWRITE,5, 0x56000) = 0x7f9c95efb000,,,,,,,,,,,,,
mmap,0x7f9c95f14000, PROT_READ|PROT_WRITE, MAP_PRIVATE|MAP_FIXED|MAP_DENYWRITE,5, 0x6e000) = 0x7f9c95f14000,,,,,,,,,,,,,
mmap,0x7f9c95f1a000, PROT_READ|PROT_WRITE, MAP_PRIVATE|MAP_FIXED|MAP_ANONYMOUS,-1, 0) = 0x7f9c95f1a000,,,,,,,,,,,,,
close,5)                                = 0,,,,,,,,,,,,,,,,,
mprotect,0x7f9c95f14000, PROT_READ) = 0,,,,,,,,,,,,,,,,
read,4, 4096)                       = 0,,,,,,,,,,,,,,,,
close,4)                                = 0,,,,,,,,,,,,,,,,,
read,3, 4096)                       = 0,,,,,,,,,,,,,,,,
close,3)                                = 0,,,,,,,,,,,,,,,,,
openat,AT_FDCWD, O_RDONLY) = 3,,,,,,,,,,,,,,,,
fstat,3, st_size=520, ...}) = 0,,,,,,,,,,,,,,,
read,3, 4096) = 520,,,,,,,,,,,,,,,,
stat,/etc/pam.d, st_size=4096, ...}) = 0,,,,,,,,,,,,,,,
openat,AT_FDCWD, O_RDONLY) = 4,,,,,,,,,,,,,,,,
fstat,4, st_size=1242, ...}) = 0,,,,,,,,,,,,,,,
read,4, 4096) = 1242,,,,,,,,,,,,,,,,
read,4, 4096)                       = 0,,,,,,,,,,,,,,,,
close,4)                                = 0,,,,,,,,,,,,,,,,,
stat,/etc/pam.d, st_size=4096, ...}) = 0,,,,,,,,,,,,,,,
openat,AT_FDCWD, O_RDONLY) = 4,,,,,,,,,,,,,,,,
fstat,4, st_size=1208, ...}) = 0,,,,,,,,,,,,,,,
read,4, 4096) = 1208,,,,,,,,,,,,,,,,
read,4, 4096)                       = 0,,,,,,,,,,,,,,,,
close,4)                                = 0,,,,,,,,,,,,,,,,,
stat,/etc/pam.d, st_size=4096, ...}) = 0,,,,,,,,,,,,,,,
openat,AT_FDCWD, O_RDONLY) = 4,,,,,,,,,,,,,,,,
fstat,4, st_size=1480, ...}) = 0,,,,,,,,,,,,,,,
read,4, 4096) = 1480,,,,,,,,,,,,,,,,
openat,AT_FDCWD, O_RDONLY|O_CLOEXEC) = 5,,,,,,,,,,,,,,,,
read,5, 832) = 832,,,,,,,,,,,,,,,,
fstat,5, st_size=47168, ...}) = 0,,,,,,,,,,,,,,,
mmap,NULL, PROT_READ, MAP_PRIVATE|MAP_DENYWRITE,5, 0) = 0x7f9c95f28000,,,,,,,,,,,,,
mmap,0x7f9c95f2a000, PROT_READ|PROT_EXEC, MAP_PRIVATE|MAP_FIXED|MAP_DENYWRITE,5, 0x2000) = 0x7f9c95f2a000,,,,,,,,,,,,,
mmap,0x7f9c95f30000, PROT_READ, MAP_PRIVATE|MAP_FIXED|MAP_DENYWRITE,5, 0x8000) = 0x7f9c95f30000,,,,,,,,,,,,,
mmap,0x7f9c95f33000, PROT_READ|PROT_WRITE, MAP_PRIVATE|MAP_FIXED|MAP_DENYWRITE,5, 0xa000) = 0x7f9c95f33000,,,,,,,,,,,,,
close,5)                                = 0,,,,,,,,,,,,,,,,,
mprotect,0x7f9c95f33000, PROT_READ) = 0,,,,,,,,,,,,,,,,
read,4, 4096)                       = 0,,,,,,,,,,,,,,,,
close,4)                                = 0,,,,,,,,,,,,,,,,,
stat,/etc/pam.d, st_size=4096, ...}) = 0,,,,,,,,,,,,,,,
openat,AT_FDCWD, O_RDONLY) = 4,,,,,,,,,,,,,,,,
fstat,4, st_size=1470, ...}) = 0,,,,,,,,,,,,,,,
read,4, 4096) = 1470,,,,,,,,,,,,,,,,
read,4, 4096)                       = 0,,,,,,,,,,,,,,,,
close,4)                                = 0,,,,,,,,,,,,,,,,,
read,3, 4096)                       = 0,,,,,,,,,,,,,,,,
close,3)                                = 0,,,,,,,,,,,,,,,,,
openat,AT_FDCWD, O_RDONLY|O_CLOEXEC) = 3,,,,,,,,,,,,,,,,
lseek,3, SEEK_CUR)                   = 0,,,,,,,,,,,,,,,,
fstat,3, st_size=2976, ...}) = 0,,,,,,,,,,,,,,,
read,3, 4096) = 2976,,,,,,,,,,,,,,,,
close,3)                                = 0,,,,,,,,,,,,,,,,,
stat,/etc/shells, st_size=116, ...}) = 0,,,,,,,,,,,,,,,
openat,AT_FDCWD, O_RDONLY) = 3,,,,,,,,,,,,,,,,
fstat,3, st_size=116, ...}) = 0,,,,,,,,,,,,,,,
read,3, 4096) = 116,,,,,,,,,,,,,,,,
close,3)                                = 0,,,,,,,,,,,,,,,,,
getuid,)                                = 1000,,,,,,,,,,,,,,,,,
getuid,)                                = 1000,,,,,,,,,,,,,,,,,
openat,AT_FDCWD, O_RDONLY) = 3,,,,,,,,,,,,,,,,
fstat,3, st_size=10550, ...}) = 0,,,,,,,,,,,,,,,
read,3, 4096) = 4096,,,,,,,,,,,,,,,,
read,3, 4096) = 4096,,,,,,,,,,,,,,,,
read,3, 4096) = 2358,,,,,,,,,,,,,,,,
close,3)                                = 0,,,,,,,,,,,,,,,,,
openat,AT_FDCWD, O_RDONLY|O_CLOEXEC) = 3,,,,,,,,,,,,,,,,
lseek,3, SEEK_CUR)                   = 0,,,,,,,,,,,,,,,,
fstat,3, st_size=2976, ...}) = 0,,,,,,,,,,,,,,,
read,3, 4096) = 2976,,,,,,,,,,,,,,,,
close,3)                                = 0,,,,,,,,,,,,,,,,,
openat,AT_FDCWD, O_RDONLY|O_CLOEXEC) = -1 EACCES (Permission denied),,,,,,,,,,,,,,,,
geteuid,)                               = 1000,,,,,,,,,,,,,,,,,
pipe,[3,,,,,,,,,,,,,,,,,
rt_sigaction,SIGCHLD, sa_mask=[], sa_flags=SA_RESTORER, sa_restorer=0x7f9c96648090}, {sa_handler=SIG_DFL, sa_mask=[], sa_flags=0}, 8) = 0,,,,,,,,,,
clone,child_stack=NULL, child_tidptr=0x7f9c9653ff50) = 3622,,,,,,,,,,,,,,,,
write,4, 1)                       = 1,,,,,,,,,,,,,,,,
close,3)                                = 0,,,,,,,,,,,,,,,,,
close,4)                                = 0,,,,,,,,,,,,,,,,,
wait4,3622,0, NULL) = 3622,,,,,,,,,,,,,,,
--- SIGCHLD {si_signo=SIGCHLD,, si_pid=3622, si_uid=1000, si_status=7, si_utime=5, si_stime=3} ---,,,,,,,,,,,,
rt_sigaction,SIGCHLD, sa_mask=[], sa_flags=SA_RESTORER, sa_restorer=0x7f9c96648090}, NULL, 8) = 0,,,,,,,,,,,,
openat,AT_FDCWD, O_RDONLY|O_CLOEXEC) = 3,,,,,,,,,,,,,,,,
fstat,3, st_size=2996, ...}) = 0,,,,,,,,,,,,,,,
read,3, 4096) = 2996,,,,,,,,,,,,,,,,
read,3, 4096)                       = 0,,,,,,,,,,,,,,,,
close,3)                                = 0,,,,,,,,,,,,,,,,,
openat,AT_FDCWD, O_RDONLY) = -1 ENOENT (No such file or directory),,,,,,,,,,,,,,,,
openat,AT_FDCWD, O_RDONLY) = -1 ENOENT (No such file or directory),,,,,,,,,,,,,,,,
openat,AT_FDCWD, O_RDONLY) = -1 ENOENT (No such file or directory),,,,,,,,,,,,,,,,
openat,AT_FDCWD, O_RDONLY) = -1 ENOENT (No such file or directory),,,,,,,,,,,,,,,,
ioctl,0, {B38400 opost isig icanon echo ...}) = 0,,,,,,,,,,,,,,,,
ioctl,0, {B38400 opost isig icanon echo ...}) = 0,,,,,,,,,,,,,,,,
rt_sigprocmask,SIG_BLOCK, [], 8) = 0,,,,,,,,,,,,,,,
ioctl,0, {B38400 opost isig icanon echo ...}) = 0,,,,,,,,,,,,,,,,
ioctl,0, {B38400 opost isig icanon -echo ...}) = 0,,,,,,,,,,,,,,,,
ioctl,0, {B38400 opost isig icanon -echo ...}) = 0,,,,,,,,,,,,,,,,
write,2, 10)              = 10,,,,,,,,,,,,,,,,
read,0, 511)            = 11,,,,,,,,,,,,,,,,
ioctl,0, {B38400 opost isig icanon -echo ...}) = 0,,,,,,,,,,,,,,,,
ioctl,0, {B38400 opost isig icanon echo ...}) = 0,,,,,,,,,,,,,,,,
ioctl,0, {B38400 opost isig icanon echo ...}) = 0,,,,,,,,,,,,,,,,
write,2, 1)                       = 1,,,,,,,,,,,,,,,,
rt_sigprocmask,SIG_SETMASK, NULL, 8) = 0,,,,,,,,,,,,,,,
ioctl,0, {B38400 opost isig icanon echo ...}) = 0,,,,,,,,,,,,,,,,
ioctl,0, {B38400 opost isig icanon echo ...}) = 0,,,,,,,,,,,,,,,,
ioctl,0, {B38400 opost isig icanon echo ...}) = 0,,,,,,,,,,,,,,,,
openat,AT_FDCWD, O_RDONLY|O_CLOEXEC) = 3,,,,,,,,,,,,,,,,
lseek,3, SEEK_CUR)                   = 0,,,,,,,,,,,,,,,,
fstat,3, st_size=2976, ...}) = 0,,,,,,,,,,,,,,,
read,3, 4096) = 2976,,,,,,,,,,,,,,,,
close,3)                                = 0,,,,,,,,,,,,,,,,,
openat,AT_FDCWD, O_RDONLY|O_CLOEXEC) = -1 EACCES (Permission denied),,,,,,,,,,,,,,,,
geteuid,)                               = 1000,,,,,,,,,,,,,,,,,
pipe,[3,,,,,,,,,,,,,,,,,
rt_sigaction,SIGCHLD, sa_mask=[], sa_flags=SA_RESTORER, sa_restorer=0x7f9c96648090}, {sa_handler=SIG_DFL, sa_mask=[], sa_flags=SA_RESTORER, sa_restorer=0x7f9c96648090}, 8) = 0,,,,,,,,,
clone,child_stack=NULL, child_tidptr=0x7f9c9653ff50) = 3623,,,,,,,,,,,,,,,,
write,4, 10)              = 10,,,,,,,,,,,,,,,,
write,4, 1)                       = 1,,,,,,,,,,,,,,,,
close,3)                                = 0,,,,,,,,,,,,,,,,,
close,4)                                = 0,,,,,,,,,,,,,,,,,
wait4,3623,0, NULL) = 3623,,,,,,,,,,,,,,,
--- SIGCHLD {si_signo=SIGCHLD,, si_pid=3623, si_uid=1000, si_status=0, si_utime=6, si_stime=2} ---,,,,,,,,,,,,
rt_sigaction,SIGCHLD, sa_mask=[], sa_flags=SA_RESTORER, sa_restorer=0x7f9c96648090}, NULL, 8) = 0,,,,,,,,,,,,
openat,AT_FDCWD, O_RDONLY|O_CLOEXEC) = 3,,,,,,,,,,,,,,,,
lseek,3, SEEK_CUR)                   = 0,,,,,,,,,,,,,,,,
fstat,3, st_size=2976, ...}) = 0,,,,,,,,,,,,,,,
read,3, 4096) = 2976,,,,,,,,,,,,,,,,
close,3)                                = 0,,,,,,,,,,,,,,,,,
mmap,NULL, PROT_READ|PROT_WRITE, MAP_PRIVATE|MAP_ANONYMOUS,-1, 0) = 0x7f9c95e64000,,,,,,,,,,,,,
socket,AF_UNIX, 0) = 3,,,,,,,,,,,,,,,,
connect,3," sun_path=""/var/run/nscd/socket""}", 110) = -1 ENOENT (No such file or directory),,,,,,,,,,,,,,,
close,3)                                = 0,,,,,,,,,,,,,,,,,
socket,AF_UNIX, 0) = 3,,,,,,,,,,,,,,,,
connect,3," sun_path=""/var/run/nscd/socket""}", 110) = -1 ENOENT (No such file or directory),,,,,,,,,,,,,,,
close,3)                                = 0,,,,,,,,,,,,,,,,,
openat,AT_FDCWD, O_RDONLY|O_CLOEXEC) = 3,,,,,,,,,,,,,,,,
lseek,3, SEEK_CUR)                   = 0,,,,,,,,,,,,,,,,
fstat,3, st_size=1139, ...}) = 0,,,,,,,,,,,,,,,
read,3, 4096) = 1139,,,,,,,,,,,,,,,,
lseek,3, SEEK_CUR)                   = 1139,,,,,,,,,,,,,,,,
lseek,3, SEEK_CUR)                   = 1139,,,,,,,,,,,,,,,,
lseek,3, SEEK_CUR)                   = 1139,,,,,,,,,,,,,,,,
lseek,3, SEEK_CUR)                   = 1139,,,,,,,,,,,,,,,,
lseek,3, SEEK_CUR)                   = 1139,,,,,,,,,,,,,,,,
lseek,3, SEEK_CUR)                   = 1139,,,,,,,,,,,,,,,,
lseek,3, SEEK_CUR)                   = 1139,,,,,,,,,,,,,,,,
lseek,3, SEEK_CUR)                   = 1139,,,,,,,,,,,,,,,,
lseek,3, SEEK_CUR)                   = 1139,,,,,,,,,,,,,,,,
lseek,3, SEEK_CUR)                   = 1139,,,,,,,,,,,,,,,,
lseek,3, SEEK_CUR)                   = 1139,,,,,,,,,,,,,,,,
lseek,3, SEEK_CUR)                   = 1139,,,,,,,,,,,,,,,,
lseek,3, SEEK_CUR)                   = 1139,,,,,,,,,,,,,,,,
lseek,3, SEEK_CUR)                   = 1139,,,,,,,,,,,,,,,,
lseek,3, SEEK_CUR)                   = 1139,,,,,,,,,,,,,,,,
lseek,3, SEEK_CUR)                   = 1139,,,,,,,,,,,,,,,,
lseek,3, SEEK_CUR)                   = 1139,,,,,,,,,,,,,,,,
lseek,3, SEEK_CUR)                   = 1139,,,,,,,,,,,,,,,,
lseek,3, SEEK_CUR)                   = 1139,,,,,,,,,,,,,,,,
lseek,3, SEEK_CUR)                   = 1139,,,,,,,,,,,,,,,,
lseek,3, SEEK_CUR)                   = 1139,,,,,,,,,,,,,,,,
lseek,3, SEEK_CUR)                   = 1139,,,,,,,,,,,,,,,,
lseek,3, SEEK_CUR)                   = 1139,,,,,,,,,,,,,,,,
lseek,3, SEEK_CUR)                   = 1139,,,,,,,,,,,,,,,,
lseek,3, SEEK_CUR)                   = 1139,,,,,,,,,,,,,,,,
lseek,3, SEEK_CUR)                   = 1139,,,,,,,,,,,,,,,,
lseek,3, SEEK_CUR)                   = 1139,,,,,,,,,,,,,,,,
lseek,3, SEEK_CUR)                   = 1139,,,,,,,,,,,,,,,,
lseek,3, SEEK_CUR)                   = 1139,,,,,,,,,,,,,,,,
lseek,3, SEEK_CUR)                   = 1139,,,,,,,,,,,,,,,,
lseek,3, SEEK_CUR)                   = 1139,,,,,,,,,,,,,,,,
lseek,3, SEEK_CUR)                   = 1139,,,,,,,,,,,,,,,,
lseek,3, SEEK_CUR)                   = 1139,,,,,,,,,,,,,,,,
lseek,3, SEEK_CUR)                   = 1139,,,,,,,,,,,,,,,,
lseek,3, SEEK_CUR)                   = 1139,,,,,,,,,,,,,,,,
lseek,3, SEEK_CUR)                   = 1139,,,,,,,,,,,,,,,,
lseek,3, SEEK_CUR)                   = 1139,,,,,,,,,,,,,,,,
lseek,3, SEEK_CUR)                   = 1139,,,,,,,,,,,,,,,,
lseek,3, SEEK_CUR)                   = 1139,,,,,,,,,,,,,,,,
lseek,3, SEEK_CUR)                   = 1139,,,,,,,,,,,,,,,,
lseek,3, SEEK_CUR)                   = 1139,,,,,,,,,,,,,,,,
lseek,3, SEEK_CUR)                   = 1139,,,,,,,,,,,,,,,,
lseek,3, SEEK_CUR)                   = 1139,,,,,,,,,,,,,,,,
lseek,3, SEEK_CUR)                   = 1139,,,,,,,,,,,,,,,,
lseek,3, SEEK_CUR)                   = 1139,,,,,,,,,,,,,,,,
lseek,3, SEEK_CUR)                   = 1139,,,,,,,,,,,,,,,,
lseek,3, SEEK_CUR)                   = 1139,,,,,,,,,,,,,,,,
lseek,3, SEEK_CUR)                   = 1139,,,,,,,,,,,,,,,,
lseek,3, SEEK_CUR)                   = 1139,,,,,,,,,,,,,,,,
lseek,3, SEEK_CUR)                   = 1139,,,,,,,,,,,,,,,,
lseek,3, SEEK_CUR)                   = 1139,,,,,,,,,,,,,,,,
lseek,3, SEEK_CUR)                   = 1139,,,,,,,,,,,,,,,,
lseek,3, SEEK_CUR)                   = 1139,,,,,,,,,,,,,,,,
lseek,3, SEEK_CUR)                   = 1139,,,,,,,,,,,,,,,,
lseek,3, SEEK_CUR)                   = 1139,,,,,,,,,,,,,,,,
lseek,3, SEEK_CUR)                   = 1139,,,,,,,,,,,,,,,,
lseek,3, SEEK_CUR)                   = 1139,,,,,,,,,,,,,,,,
lseek,3, SEEK_CUR)                   = 1139,,,,,,,,,,,,,,,,
lseek,3, SEEK_CUR)                   = 1139,,,,,,,,,,,,,,,,
lseek,3, SEEK_CUR)                   = 1139,,,,,,,,,,,,,,,,
lseek,3, SEEK_CUR)                   = 1139,,,,,,,,,,,,,,,,
lseek,3, SEEK_CUR)                   = 1139,,,,,,,,,,,,,,,,
lseek,3, SEEK_CUR)                   = 1139,,,,,,,,,,,,,,,,
lseek,3, SEEK_CUR)                   = 1139,,,,,,,,,,,,,,,,
lseek,3, SEEK_CUR)                   = 1139,,,,,,,,,,,,,,,,
lseek,3, SEEK_CUR)                   = 1139,,,,,,,,,,,,,,,,
lseek,3, SEEK_CUR)                   = 1139,,,,,,,,,,,,,,,,
lseek,3, SEEK_CUR)                   = 1139,,,,,,,,,,,,,,,,
lseek,3, SEEK_CUR)                   = 1139,,,,,,,,,,,,,,,,
lseek,3, SEEK_CUR)                   = 1139,,,,,,,,,,,,,,,,
lseek,3, SEEK_CUR)                   = 1139,,,,,,,,,,,,,,,,
lseek,3, SEEK_CUR)                   = 1139,,,,,,,,,,,,,,,,
lseek,3, SEEK_CUR)                   = 1139,,,,,,,,,,,,,,,,
lseek,3, SEEK_CUR)                   = 1139,,,,,,,,,,,,,,,,
lseek,3, SEEK_CUR)                   = 1139,,,,,,,,,,,,,,,,
lseek,3, SEEK_CUR)                   = 1139,,,,,,,,,,,,,,,,
lseek,3, SEEK_CUR)                   = 1139,,,,,,,,,,,,,,,,
lseek,3, SEEK_CUR)                   = 1139,,,,,,,,,,,,,,,,
read,3, 4096)                       = 0,,,,,,,,,,,,,,,,
close,3)                                = 0,,,,,,,,,,,,,,,,,
openat,AT_FDCWD, O_RDONLY|O_CLOEXEC) = 3,,,,,,,,,,,,,,,,
fstat,3, st_size=69600, ...}) = 0,,,,,,,,,,,,,,,
mmap,NULL, PROT_READ, MAP_PRIVATE,3, 0) = 0x7f9c95e53000,,,,,,,,,,,,,
close,3)                                = 0,,,,,,,,,,,,,,,,,
openat,AT_FDCWD, O_RDONLY|O_CLOEXEC) = 3,,,,,,,,,,,,,,,,
read,3, 832) = 832,,,,,,,,,,,,,,,,
fstat,3, st_size=239896, ...}) = 0,,,,,,,,,,,,,,,
mmap,NULL, PROT_READ, MAP_PRIVATE|MAP_DENYWRITE,3, 0) = 0x7f9c95e17000,,,,,,,,,,,,,
mmap,0x7f9c95e1d000, PROT_READ|PROT_EXEC, MAP_PRIVATE|MAP_FIXED|MAP_DENYWRITE,3, 0x6000) = 0x7f9c95e1d000,,,,,,,,,,,,,
mmap,0x7f9c95e43000, PROT_READ, MAP_PRIVATE|MAP_FIXED|MAP_DENYWRITE,3, 0x2c000) = 0x7f9c95e43000,,,,,,,,,,,,,
mmap,0x7f9c95e4f000, PROT_READ|PROT_WRITE, MAP_PRIVATE|MAP_FIXED|MAP_DENYWRITE,3, 0x37000) = 0x7f9c95e4f000,,,,,,,,,,,,,
close,3)                                = 0,,,,,,,,,,,,,,,,,
mprotect,0x7f9c95e4f000, PROT_READ) = 0,,,,,,,,,,,,,,,,
munmap,0x7f9c95e53000,,,,,,,,,,,,,,,,,
rt_sigprocmask,SIG_BLOCK, [], 8) = 0,,,,,,,,,,,,,,,
gettid,)                                = 3621,,,,,,,,,,,,,,,,,
socket,AF_UNIX, 0) = 3,,,,,,,,,,,,,,,,
connect,3," sun_path=@""userdb-e67384acfbec0d684ddde4442e30e3cc""}", 42) = -1 ECONNREFUSED (Connection refused),,,,,,,,,,,,,,,
close,3)                                = 0,,,,,,,,,,,,,,,,,
openat,AT_FDCWD, O_RDONLY|O_NONBLOCK|O_CLOEXEC|O_DIRECTORY) = 3,,,,,,,,,,,,,,,,
fstat,3, st_size=60, ...}) = 0,,,,,,,,,,,,,,,
getdents64,3, 32768)   = 96,,,,,,,,,,,,,,,,
socket,AF_UNIX, 0) = 4,,,,,,,,,,,,,,,,
connect,4," sun_path=""/run/systemd/userdb/io.systemd.DynamicUser""}", 45) = 0,,,,,,,,,,,,,,,
getpid,)                                = 3621,,,,,,,,,,,,,,,,,
epoll_create1,EPOLL_CLOEXEC)            = 5,,,,,,,,,,,,,,,,,
timerfd_create,CLOCK_MONOTONIC,,,,,,,,,,,,,,,,,
epoll_ctl,5,6, {EPOLLIN, {u32=1567513104, u64=94894574950928}}) = 0,,,,,,,,,,,,,
epoll_ctl,5,4, {0, {u32=1567514848, u64=94894574952672}}) = 0,,,,,,,,,,,,,
gettid,)                                = 3621,,,,,,,,,,,,,,,,,
futex,0x7f9c95e529a0, 2147483647) = 0,,,,,,,,,,,,,,,,
getdents64,3, 32768)   = 0,,,,,,,,,,,,,,,,
close,3)                                = 0,,,,,,,,,,,,,,,,,
epoll_ctl,5,4, {EPOLLIN|EPOLLOUT, {u32=1567514848, u64=94894574952672}}) = 0,,,,,,,,,,,,,
openat,AT_FDCWD, O_RDONLY|O_NOCTTY|O_CLOEXEC) = 3,,,,,,,,,,,,,,,,
read,3, 38) = 37,,,,,,,,,,,,,,,,
read,3, 1)                          = 0,,,,,,,,,,,,,,,,
close,3)                                = 0,,,,,,,,,,,,,,,,,
timerfd_settime,6, {it_interval={tv_sec=0, tv_nsec=0}, it_value={tv_sec=3253, tv_nsec=66013000}}, NULL) = 0,,,,,,,,,,,,
epoll_wait,5, {u32=1567514848, u64=94894574952672}}],4, 0) = 1,,,,,,,,,,,,,
timerfd_create,CLOCK_BOOTTIME,,,,,,,,,,,,,,,,,
close,3)                                = 0,,,,,,,,,,,,,,,,,
sendto,4,134, MSG_DONTWAIT|MSG_NOSIGNAL, NULL, 0) = 134,,,,,,,,,,,,,
epoll_ctl,5,4, {EPOLLIN, {u32=1567514848, u64=94894574952672}}) = 0,,,,,,,,,,,,,
epoll_wait,5, {u32=1567514848, u64=94894574952672}}],4, 0) = 1,,,,,,,,,,,,,
mmap,NULL, PROT_READ|PROT_WRITE, MAP_PRIVATE|MAP_ANONYMOUS,-1, 0) = 0x7f9c95df6000,,,,,,,,,,,,,
mremap,0x7f9c95df6000,139264, MREMAP_MAYMOVE) = 0x7f9c95dd4000,,,,,,,,,,,,,,,
recvfrom,4,135152, MSG_DONTWAIT, NULL, NULL) = 66,,,,,,,,,,,,,
epoll_ctl,5,4, {0, {u32=1567514848, u64=94894574952672}}) = 0,,,,,,,,,,,,,
epoll_wait,5,4, 0)                 = 0,,,,,,,,,,,,,,,
epoll_wait,5,4, 0)                 = 0,,,,,,,,,,,,,,,
epoll_ctl,5,4, NULL)    = 0,,,,,,,,,,,,,,,
close,4)                                = 0,,,,,,,,,,,,,,,,,
munmap,0x7f9c95dd4000,,,,,,,,,,,,,,,,,
rt_sigprocmask,SIG_SETMASK, NULL, 8) = 0,,,,,,,,,,,,,,,
close,5)                                = 0,,,,,,,,,,,,,,,,,
close,6)                                = 0,,,,,,,,,,,,,,,,,
munmap,0x7f9c95e64000,,,,,,,,,,,,,,,,,
openat,AT_FDCWD, O_RDONLY|O_CLOEXEC) = 3,,,,,,,,,,,,,,,,
lseek,3, SEEK_CUR)                   = 0,,,,,,,,,,,,,,,,
fstat,3, st_size=1139, ...}) = 0,,,,,,,,,,,,,,,
read,3, 4096) = 1139,,,,,,,,,,,,,,,,
close,3)                                = 0,,,,,,,,,,,,,,,,,
openat,AT_FDCWD, O_RDONLY|O_CLOEXEC) = 3,,,,,,,,,,,,,,,,
lseek,3, SEEK_CUR)                   = 0,,,,,,,,,,,,,,,,
fstat,3, st_size=1139, ...}) = 0,,,,,,,,,,,,,,,
read,3, 4096) = 1139,,,,,,,,,,,,,,,,
close,3)                                = 0,,,,,,,,,,,,,,,,,
openat,AT_FDCWD, O_RDONLY|O_CLOEXEC) = 3,,,,,,,,,,,,,,,,
lseek,3, SEEK_CUR)                   = 0,,,,,,,,,,,,,,,,
fstat,3, st_size=1139, ...}) = 0,,,,,,,,,,,,,,,
read,3, 4096) = 1139,,,,,,,,,,,,,,,,
close,3)                                = 0,,,,,,,,,,,,,,,,,
openat,AT_FDCWD, O_RDONLY|O_CLOEXEC) = 3,,,,,,,,,,,,,,,,
lseek,3, SEEK_CUR)                   = 0,,,,,,,,,,,,,,,,
fstat,3, st_size=1139, ...}) = 0,,,,,,,,,,,,,,,
read,3, 4096) = 1139,,,,,,,,,,,,,,,,
close,3)                                = 0,,,,,,,,,,,,,,,,,
openat,AT_FDCWD, O_RDONLY|O_CLOEXEC) = 3,,,,,,,,,,,,,,,,
lseek,3, SEEK_CUR)                   = 0,,,,,,,,,,,,,,,,
fstat,3, st_size=1139, ...}) = 0,,,,,,,,,,,,,,,
read,3, 4096) = 1139,,,,,,,,,,,,,,,,
close,3)                                = 0,,,,,,,,,,,,,,,,,
openat,AT_FDCWD, O_RDONLY|O_CLOEXEC) = 3,,,,,,,,,,,,,,,,
lseek,3, SEEK_CUR)                   = 0,,,,,,,,,,,,,,,,
fstat,3, st_size=1139, ...}) = 0,,,,,,,,,,,,,,,
read,3, 4096) = 1139,,,,,,,,,,,,,,,,
close,3)                                = 0,,,,,,,,,,,,,,,,,
openat,AT_FDCWD, O_RDONLY|O_CLOEXEC) = 3,,,,,,,,,,,,,,,,
lseek,3, SEEK_CUR)                   = 0,,,,,,,,,,,,,,,,
fstat,3, st_size=1139, ...}) = 0,,,,,,,,,,,,,,,
read,3, 4096) = 1139,,,,,,,,,,,,,,,,
close,3)                                = 0,,,,,,,,,,,,,,,,,
openat,AT_FDCWD, O_RDONLY|O_CLOEXEC) = 3,,,,,,,,,,,,,,,,
lseek,3, SEEK_CUR)                   = 0,,,,,,,,,,,,,,,,
fstat,3, st_size=1139, ...}) = 0,,,,,,,,,,,,,,,
read,3, 4096) = 1139,,,,,,,,,,,,,,,,
close,3)                                = 0,,,,,,,,,,,,,,,,,
openat,AT_FDCWD, O_RDONLY|O_CLOEXEC) = 3,,,,,,,,,,,,,,,,
lseek,3, SEEK_CUR)                   = 0,,,,,,,,,,,,,,,,
fstat,3, st_size=1139, ...}) = 0,,,,,,,,,,,,,,,
read,3, 4096) = 1139,,,,,,,,,,,,,,,,
close,3)                                = 0,,,,,,,,,,,,,,,,,
openat,AT_FDCWD, O_RDONLY) = 3,,,,,,,,,,,,,,,,
fstat,3, st_size=1793, ...}) = 0,,,,,,,,,,,,,,,
read,3, 4096) = 1793,,,,,,,,,,,,,,,,
close,3)                                = 0,,,,,,,,,,,,,,,,,
socket,AF_NETLINK, NETLINK_AUDIT) = 3,,,,,,,,,,,,,,,,
fcntl,3, FD_CLOEXEC)           = 0,,,,,,,,,,,,,,,,
readlink,/proc/self/exe, 4096) = 13,,,,,,,,,,,,,,,,
ioctl,0, {B38400 opost isig icanon echo ...}) = 0,,,,,,,,,,,,,,,,
fstat,0, st_rdev=makedev(0x88, 0), ...}) = 0,,,,,,,,,,,,,,
readlink,/proc/self/fd/0, 31) = 10,,,,,,,,,,,,,,,,
stat,/dev/pts/0, st_rdev=makedev(0x88, 0), ...}) = 0,,,,,,,,,,,,,,
lstat,/dev/pts/0, st_rdev=makedev(0x88, 0), ...}) = 0,,,,,,,,,,,,,,
uname,"{sysname=""Linux""", ...}) = 0,,,,,,,,,,,,,,,,
sendto,3, type=0x44c /* NLMSG_??? */, flags=NLM_F_REQUEST|NLM_F_ACK, seq=1, pid=0}," ""\x6f\x70\x3d\x50\x41\x4d\x3a\x61\x75\x74\x68\x65\x6e\x74\x69\x63\x61\x74\x69\x6f\x6e\x20\x67\x72\x61\x6e\x74\x6f\x72\x73\x3d\x70""...}",172,0, {sa_family=AF_NETLINK, nl_pid=0, nl_groups=00000000}, 12) = 172,,,,,,
poll,[{fd=3,1, 500)   = 1 ([{fd=3, revents=POLLIN}]),,,,,,,,,,,,,,
recvfrom,3, type=NLMSG_ERROR, flags=0, seq=1, pid=3621}, {error=-EPERM, msg={{len=172, type=AUDIT_FIRST_USER_MSG, flags=NLM_F_REQUEST|NLM_F_ACK, seq=1, pid=0}," ""\x6f\x70\x3d\x50\x41\x4d\x3a\x61\x75\x74\x68\x65\x6e\x74\x69\x63\x61\x74\x69\x6f\x6e\x20\x67\x72\x61\x6e\x74\x6f\x72\x73\x3d\x70""...}}}",8988, MSG_PEEK|MSG_DONTWAIT, {sa_family=AF_NETLINK, nl_pid=0, nl_groups=00000000}, [12]) = 192
recvfrom,3, type=NLMSG_ERROR, flags=0, seq=1, pid=3621}, {error=-EPERM, msg={{len=172, type=AUDIT_FIRST_USER_MSG, flags=NLM_F_REQUEST|NLM_F_ACK, seq=1, pid=0}," ""\x6f\x70\x3d\x50\x41\x4d\x3a\x61\x75\x74\x68\x65\x6e\x74\x69\x63\x61\x74\x69\x6f\x6e\x20\x67\x72\x61\x6e\x74\x6f\x72\x73\x3d\x70""...}}}",8988, MSG_DONTWAIT, {sa_family=AF_NETLINK, nl_pid=0, nl_groups=00000000}, [12]) = 192
capget,{version=0 /* _LINUX_CAPABILITY_VERSION_??? */, NULL) = 0,,,,,,,,,,,,,,,,
gettid,)                                = 3621,,,,,,,,,,,,,,,,,
openat,AT_FDCWD, O_RDONLY) = 4,,,,,,,,,,,,,,,,
read,4, 7)                      = 3,,,,,,,,,,,,,,,,
close,4)                                = 0,,,,,,,,,,,,,,,,,
capget,{version=_LINUX_CAPABILITY_VERSION_3, {effective=0, permitted=0, inheritable=0}) = 0,,,,,,,,,,,,,,
openat,AT_FDCWD, O_RDONLY|O_CLOEXEC) = 4,,,,,,,,,,,,,,,,
fstat,4, st_size=0, ...}) = 0,,,,,,,,,,,,,,,
read,4, 1024) = 1024,,,,,,,,,,,,,,,,
close,4)                                = 0,,,,,,,,,,,,,,,,,
close,3)                                = 0,,,,,,,,,,,,,,,,,
getuid,)                                = 1000,,,,,,,,,,,,,,,,,
openat,AT_FDCWD, O_RDONLY) = 3,,,,,,,,,,,,,,,,
fstat,3, st_size=10550, ...}) = 0,,,,,,,,,,,,,,,
read,3, 4096) = 4096,,,,,,,,,,,,,,,,
read,3, 4096) = 4096,,,,,,,,,,,,,,,,
read,3, 4096) = 2358,,,,,,,,,,,,,,,,
close,3)                                = 0,,,,,,,,,,,,,,,,,
openat,AT_FDCWD, O_RDONLY|O_CLOEXEC) = 3,,,,,,,,,,,,,,,,
lseek,3, SEEK_CUR)                   = 0,,,,,,,,,,,,,,,,
fstat,3, st_size=2976, ...}) = 0,,,,,,,,,,,,,,,
read,3, 4096) = 2976,,,,,,,,,,,,,,,,
close,3)                                = 0,,,,,,,,,,,,,,,,,
openat,AT_FDCWD, O_RDONLY|O_CLOEXEC) = -1 EACCES (Permission denied),,,,,,,,,,,,,,,,
geteuid,)                               = 1000,,,,,,,,,,,,,,,,,
pipe,[3,,,,,,,,,,,,,,,,,
rt_sigaction,SIGCHLD, sa_mask=[], sa_flags=SA_RESTORER, sa_restorer=0x7f9c96648090}, {sa_handler=SIG_DFL, sa_mask=[], sa_flags=SA_RESTORER, sa_restorer=0x7f9c96648090}, 8) = 0,,,,,,,,,
clone,child_stack=NULL, child_tidptr=0x7f9c9653ff50) = 3626,,,,,,,,,,,,,,,,
close,4)                                = 0,,,,,,,,,,,,,,,,,
wait4,3626,0, NULL) = 3626,,,,,,,,,,,,,,,
--- SIGCHLD {si_signo=SIGCHLD,, si_pid=3626, si_uid=1000, si_status=0, si_utime=5, si_stime=1} ---,,,,,,,,,,,,
read,3, 31)                     = 3,,,,,,,,,,,,,,,,
read,3, 28)                         = 0,,,,,,,,,,,,,,,,
close,3)                                = 0,,,,,,,,,,,,,,,,,
rt_sigaction,SIGCHLD, sa_mask=[], sa_flags=SA_RESTORER, sa_restorer=0x7f9c96648090}, NULL, 8) = 0,,,,,,,,,,,,
socket,AF_NETLINK, NETLINK_AUDIT) = 3,,,,,,,,,,,,,,,,
fcntl,3, FD_CLOEXEC)           = 0,,,,,,,,,,,,,,,,
ioctl,0, {B38400 opost isig icanon echo ...}) = 0,,,,,,,,,,,,,,,,
fstat,0, st_rdev=makedev(0x88, 0), ...}) = 0,,,,,,,,,,,,,,
readlink,/proc/self/fd/0, 31) = 10,,,,,,,,,,,,,,,,
stat,/dev/pts/0, st_rdev=makedev(0x88, 0), ...}) = 0,,,,,,,,,,,,,,
lstat,/dev/pts/0, st_rdev=makedev(0x88, 0), ...}) = 0,,,,,,,,,,,,,,
sendto,3, type=0x44d /* NLMSG_??? */, flags=NLM_F_REQUEST|NLM_F_ACK, seq=2, pid=0}," ""\x6f\x70\x3d\x50\x41\x4d\x3a\x61\x63\x63\x6f\x75\x6e\x74\x69\x6e\x67\x20\x67\x72\x61\x6e\x74\x6f\x72\x73\x3d\x70\x61\x6d\x5f\x70""...}",152,0, {sa_family=AF_NETLINK, nl_pid=0, nl_groups=00000000}, 12) = 152,,,,,,
poll,[{fd=3,1, 500)   = 1 ([{fd=3, revents=POLLIN}]),,,,,,,,,,,,,,
recvfrom,3, type=NLMSG_ERROR, flags=0, seq=2, pid=3621}, {error=-EPERM, msg={{len=152, type=0x44d /* AUDIT_??? */, flags=NLM_F_REQUEST|NLM_F_ACK, seq=2, pid=0}," ""\x6f\x70\x3d\x50\x41\x4d\x3a\x61\x63\x63\x6f\x75\x6e\x74\x69\x6e\x67\x20\x67\x72\x61\x6e\x74\x6f\x72\x73\x3d\x70\x61\x6d\x5f\x70""...}}}",8988, MSG_PEEK|MSG_DONTWAIT, {sa_family=AF_NETLINK, nl_pid=0, nl_groups=00000000}, [12]) = 172
recvfrom,3, type=NLMSG_ERROR, flags=0, seq=2, pid=3621}, {error=-EPERM, msg={{len=152, type=0x44d /* AUDIT_??? */, flags=NLM_F_REQUEST|NLM_F_ACK, seq=2, pid=0}," ""\x6f\x70\x3d\x50\x41\x4d\x3a\x61\x63\x63\x6f\x75\x6e\x74\x69\x6e\x67\x20\x67\x72\x61\x6e\x74\x6f\x72\x73\x3d\x70\x61\x6d\x5f\x70""...}}}",8988, MSG_DONTWAIT, {sa_family=AF_NETLINK, nl_pid=0, nl_groups=00000000}, [12]) = 172
capget,{version=0 /* _LINUX_CAPABILITY_VERSION_??? */, NULL) = 0,,,,,,,,,,,,,,,,
gettid,)                                = 3621,,,,,,,,,,,,,,,,,
capget,{version=_LINUX_CAPABILITY_VERSION_3, {effective=0, permitted=0, inheritable=0}) = 0,,,,,,,,,,,,,,
openat,AT_FDCWD, O_RDONLY|O_CLOEXEC) = 4,,,,,,,,,,,,,,,,
fstat,4, st_size=0, ...}) = 0,,,,,,,,,,,,,,,
read,4, 1024) = 1024,,,,,,,,,,,,,,,,
close,4)                                = 0,,,,,,,,,,,,,,,,,
close,3)                                = 0,,,,,,,,,,,,,,,,,
munmap,0x7f9c96873000,,,,,,,,,,,,,,,,,
munmap,0x7f9c9686e000,,,,,,,,,,,,,,,,,
munmap,0x7f9c95f9e000,,,,,,,,,,,,,,,,,
munmap,0x7f9c95f52000,,,,,,,,,,,,,,,,,
munmap,0x7f9c95f35000,,,,,,,,,,,,,,,,,
munmap,0x7f9c96869000,,,,,,,,,,,,,,,,,
munmap,0x7f9c95f99000,,,,,,,,,,,,,,,,,
munmap,0x7f9c95f93000,,,,,,,,,,,,,,,,,
munmap,0x7f9c95f1b000,,,,,,,,,,,,,,,,,
munmap,0x7f9c95f8e000,,,,,,,,,,,,,,,,,
munmap,0x7f9c95ea5000,,,,,,,,,,,,,,,,,
munmap,0x7f9c95f28000,,,,,,,,,,,,,,,,,
openat,AT_FDCWD, O_RDONLY) = -1 ENOENT (No such file or directory),,,,,,,,,,,,,,,,
openat,AT_FDCWD, O_RDONLY) = -1 ENOENT (No such file or directory),,,,,,,,,,,,,,,,
openat,AT_FDCWD, O_RDONLY) = -1 ENOENT (No such file or directory),,,,,,,,,,,,,,,,
openat,AT_FDCWD, O_RDONLY) = -1 ENOENT (No such file or directory),,,,,,,,,,,,,,,,
fstat,1, st_rdev=makedev(0x88, 0), ...}) = 0,,,,,,,,,,,,,,
write,1, 36) = 36,,,,,,,,,,,,,,,,
write,1," or press EN""...", 52) = 52,,,,,,,,,,,,,,,
write,1, 26) = 26,,,,,,,,,,,,,,,,
fstat,0, st_rdev=makedev(0x88, 0), ...}) = 0,,,,,,,,,,,,,,
read,0,,,,,,,,,,,,,,,,,
