Data,,,,,,
execve,/usr/bin/cmp," ""sample.txt"""," ""sample1.txt""]", 0x7ffe02966ce0 /* 51 vars */) = 0,,
brk,NULL)                               = 0x563df10c0000,,,,,
arch_prctl,0x3001 /* ARCH_??? */,,,,,
access,/etc/ld.so.preload,,,,,
openat,AT_FDCWD, O_RDONLY|O_CLOEXEC) = 3,,,,
fstat,3, st_size=69600, ...}) = 0,,,
mmap,NULL, PROT_READ, MAP_PRIVATE,3, 0) = 0x7fb72ab09000,
close,3)                                = 0,,,,,
openat,AT_FDCWD, O_RDONLY|O_CLOEXEC) = 3,,,,
read,3, 832) = 832,,,,
pread64,3,784, 64) = 784,,,
pread64,3,32, 848) = 32,,,
pread64,3,68, 880) = 68,,,
fstat,3, st_size=2029592, ...}) = 0,,,
mmap,NULL, PROT_READ|PROT_WRITE, MAP_PRIVATE|MAP_ANONYMOUS,-1, 0) = 0x7fb72ab07000,
pread64,3,784, 64) = 784,,,
pread64,3,32, 848) = 32,,,
pread64,3,68, 880) = 68,,,
mmap,NULL, PROT_READ, MAP_PRIVATE|MAP_DENYWRITE,3, 0) = 0x7fb72a915000,
mmap,0x7fb72a937000, PROT_READ|PROT_EXEC, MAP_PRIVATE|MAP_FIXED|MAP_DENYWRITE,3, 0x22000) = 0x7fb72a937000,
mmap,0x7fb72aaaf000, PROT_READ, MAP_PRIVATE|MAP_FIXED|MAP_DENYWRITE,3, 0x19a000) = 0x7fb72aaaf000,
mmap,0x7fb72aafd000, PROT_READ|PROT_WRITE, MAP_PRIVATE|MAP_FIXED|MAP_DENYWRITE,3, 0x1e7000) = 0x7fb72aafd000,
mmap,0x7fb72ab03000, PROT_READ|PROT_WRITE, MAP_PRIVATE|MAP_FIXED|MAP_ANONYMOUS,-1, 0) = 0x7fb72ab03000,
close,3)                                = 0,,,,,
arch_prctl,ARCH_SET_FS,,,,,
mprotect,0x7fb72aafd000, PROT_READ) = 0,,,,
mprotect,0x563defda5000, PROT_READ) = 0,,,,
mprotect,0x7fb72ab47000, PROT_READ) = 0,,,,
munmap,0x7fb72ab09000,,,,,
openat,AT_FDCWD, O_RDONLY|O_CLOEXEC) = 3,,,,
fstat,3, st_size=5699248, ...}) = 0,,,
mmap,NULL, PROT_READ, MAP_PRIVATE,3, 0) = 0x7fb72a3a5000,
close,3)                                = 0,,,,,
brk,NULL)                               = 0x563df10c0000,,,,,
brk,0x563df10e1000)                     = 0x563df10e1000,,,,,
sigaltstack,{ss_sp=0x563defda6240, ss_size=8192}, NULL) = 0,,,
openat,AT_FDCWD, O_RDONLY|O_CLOEXEC) = 3,,,,
fstat,3, st_size=2996, ...}) = 0,,,
read,3, 4096) = 2996,,,,
read,3, 4096)                       = 0,,,,
close,3)                                = 0,,,,,
openat,AT_FDCWD, O_RDONLY) = -1 ENOENT (No such file or directory),,,,
openat,AT_FDCWD, O_RDONLY) = -1 ENOENT (No such file or directory),,,,
openat,AT_FDCWD, O_RDONLY) = -1 ENOENT (No such file or directory),,,,
openat,AT_FDCWD, O_RDONLY) = -1 ENOENT (No such file or directory),,,,
rt_sigaction,SIGSEGV, sa_mask=[], sa_flags=SA_RESTORER|SA_ONSTACK|SA_NODEFER|SA_RESETHAND|SA_SIGINFO, sa_restorer=0x7fb72a958090}, NULL, 8) = 0
openat,AT_FDCWD, O_RDONLY) = 3,,,,
fstat,3, st_size=71, ...}) = 0,,,
openat,AT_FDCWD, O_RDONLY) = 4,,,,
fstat,4, st_size=43, ...}) = 0,,,
fstat,1, st_rdev=makedev(0x88, 0), ...}) = 0,,
stat,/dev/null, st_rdev=makedev(0x1, 0x3), ...}) = 0,,
read,3, 4096) = 71,,,,
read,3, 4025)                       = 0,,,,
read,4, 4096) = 43,,,,
read,4, 4053)                       = 0,,,,
fstat,1, st_rdev=makedev(0x88, 0), ...}) = 0,,
write,1, 46) = 46,,,,
close,3)                                = 0,,,,,
close,4)                                = 0,,,,,
close,1)                                = 0,,,,,
exit_group,1)                           = ?,,,,,
+++ exited with 1 +++,,,,,,
