Data,,,,,
execve,/usr/bin/comm," ""sample1.txt"""," ""sample.txt""]", 0x7ffd2906cbd0 /* 50 vars */) = 0,
brk,NULL)                               = 0x55f7f2d93000,,,,
arch_prctl,0x3001 /* ARCH_??? */,,,,
access,/etc/ld.so.preload,,,,
openat,AT_FDCWD, O_RDONLY|O_CLOEXEC) = 3,,,
fstat,3, st_size=69600, ...}) = 0,,
mmap,NULL, PROT_READ, MAP_PRIVATE,3, 0) = 0x7f4febf5a000
close,3)                                = 0,,,,
openat,AT_FDCWD, O_RDONLY|O_CLOEXEC) = 3,,,
read,3, 832) = 832,,,
pread64,3,784, 64) = 784,,
pread64,3,32, 848) = 32,,
pread64,3,68, 880) = 68,,
fstat,3, st_size=2029592, ...}) = 0,,
mmap,NULL, PROT_READ|PROT_WRITE, MAP_PRIVATE|MAP_ANONYMOUS,-1, 0) = 0x7f4febf58000
pread64,3,784, 64) = 784,,
pread64,3,32, 848) = 32,,
pread64,3,68, 880) = 68,,
mmap,NULL, PROT_READ, MAP_PRIVATE|MAP_DENYWRITE,3, 0) = 0x7f4febd66000
mmap,0x7f4febd88000, PROT_READ|PROT_EXEC, MAP_PRIVATE|MAP_FIXED|MAP_DENYWRITE,3, 0x22000) = 0x7f4febd88000
mmap,0x7f4febf00000, PROT_READ, MAP_PRIVATE|MAP_FIXED|MAP_DENYWRITE,3, 0x19a000) = 0x7f4febf00000
mmap,0x7f4febf4e000, PROT_READ|PROT_WRITE, MAP_PRIVATE|MAP_FIXED|MAP_DENYWRITE,3, 0x1e7000) = 0x7f4febf4e000
mmap,0x7f4febf54000, PROT_READ|PROT_WRITE, MAP_PRIVATE|MAP_FIXED|MAP_ANONYMOUS,-1, 0) = 0x7f4febf54000
close,3)                                = 0,,,,
arch_prctl,ARCH_SET_FS,,,,
mprotect,0x7f4febf4e000, PROT_READ) = 0,,,
mprotect,0x55f7f27be000, PROT_READ) = 0,,,
mprotect,0x7f4febf98000, PROT_READ) = 0,,,
munmap,0x7f4febf5a000,,,,
openat,AT_FDCWD, O_RDONLY|O_CLOEXEC) = 3,,,
fstat,3, st_size=5699248, ...}) = 0,,
mmap,NULL, PROT_READ, MAP_PRIVATE,3, 0) = 0x7f4feb7f6000
close,3)                                = 0,,,,
brk,NULL)                               = 0x55f7f2d93000,,,,
brk,0x55f7f2db4000)                     = 0x55f7f2db4000,,,,
openat,AT_FDCWD, O_RDONLY) = 3,,,
fadvise64,3,0, POSIX_FADV_SEQUENTIAL) = 0,,
fstat,3, st_size=43, ...}) = 0,,
read,3, 4096) = 43,,,
openat,AT_FDCWD, O_RDONLY) = 4,,,
fadvise64,4,0, POSIX_FADV_SEQUENTIAL) = 0,,
fstat,4, st_size=55, ...}) = 0,,
read,4, 4096) = 55,,,
fstat,1, st_rdev=makedev(0x88, 0), ...}) = 0,
write,1, 10)            = 10,,,
write,1, 10)            = 10,,,
write,1, 8)               = 8,,,
openat,AT_FDCWD, O_RDONLY|O_CLOEXEC) = 5,,,
fstat,5, st_size=2996, ...}) = 0,,
read,5, 4096) = 2996,,,
read,5, 4096)                       = 0,,,
close,5)                                = 0,,,,
openat,AT_FDCWD, O_RDONLY) = -1 ENOENT (No such file or directory),,,
openat,AT_FDCWD, O_RDONLY) = -1 ENOENT (No such file or directory),,,
openat,AT_FDCWD, O_RDONLY) = -1 ENOENT (No such file or directory),,,
openat,AT_FDCWD, O_RDONLY) = 5,,,
fstat,5, st_size=613, ...}) = 0,,
mmap,NULL, PROT_READ, MAP_PRIVATE,5, 0) = 0x7f4febf97000
close,5)                                = 0,,,,
write,2, 6)                   = 6,,,
write,2, 29) = 29,,,
write,2, 1)                       = 1,,,
write,1, 8)               = 8,,,
write,1, 10)            = 10,,,
write,1, 9)              = 9,,,
write,1, 7)                = 7,,,
read,4, 4096)                       = 0,,,
write,1, 8)                = 8,,,
write,2, 6)                   = 6,,,
write,2, 29) = 29,,,
write,2, 1)                       = 1,,,
write,1, 7)                 = 7,,,
write,1, 6)                  = 6,,,
write,1, 6)                  = 6,,,
write,1, 8)                = 8,,,
write,1, 7)                 = 7,,,
write,1, 1)                       = 1,,,
read,3, 4096)                       = 0,,,
lseek,3, SEEK_CUR)                   = 43,,,
close,3)                                = 0,,,,
lseek,4, SEEK_CUR)                   = 55,,,
close,4)                                = 0,,,,
close,1)                                = 0,,,,
close,2)                                = 0,,,,
exit_group,1)                           = ?,,,,
+++ exited with 1 +++,,,,,
