Data,,,,,,
execve,/usr/bin/csplit," ""sample.txt"""," ""3""]", 0x7ffeb7e825d0 /* 50 vars */) = 0,,
brk,NULL)                               = 0x55eeb7c36000,,,,,
arch_prctl,0x3001 /* ARCH_??? */,,,,,
access,/etc/ld.so.preload,,,,,
openat,AT_FDCWD, O_RDONLY|O_CLOEXEC) = 3,,,,
fstat,3, st_size=69600, ...}) = 0,,,
mmap,NULL, PROT_READ, MAP_PRIVATE,3, 0) = 0x7f00f96d9000,
close,3)                                = 0,,,,,
openat,AT_FDCWD, O_RDONLY|O_CLOEXEC) = 3,,,,
read,3, 832) = 832,,,,
pread64,3,784, 64) = 784,,,
pread64,3,32, 848) = 32,,,
pread64,3,68, 880) = 68,,,
fstat,3, st_size=2029592, ...}) = 0,,,
mmap,NULL, PROT_READ|PROT_WRITE, MAP_PRIVATE|MAP_ANONYMOUS,-1, 0) = 0x7f00f96d7000,
pread64,3,784, 64) = 784,,,
pread64,3,32, 848) = 32,,,
pread64,3,68, 880) = 68,,,
mmap,NULL, PROT_READ, MAP_PRIVATE|MAP_DENYWRITE,3, 0) = 0x7f00f94e5000,
mmap,0x7f00f9507000, PROT_READ|PROT_EXEC, MAP_PRIVATE|MAP_FIXED|MAP_DENYWRITE,3, 0x22000) = 0x7f00f9507000,
mmap,0x7f00f967f000, PROT_READ, MAP_PRIVATE|MAP_FIXED|MAP_DENYWRITE,3, 0x19a000) = 0x7f00f967f000,
mmap,0x7f00f96cd000, PROT_READ|PROT_WRITE, MAP_PRIVATE|MAP_FIXED|MAP_DENYWRITE,3, 0x1e7000) = 0x7f00f96cd000,
mmap,0x7f00f96d3000, PROT_READ|PROT_WRITE, MAP_PRIVATE|MAP_FIXED|MAP_ANONYMOUS,-1, 0) = 0x7f00f96d3000,
close,3)                                = 0,,,,,
arch_prctl,ARCH_SET_FS,,,,,
mprotect,0x7f00f96cd000, PROT_READ) = 0,,,,
mprotect,0x55eeb6125000, PROT_READ) = 0,,,,
mprotect,0x7f00f9717000, PROT_READ) = 0,,,,
munmap,0x7f00f96d9000,,,,,
openat,AT_FDCWD, O_RDONLY|O_CLOEXEC) = 3,,,,
fstat,3, st_size=5699248, ...}) = 0,,,
mmap,NULL, PROT_READ, MAP_PRIVATE,3, 0) = 0x7f00f8f75000,
close,3)                                = 0,,,,,
brk,NULL)                               = 0x55eeb7c36000,,,,,
brk,0x55eeb7c57000)                     = 0x55eeb7c57000,,,,,
openat,AT_FDCWD, O_RDONLY) = 3,,,,
dup2,3,,,,,
close,3)                                = 0,,,,,
rt_sigaction,SIGALRM, {sa_handler=SIG_DFL, sa_mask=[], sa_flags=0}, 8) = 0,
rt_sigaction,SIGHUP, {sa_handler=SIG_DFL, sa_mask=[], sa_flags=0}, 8) = 0,
rt_sigaction,SIGINT, {sa_handler=SIG_DFL, sa_mask=[], sa_flags=0}, 8) = 0,
rt_sigaction,SIGPIPE, {sa_handler=SIG_DFL, sa_mask=[], sa_flags=0}, 8) = 0,
rt_sigaction,SIGQUIT, {sa_handler=SIG_DFL, sa_mask=[], sa_flags=0}, 8) = 0,
rt_sigaction,SIGTERM, {sa_handler=SIG_DFL, sa_mask=[], sa_flags=0}, 8) = 0,
rt_sigaction,SIGIO, {sa_handler=SIG_DFL, sa_mask=[], sa_flags=0}, 8) = 0,
rt_sigaction,SIGPROF, {sa_handler=SIG_DFL, sa_mask=[], sa_flags=0}, 8) = 0,
rt_sigaction,SIGVTALRM, {sa_handler=SIG_DFL, sa_mask=[], sa_flags=0}, 8) = 0,
rt_sigaction,SIGXCPU, {sa_handler=SIG_DFL, sa_mask=[], sa_flags=0}, 8) = 0,
rt_sigaction,SIGXFSZ, {sa_handler=SIG_DFL, sa_mask=[], sa_flags=0}, 8) = 0,
rt_sigaction,SIGALRM, sa_mask=[HUP INT QUIT PIPE ALRM TERM XCPU XFSZ VTALRM PROF IO], sa_flags=SA_RESTORER, sa_restorer=0x7f00f9528090}, NULL, 8) = 0
rt_sigaction,SIGHUP, sa_mask=[HUP INT QUIT PIPE ALRM TERM XCPU XFSZ VTALRM PROF IO], sa_flags=SA_RESTORER, sa_restorer=0x7f00f9528090}, NULL, 8) = 0
rt_sigaction,SIGINT, sa_mask=[HUP INT QUIT PIPE ALRM TERM XCPU XFSZ VTALRM PROF IO], sa_flags=SA_RESTORER, sa_restorer=0x7f00f9528090}, NULL, 8) = 0
rt_sigaction,SIGPIPE, sa_mask=[HUP INT QUIT PIPE ALRM TERM XCPU XFSZ VTALRM PROF IO], sa_flags=SA_RESTORER, sa_restorer=0x7f00f9528090}, NULL, 8) = 0
rt_sigaction,SIGQUIT, sa_mask=[HUP INT QUIT PIPE ALRM TERM XCPU XFSZ VTALRM PROF IO], sa_flags=SA_RESTORER, sa_restorer=0x7f00f9528090}, NULL, 8) = 0
rt_sigaction,SIGTERM, sa_mask=[HUP INT QUIT PIPE ALRM TERM XCPU XFSZ VTALRM PROF IO], sa_flags=SA_RESTORER, sa_restorer=0x7f00f9528090}, NULL, 8) = 0
rt_sigaction,SIGIO, sa_mask=[HUP INT QUIT PIPE ALRM TERM XCPU XFSZ VTALRM PROF IO], sa_flags=SA_RESTORER, sa_restorer=0x7f00f9528090}, NULL, 8) = 0
rt_sigaction,SIGPROF, sa_mask=[HUP INT QUIT PIPE ALRM TERM XCPU XFSZ VTALRM PROF IO], sa_flags=SA_RESTORER, sa_restorer=0x7f00f9528090}, NULL, 8) = 0
rt_sigaction,SIGVTALRM, sa_mask=[HUP INT QUIT PIPE ALRM TERM XCPU XFSZ VTALRM PROF IO], sa_flags=SA_RESTORER, sa_restorer=0x7f00f9528090}, NULL, 8) = 0
rt_sigaction,SIGXCPU, sa_mask=[HUP INT QUIT PIPE ALRM TERM XCPU XFSZ VTALRM PROF IO], sa_flags=SA_RESTORER, sa_restorer=0x7f00f9528090}, NULL, 8) = 0
rt_sigaction,SIGXFSZ, sa_mask=[HUP INT QUIT PIPE ALRM TERM XCPU XFSZ VTALRM PROF IO], sa_flags=SA_RESTORER, sa_restorer=0x7f00f9528090}, NULL, 8) = 0
rt_sigprocmask,SIG_BLOCK, [], 8) = 0,,,
openat,AT_FDCWD, O_WRONLY|O_CREAT|O_TRUNC, 0666) = 3,,,
rt_sigprocmask,SIG_SETMASK, NULL, 8) = 0,,,
read,0, 8191) = 71,,,,
fstat,3, st_size=0, ...}) = 0,,,
write,3, 18)    = 18,,,,
close,3)                                = 0,,,,,
fstat,1, st_rdev=makedev(0x88, 0), ...}) = 0,,
write,1, 3)                     = 3,,,,
rt_sigprocmask,SIG_BLOCK, [], 8) = 0,,,
openat,AT_FDCWD, O_WRONLY|O_CREAT|O_TRUNC, 0666) = 3,,,
rt_sigprocmask,SIG_SETMASK, NULL, 8) = 0,,,
fstat,3, st_size=0, ...}) = 0,,,
read,0, 8191)                       = 0,,,,
write,3, 53) = 53,,,,
close,3)                                = 0,,,,,
write,1, 3)                     = 3,,,,
close,0)                                = 0,,,,,
close,1)                                = 0,,,,,
close,2)                                = 0,,,,,
exit_group,0)                           = ?,,,,,
+++ exited with 0 +++,,,,,,
