Data,,,,,
execve,/usr/bin/cut," ""-b"""," ""1"""," ""sample.txt""]", 0x7ffc81f74ca8 /* 50 vars */) = 0
brk,NULL)                               = 0x563323e88000,,,,
arch_prctl,0x3001 /* ARCH_??? */,,,,
access,/etc/ld.so.preload,,,,
openat,AT_FDCWD, O_RDONLY|O_CLOEXEC) = 3,,,
fstat,3, st_size=69600, ...}) = 0,,
mmap,NULL, PROT_READ, MAP_PRIVATE,3, 0) = 0x7f55a3197000
close,3)                                = 0,,,,
openat,AT_FDCWD, O_RDONLY|O_CLOEXEC) = 3,,,
read,3, 832) = 832,,,
pread64,3,784, 64) = 784,,
pread64,3,32, 848) = 32,,
pread64,3,68, 880) = 68,,
fstat,3, st_size=2029592, ...}) = 0,,
mmap,NULL, PROT_READ|PROT_WRITE, MAP_PRIVATE|MAP_ANONYMOUS,-1, 0) = 0x7f55a3195000
pread64,3,784, 64) = 784,,
pread64,3,32, 848) = 32,,
pread64,3,68, 880) = 68,,
mmap,NULL, PROT_READ, MAP_PRIVATE|MAP_DENYWRITE,3, 0) = 0x7f55a2fa3000
mmap,0x7f55a2fc5000, PROT_READ|PROT_EXEC, MAP_PRIVATE|MAP_FIXED|MAP_DENYWRITE,3, 0x22000) = 0x7f55a2fc5000
mmap,0x7f55a313d000, PROT_READ, MAP_PRIVATE|MAP_FIXED|MAP_DENYWRITE,3, 0x19a000) = 0x7f55a313d000
mmap,0x7f55a318b000, PROT_READ|PROT_WRITE, MAP_PRIVATE|MAP_FIXED|MAP_DENYWRITE,3, 0x1e7000) = 0x7f55a318b000
mmap,0x7f55a3191000, PROT_READ|PROT_WRITE, MAP_PRIVATE|MAP_FIXED|MAP_ANONYMOUS,-1, 0) = 0x7f55a3191000
close,3)                                = 0,,,,
arch_prctl,ARCH_SET_FS,,,,
mprotect,0x7f55a318b000, PROT_READ) = 0,,,
mprotect,0x563323d07000, PROT_READ) = 0,,,
mprotect,0x7f55a31d5000, PROT_READ) = 0,,,
munmap,0x7f55a3197000,,,,
openat,AT_FDCWD, O_RDONLY|O_CLOEXEC) = 3,,,
fstat,3, st_size=5699248, ...}) = 0,,
mmap,NULL, PROT_READ, MAP_PRIVATE,3, 0) = 0x7f55a2a33000
close,3)                                = 0,,,,
brk,NULL)                               = 0x563323e88000,,,,
brk,0x563323ea9000)                     = 0x563323ea9000,,,,
openat,AT_FDCWD, O_RDONLY) = 3,,,
fadvise64,3,0, POSIX_FADV_SEQUENTIAL) = 0,,
fstat,3, st_size=55, ...}) = 0,,
read,3, 4096) = 55,,,
fstat,1, st_rdev=makedev(0x88, 0), ...}) = 0,
write,1, 2)                      = 2,,,
write,1, 2)                      = 2,,,
write,1, 2)                      = 2,,,
write,1, 2)                      = 2,,,
write,1, 2)                      = 2,,,
write,1, 2)                      = 2,,,
write,1, 2)                      = 2,,,
read,3, 4096)                       = 0,,,
lseek,3, SEEK_CUR)                   = 55,,,
close,3)                                = 0,,,,
close,1)                                = 0,,,,
close,2)                                = 0,,,,
exit_group,0)                           = ?,,,,
+++ exited with 0 +++,,,,,
