Data,,,,,
execve,/usr/bin/date, 0x7fff10f7bba0 /* 50 vars */) = 0,,,
brk,NULL)                               = 0x562183cc0000,,,,
arch_prctl,0x3001 /* ARCH_??? */,,,,
access,/etc/ld.so.preload,,,,
openat,AT_FDCWD, O_RDONLY|O_CLOEXEC) = 3,,,
fstat,3, st_size=69600, ...}) = 0,,
mmap,NULL, PROT_READ, MAP_PRIVATE,3, 0) = 0x7f0b2d34b000
close,3)                                = 0,,,,
openat,AT_FDCWD, O_RDONLY|O_CLOEXEC) = 3,,,
read,3, 832) = 832,,,
pread64,3,784, 64) = 784,,
pread64,3,32, 848) = 32,,
pread64,3,68, 880) = 68,,
fstat,3, st_size=2029592, ...}) = 0,,
mmap,NULL, PROT_READ|PROT_WRITE, MAP_PRIVATE|MAP_ANONYMOUS,-1, 0) = 0x7f0b2d349000
pread64,3,784, 64) = 784,,
pread64,3,32, 848) = 32,,
pread64,3,68, 880) = 68,,
mmap,NULL, PROT_READ, MAP_PRIVATE|MAP_DENYWRITE,3, 0) = 0x7f0b2d157000
mmap,0x7f0b2d179000, PROT_READ|PROT_EXEC, MAP_PRIVATE|MAP_FIXED|MAP_DENYWRITE,3, 0x22000) = 0x7f0b2d179000
mmap,0x7f0b2d2f1000, PROT_READ, MAP_PRIVATE|MAP_FIXED|MAP_DENYWRITE,3, 0x19a000) = 0x7f0b2d2f1000
mmap,0x7f0b2d33f000, PROT_READ|PROT_WRITE, MAP_PRIVATE|MAP_FIXED|MAP_DENYWRITE,3, 0x1e7000) = 0x7f0b2d33f000
mmap,0x7f0b2d345000, PROT_READ|PROT_WRITE, MAP_PRIVATE|MAP_FIXED|MAP_ANONYMOUS,-1, 0) = 0x7f0b2d345000
close,3)                                = 0,,,,
arch_prctl,ARCH_SET_FS,,,,
mprotect,0x7f0b2d33f000, PROT_READ) = 0,,,
mprotect,0x562183b41000, PROT_READ) = 0,,,
mprotect,0x7f0b2d389000, PROT_READ) = 0,,,
munmap,0x7f0b2d34b000,,,,
openat,AT_FDCWD, O_RDONLY|O_CLOEXEC) = 3,,,
fstat,3, st_size=5699248, ...}) = 0,,
mmap,NULL, PROT_READ, MAP_PRIVATE,3, 0) = 0x7f0b2cbe7000
close,3)                                = 0,,,,
brk,NULL)                               = 0x562183cc0000,,,,
brk,0x562183ce1000)                     = 0x562183ce1000,,,,
openat,AT_FDCWD, O_RDONLY|O_CLOEXEC) = 3,,,
fstat,3, st_size=303, ...}) = 0,,
fstat,3, st_size=303, ...}) = 0,,
read,3, 4096) = 303,,,
lseek,3, SEEK_CUR)                = 124,,,
read,3, 4096) = 179,,,
close,3)                                = 0,,,,
fstat,1, st_rdev=makedev(0x88, 0), ...}) = 0,
write,1, 39) = 39,,,
close,1)                                = 0,,,,
close,2)                                = 0,,,,
exit_group,0)                           = ?,,,,
+++ exited with 0 +++,,,,,
