Data,,,,,,,,,
execve,/usr/sbin/debugfs,, 0x7ffd1680b958 /* 50 vars */) = 0,,,,,,
brk,NULL)                               = 0x55e1ea7ea000,,,,,,,,
arch_prctl,0x3001 /* ARCH_??? */,,,,,,,,
access,/etc/ld.so.preload,,,,,,,,
openat,AT_FDCWD,,,,,,,,
fstat,3,, ...}) = 0,,,,,,
mmap,NULL,, MAP_PRIVATE,3, 0) = 0x7f5f56419000,,,,
close,3)                                = 0,,,,,,,,
openat,AT_FDCWD,,,,,,,,
read,3,,,,,,,,
fstat,3,, ...}) = 0,,,,,,
mmap,NULL,, MAP_PRIVATE|MAP_ANONYMOUS,-1, 0) = 0x7f5f56417000,,,,
mmap,NULL,, MAP_PRIVATE|MAP_DENYWRITE,3, 0) = 0x7f5f563b3000,,,,
mprotect,0x7f5f563c0000,,,,,,,,
mmap,0x7f5f563c0000,, MAP_PRIVATE|MAP_FIXED|MAP_DENYWRITE,3, 0xd000) = 0x7f5f563c0000,,,,
mmap,0x7f5f563f1000,, MAP_PRIVATE|MAP_FIXED|MAP_DENYWRITE,3, 0x3e000) = 0x7f5f563f1000,,,,
mmap,0x7f5f56415000,, MAP_PRIVATE|MAP_FIXED|MAP_DENYWRITE,3, 0x61000) = 0x7f5f56415000,,,,
close,3)                                = 0,,,,,,,,
openat,AT_FDCWD,,,,,,,,
read,3,,,,,,,,
fstat,3,, ...}) = 0,,,,,,
mmap,NULL,, MAP_PRIVATE|MAP_DENYWRITE,3, 0) = 0x7f5f563a8000,,,,
mprotect,0x7f5f563aa000,,,,,,,,
mmap,0x7f5f563aa000,, MAP_PRIVATE|MAP_FIXED|MAP_DENYWRITE,3, 0x2000) = 0x7f5f563aa000,,,,
mmap,0x7f5f563ae000,, MAP_PRIVATE|MAP_FIXED|MAP_DENYWRITE,3, 0x6000) = 0x7f5f563ae000,,,,
mmap,0x7f5f563b1000,, MAP_PRIVATE|MAP_FIXED|MAP_DENYWRITE,3, 0x8000) = 0x7f5f563b1000,,,,
close,3)                                = 0,,,,,,,,
openat,AT_FDCWD,,,,,,,,
read,3,,,,,,,,
fstat,3,, ...}) = 0,,,,,,
mmap,NULL,, MAP_PRIVATE|MAP_DENYWRITE,3, 0) = 0x7f5f5639f000,,,,
mprotect,0x7f5f563a1000,,,,,,,,
mmap,0x7f5f563a1000,, MAP_PRIVATE|MAP_FIXED|MAP_DENYWRITE,3, 0x2000) = 0x7f5f563a1000,,,,
mmap,0x7f5f563a4000,, MAP_PRIVATE|MAP_FIXED|MAP_DENYWRITE,3, 0x5000) = 0x7f5f563a4000,,,,
mmap,0x7f5f563a6000,, MAP_PRIVATE|MAP_FIXED|MAP_DENYWRITE,3, 0x6000) = 0x7f5f563a6000,,,,
close,3)                                = 0,,,,,,,,
openat,AT_FDCWD,,,,,,,,
read,3,,,,,,,,
fstat,3,, ...}) = 0,,,,,,
mmap,NULL,, MAP_PRIVATE|MAP_DENYWRITE,3, 0) = 0x7f5f56398000,,,,
mmap,0x7f5f5639a000,, MAP_PRIVATE|MAP_FIXED|MAP_DENYWRITE,3, 0x2000) = 0x7f5f5639a000,,,,
mmap,0x7f5f5639c000,, MAP_PRIVATE|MAP_FIXED|MAP_DENYWRITE,3, 0x4000) = 0x7f5f5639c000,,,,
mmap,0x7f5f5639d000,, MAP_PRIVATE|MAP_FIXED|MAP_DENYWRITE,3, 0x4000) = 0x7f5f5639d000,,,,
close,3)                                = 0,,,,,,,,
openat,AT_FDCWD,,,,,,,,
read,3,,,,,,,,
fstat,3,, ...}) = 0,,,,,,
mmap,NULL,, MAP_PRIVATE|MAP_DENYWRITE,3, 0) = 0x7f5f56341000,,,,
mprotect,0x7f5f5634b000,,,,,,,,
mmap,0x7f5f5634b000,, MAP_PRIVATE|MAP_FIXED|MAP_DENYWRITE,3, 0xa000) = 0x7f5f5634b000,,,,
mmap,0x7f5f56381000,, MAP_PRIVATE|MAP_FIXED|MAP_DENYWRITE,3, 0x40000) = 0x7f5f56381000,,,,
mmap,0x7f5f56392000,, MAP_PRIVATE|MAP_FIXED|MAP_DENYWRITE,3, 0x50000) = 0x7f5f56392000,,,,
close,3)                                = 0,,,,,,,,
openat,AT_FDCWD,,,,,,,,
read,3,,,,,,,,
fstat,3,, ...}) = 0,,,,,,
mmap,NULL,, MAP_PRIVATE|MAP_DENYWRITE,3, 0) = 0x7f5f56338000,,,,
mmap,0x7f5f5633a000,, MAP_PRIVATE|MAP_FIXED|MAP_DENYWRITE,3, 0x2000) = 0x7f5f5633a000,,,,
mmap,0x7f5f5633e000,, MAP_PRIVATE|MAP_FIXED|MAP_DENYWRITE,3, 0x6000) = 0x7f5f5633e000,,,,
mmap,0x7f5f5633f000,, MAP_PRIVATE|MAP_FIXED|MAP_DENYWRITE,3, 0x6000) = 0x7f5f5633f000,,,,
close,3)                                = 0,,,,,,,,
openat,AT_FDCWD,,,,,,,,
read,3,,,,,,,,
pread64,3,, 64) = 784,,,,,,
pread64,3,, 848) = 32,,,,,,
pread64,3,, 880) = 68,,,,,,
fstat,3,, ...}) = 0,,,,,,
mmap,NULL,, MAP_PRIVATE|MAP_ANONYMOUS,-1, 0) = 0x7f5f56336000,,,,
pread64,3,, 64) = 784,,,,,,
pread64,3,, 848) = 32,,,,,,
pread64,3,, 880) = 68,,,,,,
mmap,NULL,, MAP_PRIVATE|MAP_DENYWRITE,3, 0) = 0x7f5f56144000,,,,
mmap,0x7f5f56166000,, MAP_PRIVATE|MAP_FIXED|MAP_DENYWRITE,3, 0x22000) = 0x7f5f56166000,,,,
mmap,0x7f5f562de000,, MAP_PRIVATE|MAP_FIXED|MAP_DENYWRITE,3, 0x19a000) = 0x7f5f562de000,,,,
mmap,0x7f5f5632c000,, MAP_PRIVATE|MAP_FIXED|MAP_DENYWRITE,3, 0x1e7000) = 0x7f5f5632c000,,,,
mmap,0x7f5f56332000,, MAP_PRIVATE|MAP_FIXED|MAP_ANONYMOUS,-1, 0) = 0x7f5f56332000,,,,
close,3)                                = 0,,,,,,,,
openat,AT_FDCWD,,,,,,,,
read,3,,,,,,,,
fstat,3,, ...}) = 0,,,,,,
mmap,NULL,, MAP_PRIVATE|MAP_DENYWRITE,3, 0) = 0x7f5f5613e000,,,,
mmap,0x7f5f5613f000,, MAP_PRIVATE|MAP_FIXED|MAP_DENYWRITE,3, 0x1000) = 0x7f5f5613f000,,,,
mmap,0x7f5f56141000,, MAP_PRIVATE|MAP_FIXED|MAP_DENYWRITE,3, 0x3000) = 0x7f5f56141000,,,,
mmap,0x7f5f56142000,, MAP_PRIVATE|MAP_FIXED|MAP_DENYWRITE,3, 0x3000) = 0x7f5f56142000,,,,
close,3)                                = 0,,,,,,,,
openat,AT_FDCWD,,,,,,,,
read,3,,,,,,,,
pread64,3,, 824) = 68,,,,,,
fstat,3,, ...}) = 0,,,,,,
pread64,3,, 824) = 68,,,,,,
mmap,NULL,, MAP_PRIVATE|MAP_DENYWRITE,3, 0) = 0x7f5f5611b000,,,,
mmap,0x7f5f56121000,, MAP_PRIVATE|MAP_FIXED|MAP_DENYWRITE,3, 0x6000) = 0x7f5f56121000,,,,
mmap,0x7f5f56132000,, MAP_PRIVATE|MAP_FIXED|MAP_DENYWRITE,3, 0x17000) = 0x7f5f56132000,,,,
mmap,0x7f5f56138000,, MAP_PRIVATE|MAP_FIXED|MAP_DENYWRITE,3, 0x1c000) = 0x7f5f56138000,,,,
mmap,0x7f5f5613a000,, MAP_PRIVATE|MAP_FIXED|MAP_ANONYMOUS,-1, 0) = 0x7f5f5613a000,,,,
close,3)                                = 0,,,,,,,,
mmap,NULL,, MAP_PRIVATE|MAP_ANONYMOUS,-1, 0) = 0x7f5f56119000,,,,
arch_prctl,ARCH_SET_FS,,,,,,,,
mprotect,0x7f5f5632c000,,,,,,,,
mprotect,0x7f5f56138000,,,,,,,,
mprotect,0x7f5f56142000,,,,,,,,
mprotect,0x7f5f5633f000,,,,,,,,
mprotect,0x7f5f56392000,,,,,,,,
mprotect,0x7f5f5639d000,,,,,,,,
mprotect,0x7f5f563a6000,,,,,,,,
mprotect,0x7f5f563b1000,,,,,,,,
mprotect,0x7f5f56415000,,,,,,,,
mprotect,0x55e1e9271000,,,,,,,,
mprotect,0x7f5f56457000,,,,,,,,
munmap,0x7f5f56419000,,,,,,,,
set_tid_address,0x7f5f5611a150)         = 4020,,,,,,,,
set_robust_list,0x7f5f5611a160,,,,,,,,
rt_sigaction,SIGRTMIN,, sa_flags=SA_RESTORER|SA_SIGINFO, sa_restorer=0x7f5f5612f420}, NULL, 8) = 0,,,
rt_sigaction,SIGRT_1,, sa_flags=SA_RESTORER|SA_RESTART|SA_SIGINFO, sa_restorer=0x7f5f5612f420}, NULL, 8) = 0,,,
rt_sigprocmask,SIG_UNBLOCK,, 8) = 0,,,,,,
prlimit64,0,, {rlim_cur=8192*1024, rlim_max=RLIM64_INFINITY}) = 0,,,,,
brk,NULL)                               = 0x55e1ea7ea000,,,,,,,,
brk,0x55e1ea80b000)                     = 0x55e1ea80b000,,,,,,,,
write,2,,,,,,,,
getuid,)                                = 1000,,,,,,,,
geteuid,)                               = 1000,,,,,,,,
getgid,)                                = 1000,,,,,,,,
getegid,)                               = 1000,,,,,,,,
prctl,PR_GET_DUMPABLE)                  = 1 ,SUID_DUMP_USER),,,,,,,
futex,0x7f5f561430c8,,,,,,,,
openat,AT_FDCWD,,,,,,,,
fstat,3,, ...}) = 0,,,,,,
mmap,NULL,, MAP_PRIVATE,3, 0) = 0x7f5f56419000,,,,
close,3)                                = 0,,,,,,,,
openat,AT_FDCWD,,,,,,,,
stat,/lib/x86_64-linux-gnu/tls/x86_64/x86_64,,,,,,,,
openat,AT_FDCWD,,,,,,,,
stat,/lib/x86_64-linux-gnu/tls/x86_64,,,,,,,,
openat,AT_FDCWD,,,,,,,,
stat,/lib/x86_64-linux-gnu/tls/x86_64,,,,,,,,
openat,AT_FDCWD,,,,,,,,
stat,/lib/x86_64-linux-gnu/tls,,,,,,,,
openat,AT_FDCWD,,,,,,,,
stat,/lib/x86_64-linux-gnu/x86_64/x86_64,,,,,,,,
openat,AT_FDCWD,,,,,,,,
stat,/lib/x86_64-linux-gnu/x86_64,,,,,,,,
openat,AT_FDCWD,,,,,,,,
stat,/lib/x86_64-linux-gnu/x86_64,,,,,,,,
openat,AT_FDCWD,,,,,,,,
stat,/lib/x86_64-linux-gnu,, ...}) = 0,,,,,,
openat,AT_FDCWD,,,,,,,,
stat,/usr/lib/x86_64-linux-gnu/tls/x86_64/x86_64,,,,,,,,
openat,AT_FDCWD,,,,,,,,
stat,/usr/lib/x86_64-linux-gnu/tls/x86_64,,,,,,,,
openat,AT_FDCWD,,,,,,,,
stat,/usr/lib/x86_64-linux-gnu/tls/x86_64,,,,,,,,
openat,AT_FDCWD,,,,,,,,
stat,/usr/lib/x86_64-linux-gnu/tls,,,,,,,,
openat,AT_FDCWD,,,,,,,,
stat,/usr/lib/x86_64-linux-gnu/x86_64/x86_64,,,,,,,,
openat,AT_FDCWD,,,,,,,,
stat,/usr/lib/x86_64-linux-gnu/x86_64,,,,,,,,
openat,AT_FDCWD,,,,,,,,
stat,/usr/lib/x86_64-linux-gnu/x86_64,,,,,,,,
openat,AT_FDCWD,,,,,,,,
stat,/usr/lib/x86_64-linux-gnu,, ...}) = 0,,,,,,
openat,AT_FDCWD,,,,,,,,
stat,/lib/tls/x86_64/x86_64,,,,,,,,
openat,AT_FDCWD,,,,,,,,
stat,/lib/tls/x86_64,,,,,,,,
openat,AT_FDCWD,,,,,,,,
stat,/lib/tls/x86_64,,,,,,,,
openat,AT_FDCWD,,,,,,,,
stat,/lib/tls,,,,,,,,
openat,AT_FDCWD,,,,,,,,
stat,/lib/x86_64/x86_64,,,,,,,,
openat,AT_FDCWD,,,,,,,,
stat,/lib/x86_64,,,,,,,,
openat,AT_FDCWD,,,,,,,,
stat,/lib/x86_64,,,,,,,,
openat,AT_FDCWD,,,,,,,,
stat,/lib,, ...}) = 0,,,,,,
openat,AT_FDCWD,,,,,,,,
stat,/usr/lib/tls/x86_64/x86_64,,,,,,,,
openat,AT_FDCWD,,,,,,,,
stat,/usr/lib/tls/x86_64,,,,,,,,
openat,AT_FDCWD,,,,,,,,
stat,/usr/lib/tls/x86_64,,,,,,,,
openat,AT_FDCWD,,,,,,,,
stat,/usr/lib/tls,,,,,,,,
openat,AT_FDCWD,,,,,,,,
stat,/usr/lib/x86_64/x86_64,,,,,,,,
openat,AT_FDCWD,,,,,,,,
stat,/usr/lib/x86_64,,,,,,,,
openat,AT_FDCWD,,,,,,,,
stat,/usr/lib/x86_64,,,,,,,,
openat,AT_FDCWD,,,,,,,,
stat,/usr/lib,, ...}) = 0,,,,,,
munmap,0x7f5f56419000,,,,,,,,
openat,AT_FDCWD,,,,,,,,
fstat,3,, ...}) = 0,,,,,,
mmap,NULL,, MAP_PRIVATE,3, 0) = 0x7f5f56419000,,,,
close,3)                                = 0,,,,,,,,
openat,AT_FDCWD,,,,,,,,
openat,AT_FDCWD,,,,,,,,
openat,AT_FDCWD,,,,,,,,
openat,AT_FDCWD,,,,,,,,
munmap,0x7f5f56419000,,,,,,,,
openat,AT_FDCWD,,,,,,,,
fstat,3,, ...}) = 0,,,,,,
mmap,NULL,, MAP_PRIVATE,3, 0) = 0x7f5f56419000,,,,
close,3)                                = 0,,,,,,,,
openat,AT_FDCWD,,,,,,,,
openat,AT_FDCWD,,,,,,,,
openat,AT_FDCWD,,,,,,,,
openat,AT_FDCWD,,,,,,,,
munmap,0x7f5f56419000,,,,,,,,
openat,AT_FDCWD,,,,,,,,
fstat,3,, ...}) = 0,,,,,,
mmap,NULL,, MAP_PRIVATE,3, 0) = 0x7f5f56419000,,,,
close,3)                                = 0,,,,,,,,
openat,AT_FDCWD,,,,,,,,
openat,AT_FDCWD,,,,,,,,
openat,AT_FDCWD,,,,,,,,
openat,AT_FDCWD,,,,,,,,
munmap,0x7f5f56419000,,,,,,,,
openat,AT_FDCWD,,,,,,,,
fstat,3,, ...}) = 0,,,,,,
mmap,NULL,, MAP_PRIVATE,3, 0) = 0x7f5f56419000,,,,
close,3)                                = 0,,,,,,,,
openat,AT_FDCWD,,,,,,,,
openat,AT_FDCWD,,,,,,,,
openat,AT_FDCWD,,,,,,,,
openat,AT_FDCWD,,,,,,,,
munmap,0x7f5f56419000,,,,,,,,
openat,AT_FDCWD,,,,,,,,
fstat,3,, ...}) = 0,,,,,,
mmap,NULL,, MAP_PRIVATE,3, 0) = 0x7f5f56419000,,,,
close,3)                                = 0,,,,,,,,
openat,AT_FDCWD,,,,,,,,
read,3,,,,,,,,
fstat,3,, ...}) = 0,,,,,,
mmap,NULL,, MAP_PRIVATE|MAP_DENYWRITE,3, 0) = 0x7f5f560e1000,,,,
mmap,0x7f5f560e9000,, MAP_PRIVATE|MAP_FIXED|MAP_DENYWRITE,3, 0x8000) = 0x7f5f560e9000,,,,
mmap,0x7f5f56104000,, MAP_PRIVATE|MAP_FIXED|MAP_DENYWRITE,3, 0x23000) = 0x7f5f56104000,,,,
mmap,0x7f5f56112000,, MAP_PRIVATE|MAP_FIXED|MAP_DENYWRITE,3, 0x30000) = 0x7f5f56112000,,,,
mmap,0x7f5f56115000,, MAP_PRIVATE|MAP_FIXED|MAP_ANONYMOUS,-1, 0) = 0x7f5f56115000,,,,
close,3)                                = 0,,,,,,,,
openat,AT_FDCWD,,,,,,,,
read,3,,,,,,,,
fstat,3,, ...}) = 0,,,,,,
mmap,NULL,, MAP_PRIVATE|MAP_DENYWRITE,3, 0) = 0x7f5f560b1000,,,,
mmap,0x7f5f560bf000,, MAP_PRIVATE|MAP_FIXED|MAP_DENYWRITE,3, 0xe000) = 0x7f5f560bf000,,,,
mmap,0x7f5f560ce000,, MAP_PRIVATE|MAP_FIXED|MAP_DENYWRITE,3, 0x1d000) = 0x7f5f560ce000,,,,
mmap,0x7f5f560dc000,, MAP_PRIVATE|MAP_FIXED|MAP_DENYWRITE,3, 0x2a000) = 0x7f5f560dc000,,,,
close,3)                                = 0,,,,,,,,
openat,AT_FDCWD,,,,,,,,
read,3,,,,,,,,
fstat,3,, ...}) = 0,,,,,,
mmap,NULL,, MAP_PRIVATE|MAP_DENYWRITE,3, 0) = 0x7f5f56097000,,,,
mprotect,0x7f5f5609b000,,,,,,,,
mmap,0x7f5f5609b000,, MAP_PRIVATE|MAP_FIXED|MAP_DENYWRITE,3, 0x4000) = 0x7f5f5609b000,,,,
mmap,0x7f5f560aa000,, MAP_PRIVATE|MAP_FIXED|MAP_DENYWRITE,3, 0x13000) = 0x7f5f560aa000,,,,
mmap,0x7f5f560ae000,, MAP_PRIVATE|MAP_FIXED|MAP_DENYWRITE,3, 0x16000) = 0x7f5f560ae000,,,,
mmap,0x7f5f560b0000,, MAP_PRIVATE|MAP_FIXED|MAP_ANONYMOUS,-1, 0) = 0x7f5f560b0000,,,,
close,3)                                = 0,,,,,,,,
mprotect,0x7f5f560ae000,,,,,,,,
mprotect,0x7f5f560dc000,,,,,,,,
mprotect,0x7f5f56112000,,,,,,,,
munmap,0x7f5f56419000,,,,,,,,
rt_sigprocmask,SIG_BLOCK,, 8) = 0,,,,,,
rt_sigaction,SIGINT,, sa_flags=SA_RESTORER|SA_RESTART, sa_restorer=0x7f5f56187090}, {sa_handler=SIG_DFL, sa_mask=[], sa_flags=0}, 8) = 0,
rt_sigprocmask,SIG_SETMASK,, 8) = 0,,,,,,
rt_sigaction,SIGCONT,, sa_flags=SA_RESTORER|SA_RESTART, sa_restorer=0x7f5f56187090}, {sa_handler=SIG_DFL, sa_mask=[], sa_flags=0}, 8) = 0,
ioctl,0,,,,,,,,
rt_sigprocmask,SIG_BLOCK,, 8) = 0,,,,,,
ioctl,1,,,,,,,,
stat,/home/keshav/.terminfo,,,,,,,,
stat,/etc/terminfo,, ...}) = 0,,,,,,
stat,/lib/terminfo,, ...}) = 0,,,,,,
stat,/usr/share/terminfo,, ...}) = 0,,,,,,
access,/etc/terminfo/x/xterm-256color,,,,,,,,
access,/lib/terminfo/x/xterm-256color,,,,,,,,
openat,AT_FDCWD,,,,,,,,
fstat,3,, ...}) = 0,,,,,,
read,3,,,,,,,,
read,3,,,,,,,,
close,3)                                = 0,,,,,,,,
ioctl,1,,,,,,,,
ioctl,1,,,,,,,,
ioctl,1,,,,,,,,
ioctl,1,,,,,,,,
ioctl,1,, ws_col=80, ws_xpixel=0, ws_ypixel=0}) = 0,,,,
ioctl,0,, ws_col=80, ws_xpixel=0, ws_ypixel=0}) = 0,,,,
rt_sigprocmask,SIG_SETMASK,, 8) = 0,,,,,,
ioctl,1,,,,,,,,
ioctl,0,,,,,,,,
rt_sigprocmask,SIG_BLOCK,, 8) = 0,,,,,,
rt_sigprocmask,SIG_SETMASK,, 8) = 0,,,,,,
ioctl,0,,,,,,,,
ioctl,0,,,,,,,,
ioctl,0,,,,,,,,
ioctl,1,,,,,,,,
ioctl,0,,,,,,,,
rt_sigprocmask,SIG_BLOCK,, 8) = 0,,,,,,
rt_sigaction,SIGINT,, sa_flags=SA_RESTORER, sa_restorer=0x7f5f56187090}, {sa_handler=0x7f5f563a22a0, sa_mask=[INT], sa_flags=SA_RESTORER|SA_RESTART, sa_restorer=0x7f5f56187090}, 8) = 0
rt_sigaction,SIGTSTP,, sa_flags=SA_RESTORER, sa_restorer=0x7f5f56187090}, {sa_handler=SIG_DFL, sa_mask=[], sa_flags=0}, 8) = 0,
rt_sigaction,SIGQUIT,, sa_flags=SA_RESTORER, sa_restorer=0x7f5f56187090}, {sa_handler=SIG_DFL, sa_mask=[], sa_flags=0}, 8) = 0,
rt_sigaction,SIGHUP,, sa_flags=SA_RESTORER, sa_restorer=0x7f5f56187090}, {sa_handler=SIG_DFL, sa_mask=[], sa_flags=0}, 8) = 0,
rt_sigaction,SIGTERM,, sa_flags=SA_RESTORER, sa_restorer=0x7f5f56187090}, {sa_handler=SIG_DFL, sa_mask=[], sa_flags=0}, 8) = 0,
rt_sigaction,SIGCONT,, sa_flags=SA_RESTORER, sa_restorer=0x7f5f56187090}, {sa_handler=0x7f5f563a22e0, sa_mask=[CONT], sa_flags=SA_RESTORER|SA_RESTART, sa_restorer=0x7f5f56187090}, 8) = 0
rt_sigaction,SIGWINCH,, sa_flags=SA_RESTORER, sa_restorer=0x7f5f56187090}, {sa_handler=SIG_DFL, sa_mask=[], sa_flags=0}, 8) = 0,
rt_sigprocmask,SIG_SETMASK,, 8) = 0,,,,,,
rt_sigprocmask,SIG_BLOCK,, 8) = 0,,,,,,
ioctl,0,, ws_col=80, ws_xpixel=0, ws_ypixel=0}) = 0,,,,
rt_sigprocmask,SIG_SETMASK,, 8) = 0,,,,,,
fstat,1,, 0), ...}) = 0,,,,,
write,1,,,,,,,,
ioctl,0,,,,,,,,
ioctl,0,,,,,,,,
ioctl,0,,,,,,,,
ioctl,0,,,,,,,,
read,0,,,,,,,,
write,1,,,,,,,,
read,0,,,,,,,,
write,1,,,,,,,,
read,0,,,,,,,,
write,1,,,,,,,,
ioctl,0,,,,,,,,
ioctl,0,,,,,,,,
ioctl,0,,,,,,,,
rt_sigprocmask,SIG_BLOCK,, 8) = 0,,,,,,
rt_sigaction,SIGINT,, sa_flags=SA_RESTORER|SA_RESTART, sa_restorer=0x7f5f56187090}, NULL, 8) = 0,,,
rt_sigaction,SIGTSTP,, sa_flags=SA_RESTORER, sa_restorer=0x7f5f56187090}, NULL, 8) = 0,,,
rt_sigaction,SIGQUIT,, sa_flags=SA_RESTORER, sa_restorer=0x7f5f56187090}, NULL, 8) = 0,,,
rt_sigaction,SIGHUP,, sa_flags=SA_RESTORER, sa_restorer=0x7f5f56187090}, NULL, 8) = 0,,,
rt_sigaction,SIGTERM,, sa_flags=SA_RESTORER, sa_restorer=0x7f5f56187090}, NULL, 8) = 0,,,
rt_sigaction,SIGCONT,, sa_flags=SA_RESTORER|SA_RESTART, sa_restorer=0x7f5f56187090}, NULL, 8) = 0,,,
rt_sigaction,SIGWINCH,, sa_flags=SA_RESTORER, sa_restorer=0x7f5f56187090}, NULL, 8) = 0,,,
rt_sigprocmask,SIG_SETMASK,, 8) = 0,,,,,,
ioctl,0,,,,,,,,
ioctl,0,,,,,,,,
ioctl,0,,,,,,,,
rt_sigaction,SIGCONT,, sa_flags=SA_RESTORER|SA_RESTART, sa_restorer=0x7f5f56187090}, {sa_handler=0x7f5f563a22e0, sa_mask=[CONT], sa_flags=SA_RESTORER|SA_RESTART, sa_restorer=0x7f5f56187090}, 8) = 0
write,2,,,,,,,,
write,2,,,,,,,,
write,2,,,,,,,,
ioctl,2,,,,,,,,
ioctl,2,,,,,,,,
write,2,,,,,,,,
rt_sigaction,SIGCONT,, sa_flags=SA_RESTORER|SA_RESTART, sa_restorer=0x7f5f56187090}, {sa_handler=SIG_DFL, sa_mask=[CONT], sa_flags=SA_RESTORER|SA_RESTART, sa_restorer=0x7f5f56187090}, 8) = 0
ioctl,1,,,,,,,,
ioctl,0,,,,,,,,
rt_sigprocmask,SIG_BLOCK,, 8) = 0,,,,,,
rt_sigaction,SIGINT,, sa_flags=SA_RESTORER, sa_restorer=0x7f5f56187090}, {sa_handler=0x7f5f563a22a0, sa_mask=[INT], sa_flags=SA_RESTORER|SA_RESTART, sa_restorer=0x7f5f56187090}, 8) = 0
rt_sigaction,SIGTSTP,, sa_flags=SA_RESTORER, sa_restorer=0x7f5f56187090}, {sa_handler=SIG_DFL, sa_mask=[], sa_flags=SA_RESTORER, sa_restorer=0x7f5f56187090}, 8) = 0
rt_sigaction,SIGQUIT,, sa_flags=SA_RESTORER, sa_restorer=0x7f5f56187090}, {sa_handler=SIG_DFL, sa_mask=[], sa_flags=SA_RESTORER, sa_restorer=0x7f5f56187090}, 8) = 0
rt_sigaction,SIGHUP,, sa_flags=SA_RESTORER, sa_restorer=0x7f5f56187090}, {sa_handler=SIG_DFL, sa_mask=[], sa_flags=SA_RESTORER, sa_restorer=0x7f5f56187090}, 8) = 0
rt_sigaction,SIGTERM,, sa_flags=SA_RESTORER, sa_restorer=0x7f5f56187090}, {sa_handler=SIG_DFL, sa_mask=[], sa_flags=SA_RESTORER, sa_restorer=0x7f5f56187090}, 8) = 0
rt_sigaction,SIGCONT,, sa_flags=SA_RESTORER, sa_restorer=0x7f5f56187090}, {sa_handler=0x7f5f563a22e0, sa_mask=[CONT], sa_flags=SA_RESTORER|SA_RESTART, sa_restorer=0x7f5f56187090}, 8) = 0
rt_sigaction,SIGWINCH,, sa_flags=SA_RESTORER, sa_restorer=0x7f5f56187090}, {sa_handler=SIG_DFL, sa_mask=[], sa_flags=SA_RESTORER, sa_restorer=0x7f5f56187090}, 8) = 0
rt_sigprocmask,SIG_SETMASK,, 8) = 0,,,,,,
rt_sigprocmask,SIG_BLOCK,, 8) = 0,,,,,,
ioctl,0,, ws_col=80, ws_xpixel=0, ws_ypixel=0}) = 0,,,,
rt_sigprocmask,SIG_SETMASK,, 8) = 0,,,,,,
write,1,,,,,,,,
ioctl,0,,,,,,,,
ioctl,0,,,,,,,,
ioctl,0,,,,,,,,
ioctl,0,,,,,,,,
read,0,,,,,,,,
