Data,,,,,,,,,,,,
execve,/usr/bin/df," ""-a"""," ""sample.txt""]", 0x7ffc2aaa1b80 /* 50 vars */) = 0,,,,,,,,
brk,NULL)                               = 0x5582c2553000,,,,,,,,,,,
arch_prctl,0x3001 /* ARCH_??? */,,,,,,,,,,,
access,/etc/ld.so.preload,,,,,,,,,,,
openat,AT_FDCWD, O_RDONLY|O_CLOEXEC) = 3,,,,,,,,,,
fstat,3, st_size=69600, ...}) = 0,,,,,,,,,
mmap,NULL, PROT_READ, MAP_PRIVATE,3, 0) = 0x7fb7372db000,,,,,,,
close,3)                                = 0,,,,,,,,,,,
openat,AT_FDCWD, O_RDONLY|O_CLOEXEC) = 3,,,,,,,,,,
read,3, 832) = 832,,,,,,,,,,
pread64,3,784, 64) = 784,,,,,,,,,
pread64,3,32, 848) = 32,,,,,,,,,
pread64,3,68, 880) = 68,,,,,,,,,
fstat,3, st_size=2029592, ...}) = 0,,,,,,,,,
mmap,NULL, PROT_READ|PROT_WRITE, MAP_PRIVATE|MAP_ANONYMOUS,-1, 0) = 0x7fb7372d9000,,,,,,,
pread64,3,784, 64) = 784,,,,,,,,,
pread64,3,32, 848) = 32,,,,,,,,,
pread64,3,68, 880) = 68,,,,,,,,,
mmap,NULL, PROT_READ, MAP_PRIVATE|MAP_DENYWRITE,3, 0) = 0x7fb7370e7000,,,,,,,
mmap,0x7fb737109000, PROT_READ|PROT_EXEC, MAP_PRIVATE|MAP_FIXED|MAP_DENYWRITE,3, 0x22000) = 0x7fb737109000,,,,,,,
mmap,0x7fb737281000, PROT_READ, MAP_PRIVATE|MAP_FIXED|MAP_DENYWRITE,3, 0x19a000) = 0x7fb737281000,,,,,,,
mmap,0x7fb7372cf000, PROT_READ|PROT_WRITE, MAP_PRIVATE|MAP_FIXED|MAP_DENYWRITE,3, 0x1e7000) = 0x7fb7372cf000,,,,,,,
mmap,0x7fb7372d5000, PROT_READ|PROT_WRITE, MAP_PRIVATE|MAP_FIXED|MAP_ANONYMOUS,-1, 0) = 0x7fb7372d5000,,,,,,,
close,3)                                = 0,,,,,,,,,,,
arch_prctl,ARCH_SET_FS,,,,,,,,,,,
mprotect,0x7fb7372cf000, PROT_READ) = 0,,,,,,,,,,
mprotect,0x5582c07b8000, PROT_READ) = 0,,,,,,,,,,
mprotect,0x7fb737319000, PROT_READ) = 0,,,,,,,,,,
munmap,0x7fb7372db000,,,,,,,,,,,
openat,AT_FDCWD, O_RDONLY|O_CLOEXEC) = 3,,,,,,,,,,
fstat,3, st_size=5699248, ...}) = 0,,,,,,,,,
mmap,NULL, PROT_READ, MAP_PRIVATE,3, 0) = 0x7fb736b77000,,,,,,,
close,3)                                = 0,,,,,,,,,,,
brk,NULL)                               = 0x5582c2553000,,,,,,,,,,,
brk,0x5582c2574000)                     = 0x5582c2574000,,,,,,,,,,,
openat,AT_FDCWD, O_RDONLY|O_CLOEXEC) = 3,,,,,,,,,,
fstat,3, st_size=2996, ...}) = 0,,,,,,,,,
read,3, 4096) = 2996,,,,,,,,,,
read,3, 4096)                       = 0,,,,,,,,,,
close,3)                                = 0,,,,,,,,,,,
openat,AT_FDCWD, O_RDONLY) = -1 ENOENT (No such file or directory),,,,,,,,,,
openat,AT_FDCWD, O_RDONLY) = -1 ENOENT (No such file or directory),,,,,,,,,,
openat,AT_FDCWD, O_RDONLY) = -1 ENOENT (No such file or directory),,,,,,,,,,
openat,AT_FDCWD, O_RDONLY) = 3,,,,,,,,,,
fstat,3, st_size=613, ...}) = 0,,,,,,,,,
mmap,NULL, PROT_READ, MAP_PRIVATE,3, 0) = 0x7fb737318000,,,,,,,
close,3)                                = 0,,,,,,,,,,,
stat,sample.txt, st_size=71, ...}) = 0,,,,,,,,,
openat,AT_FDCWD, O_RDONLY|O_NOCTTY) = 3,,,,,,,,,,
close,3)                                = 0,,,,,,,,,,,
openat,AT_FDCWD, O_RDONLY) = 3,,,,,,,,,,
fstat,3, st_size=0, ...}) = 0,,,,,,,,,
read,3,nosuid,"node""...", 1024) = 1024,,,,,,,,
read,3, 1024) = 1024,,,,,,,,,,
read,3, 1024) = 1024,,,,,,,,,,
read,3, 1024) = 1024,,,,,,,,,,
read,3,"errors=continue\n152""...", 1024) = 1024,,,,,,,,,
read,3,dmode=500,fmode=400,"iochars""...", 1024) = 457,,,,,,,
read,3, 1024)                       = 0,,,,,,,,,,
lseek,3, SEEK_CUR)                   = 5577,,,,,,,,,,
close,3)                                = 0,,,,,,,,,,,
getcwd,/home/keshav/Keshav_demo,,,,,,,,,,,
lstat,/home/keshav/Keshav_demo/sample.txt, st_size=71, ...}) = 0,,,,,,,,,
stat,/, st_size=4096, ...}) = 0,,,,,,,,,
uname,"{sysname=""Linux""", ...}) = 0,,,,,,,,,,
statfs,sample.txt, f_bsize=4096, f_blocks=4116434, f_bfree=1111490, f_bavail=896054, f_files=1056768, f_ffree=814481, f_fsid={val=[1070617602, 4015387762]}, f_namelen=255, f_frsize=4096, f_flags=ST_VALID|ST_RELATIME}) = 0
openat,AT_FDCWD, O_RDONLY) = 3,,,,,,,,,,
fstat,3, st_size=27002, ...}) = 0,,,,,,,,,
mmap,NULL, PROT_READ, MAP_SHARED,3, 0) = 0x7fb7372e5000,,,,,,,
close,3)                                = 0,,,,,,,,,,,
fstat,1, st_rdev=makedev(0x88, 0), ...}) = 0,,,,,,,,
write,1, 60) = 60,,,,,,,,,,
write,1, 51) = 51,,,,,,,,,,
close,1)                                = 0,,,,,,,,,,,
close,2)                                = 0,,,,,,,,,,,
exit_group,0)                           = ?,,,,,,,,,,,
+++ exited with 0 +++,,,,,,,,,,,,
