Data,,,,,,,,
execve,/usr/bin/dig," ""geeksforgeeks.org""]", 0x7ffc834bba08 /* 50 vars */) = 0,,,,,
brk,NULL)                               = 0x5653bdef2000,,,,,,,
arch_prctl,0x3001 /* ARCH_??? */,,,,,,,
access,/etc/ld.so.preload,,,,,,,
openat,AT_FDCWD, O_RDONLY|O_CLOEXEC) = 3,,,,,,
fstat,3, st_size=69600, ...}) = 0,,,,,
mmap,NULL, PROT_READ, MAP_PRIVATE,3, 0) = 0x7f46da999000,,,
close,3)                                = 0,,,,,,,
openat,AT_FDCWD, O_RDONLY|O_CLOEXEC) = 3,,,,,,
read,3, 832) = 832,,,,,,
fstat,3, st_size=2197992, ...}) = 0,,,,,
mmap,NULL, PROT_READ|PROT_WRITE, MAP_PRIVATE|MAP_ANONYMOUS,-1, 0) = 0x7f46da997000,,,
mmap,NULL, PROT_READ, MAP_PRIVATE|MAP_DENYWRITE,3, 0) = 0x7f46da77d000,,,
mprotect,0x7f46da7a2000, PROT_NONE) = 0,,,,,,
mmap,0x7f46da7a2000, PROT_READ|PROT_EXEC, MAP_PRIVATE|MAP_FIXED|MAP_DENYWRITE,3, 0x25000) = 0x7f46da7a2000,,,
mmap,0x7f46da927000, PROT_READ, MAP_PRIVATE|MAP_FIXED|MAP_DENYWRITE,3, 0x1aa000) = 0x7f46da927000,,,
mmap,0x7f46da98f000, PROT_READ|PROT_WRITE, MAP_PRIVATE|MAP_FIXED|MAP_DENYWRITE,3, 0x211000) = 0x7f46da98f000,,,
close,3)                                = 0,,,,,,,
openat,AT_FDCWD, O_RDONLY|O_CLOEXEC) = 3,,,,,,
read,3, 832) = 832,,,,,,
fstat,3, st_size=47432, ...}) = 0,,,,,
mmap,NULL, PROT_READ, MAP_PRIVATE|MAP_DENYWRITE,3, 0) = 0x7f46da770000,,,
mmap,0x7f46da773000, PROT_READ|PROT_EXEC, MAP_PRIVATE|MAP_FIXED|MAP_DENYWRITE,3, 0x3000) = 0x7f46da773000,,,
mmap,0x7f46da779000, PROT_READ, MAP_PRIVATE|MAP_FIXED|MAP_DENYWRITE,3, 0x9000) = 0x7f46da779000,,,
mmap,0x7f46da77b000, PROT_READ|PROT_WRITE, MAP_PRIVATE|MAP_FIXED|MAP_DENYWRITE,3, 0xa000) = 0x7f46da77b000,,,
close,3)                                = 0,,,,,,,
openat,AT_FDCWD, O_RDONLY|O_CLOEXEC) = 3,,,,,,
read,3, 832) = 832,,,,,,
fstat,3, st_size=80104, ...}) = 0,,,,,
mmap,NULL, PROT_READ, MAP_PRIVATE|MAP_DENYWRITE,3, 0) = 0x7f46da75b000,,,
mmap,0x7f46da75e000, PROT_READ|PROT_EXEC, MAP_PRIVATE|MAP_FIXED|MAP_DENYWRITE,3, 0x3000) = 0x7f46da75e000,,,
mmap,0x7f46da76a000, PROT_READ, MAP_PRIVATE|MAP_FIXED|MAP_DENYWRITE,3, 0xf000) = 0x7f46da76a000,,,
mmap,0x7f46da76e000, PROT_READ|PROT_WRITE, MAP_PRIVATE|MAP_FIXED|MAP_DENYWRITE,3, 0x12000) = 0x7f46da76e000,,,
close,3)                                = 0,,,,,,,
openat,AT_FDCWD, O_RDONLY|O_CLOEXEC) = 3,,,,,,
read,3, 832) = 832,,,,,,
fstat,3, st_size=210528, ...}) = 0,,,,,
mmap,NULL, PROT_READ, MAP_PRIVATE|MAP_DENYWRITE,3, 0) = 0x7f46da725000,,,
mmap,0x7f46da739000, PROT_READ|PROT_EXEC, MAP_PRIVATE|MAP_FIXED|MAP_DENYWRITE,3, 0x14000) = 0x7f46da739000,,,
mmap,0x7f46da748000, PROT_READ, MAP_PRIVATE|MAP_FIXED|MAP_DENYWRITE,3, 0x23000) = 0x7f46da748000,,,
mmap,0x7f46da750000, PROT_READ|PROT_WRITE, MAP_PRIVATE|MAP_FIXED|MAP_DENYWRITE,3, 0x2a000) = 0x7f46da750000,,,
mmap,0x7f46da759000, PROT_READ|PROT_WRITE, MAP_PRIVATE|MAP_FIXED|MAP_ANONYMOUS,-1, 0) = 0x7f46da759000,,,
close,3)                                = 0,,,,,,,
openat,AT_FDCWD, O_RDONLY|O_CLOEXEC) = 3,,,,,,
read,3, 832) = 832,,,,,,
fstat,3, st_size=470936, ...}) = 0,,,,,
mmap,NULL, PROT_READ, MAP_PRIVATE|MAP_DENYWRITE,3, 0) = 0x7f46da6b0000,,,
mprotect,0x7f46da6c0000, PROT_NONE) = 0,,,,,,
mmap,0x7f46da6c0000, PROT_READ|PROT_EXEC, MAP_PRIVATE|MAP_FIXED|MAP_DENYWRITE,3, 0x10000) = 0x7f46da6c0000,,,
mmap,0x7f46da706000, PROT_READ, MAP_PRIVATE|MAP_FIXED|MAP_DENYWRITE,3, 0x56000) = 0x7f46da706000,,,
mmap,0x7f46da722000, PROT_READ|PROT_WRITE, MAP_PRIVATE|MAP_FIXED|MAP_DENYWRITE,3, 0x71000) = 0x7f46da722000,,,
mmap,0x7f46da724000, PROT_READ|PROT_WRITE, MAP_PRIVATE|MAP_FIXED|MAP_ANONYMOUS,-1, 0) = 0x7f46da724000,,,
close,3)                                = 0,,,,,,,
openat,AT_FDCWD, O_RDONLY|O_CLOEXEC) = 3,,,,,,
read,3, 832) = 832,,,,,,
fstat,3, st_size=2958176, ...}) = 0,,,,,
mmap,NULL, PROT_READ, MAP_PRIVATE|MAP_DENYWRITE,3, 0) = 0x7f46da3d9000,,,
mmap,0x7f46da451000, PROT_READ|PROT_EXEC, MAP_PRIVATE|MAP_FIXED|MAP_DENYWRITE,3, 0x78000) = 0x7f46da451000,,,
mmap,0x7f46da5ed000, PROT_READ, MAP_PRIVATE|MAP_FIXED|MAP_DENYWRITE,3, 0x214000) = 0x7f46da5ed000,,,
mmap,0x7f46da67e000, PROT_READ|PROT_WRITE, MAP_PRIVATE|MAP_FIXED|MAP_DENYWRITE,3, 0x2a4000) = 0x7f46da67e000,,,
mmap,0x7f46da6ac000, PROT_READ|PROT_WRITE, MAP_PRIVATE|MAP_FIXED|MAP_ANONYMOUS,-1, 0) = 0x7f46da6ac000,,,
close,3)                                = 0,,,,,,,
openat,AT_FDCWD, O_RDONLY|O_CLOEXEC) = 3,,,,,,
read,3, 832) = 832,,,,,,
fstat,3, st_size=129096, ...}) = 0,,,,,
mmap,NULL, PROT_READ|PROT_WRITE, MAP_PRIVATE|MAP_ANONYMOUS,-1, 0) = 0x7f46da3d7000,,,
mmap,NULL, PROT_READ, MAP_PRIVATE|MAP_DENYWRITE,3, 0) = 0x7f46da3b6000,,,
mprotect,0x7f46da3b8000, PROT_NONE) = 0,,,,,,
mmap,0x7f46da3b8000, PROT_READ|PROT_EXEC, MAP_PRIVATE|MAP_FIXED|MAP_DENYWRITE,3, 0x2000) = 0x7f46da3b8000,,,
mmap,0x7f46da3bd000, PROT_READ, MAP_PRIVATE|MAP_FIXED|MAP_DENYWRITE,3, 0x7000) = 0x7f46da3bd000,,,
mmap,0x7f46da3d5000, PROT_READ|PROT_WRITE, MAP_PRIVATE|MAP_FIXED|MAP_DENYWRITE,3, 0x1e000) = 0x7f46da3d5000,,,
close,3)                                = 0,,,,,,,
openat,AT_FDCWD, O_RDONLY|O_CLOEXEC) = 3,,,,,,
read,3, 832) = 832,,,,,,
pread64,3,68, 824) = 68,,,,,
fstat,3, st_size=157224, ...}) = 0,,,,,
pread64,3,68, 824) = 68,,,,,
mmap,NULL, PROT_READ, MAP_PRIVATE|MAP_DENYWRITE,3, 0) = 0x7f46da393000,,,
mmap,0x7f46da399000, PROT_READ|PROT_EXEC, MAP_PRIVATE|MAP_FIXED|MAP_DENYWRITE,3, 0x6000) = 0x7f46da399000,,,
mmap,0x7f46da3aa000, PROT_READ, MAP_PRIVATE|MAP_FIXED|MAP_DENYWRITE,3, 0x17000) = 0x7f46da3aa000,,,
mmap,0x7f46da3b0000, PROT_READ|PROT_WRITE, MAP_PRIVATE|MAP_FIXED|MAP_DENYWRITE,3, 0x1c000) = 0x7f46da3b0000,,,
mmap,0x7f46da3b2000, PROT_READ|PROT_WRITE, MAP_PRIVATE|MAP_FIXED|MAP_ANONYMOUS,-1, 0) = 0x7f46da3b2000,,,
close,3)                                = 0,,,,,,,
openat,AT_FDCWD, O_RDONLY|O_CLOEXEC) = 3,,,,,,
read,3, 832) = 832,,,,,,
pread64,3,784, 64) = 784,,,,,
pread64,3,32, 848) = 32,,,,,
pread64,3,68, 880) = 68,,,,,
fstat,3, st_size=2029592, ...}) = 0,,,,,
pread64,3,784, 64) = 784,,,,,
pread64,3,32, 848) = 32,,,,,
pread64,3,68, 880) = 68,,,,,
mmap,NULL, PROT_READ, MAP_PRIVATE|MAP_DENYWRITE,3, 0) = 0x7f46da1a1000,,,
mmap,0x7f46da1c3000, PROT_READ|PROT_EXEC, MAP_PRIVATE|MAP_FIXED|MAP_DENYWRITE,3, 0x22000) = 0x7f46da1c3000,,,
mmap,0x7f46da33b000, PROT_READ, MAP_PRIVATE|MAP_FIXED|MAP_DENYWRITE,3, 0x19a000) = 0x7f46da33b000,,,
mmap,0x7f46da389000, PROT_READ|PROT_WRITE, MAP_PRIVATE|MAP_FIXED|MAP_DENYWRITE,3, 0x1e7000) = 0x7f46da389000,,,
mmap,0x7f46da38f000, PROT_READ|PROT_WRITE, MAP_PRIVATE|MAP_FIXED|MAP_ANONYMOUS,-1, 0) = 0x7f46da38f000,,,
close,3)                                = 0,,,,,,,
openat,AT_FDCWD, O_RDONLY|O_CLOEXEC) = 3,,,,,,
read,3, 832) = 832,,,,,,
fstat,3, st_size=67912, ...}) = 0,,,,,
mmap,NULL, PROT_READ, MAP_PRIVATE|MAP_DENYWRITE,3, 0) = 0x7f46da18f000,,,
mprotect,0x7f46da193000, PROT_NONE) = 0,,,,,,
mmap,0x7f46da193000, PROT_READ|PROT_EXEC, MAP_PRIVATE|MAP_FIXED|MAP_DENYWRITE,3, 0x4000) = 0x7f46da193000,,,
mmap,0x7f46da19b000, PROT_READ, MAP_PRIVATE|MAP_FIXED|MAP_DENYWRITE,3, 0xc000) = 0x7f46da19b000,,,
mmap,0x7f46da19f000, PROT_READ|PROT_WRITE, MAP_PRIVATE|MAP_FIXED|MAP_DENYWRITE,3, 0xf000) = 0x7f46da19f000,,,
close,3)                                = 0,,,,,,,
openat,AT_FDCWD, O_RDONLY|O_CLOEXEC) = 3,,,,,,
read,3, 832) = 832,,,,,,
fstat,3, st_size=1799408, ...}) = 0,,,,,
mmap,NULL, PROT_READ, MAP_PRIVATE|MAP_DENYWRITE,3, 0) = 0x7f46d9fd5000,,,
mmap,0x7f46da002000, PROT_READ|PROT_EXEC, MAP_PRIVATE|MAP_FIXED|MAP_DENYWRITE,3, 0x2d000) = 0x7f46da002000,,,
mmap,0x7f46da12c000, PROT_READ, MAP_PRIVATE|MAP_FIXED|MAP_DENYWRITE,3, 0x157000) = 0x7f46da12c000,,,
mmap,0x7f46da183000, PROT_READ|PROT_WRITE, MAP_PRIVATE|MAP_FIXED|MAP_DENYWRITE,3, 0x1ad000) = 0x7f46da183000,,,
mmap,0x7f46da18d000, PROT_READ|PROT_WRITE, MAP_PRIVATE|MAP_FIXED|MAP_ANONYMOUS,-1, 0) = 0x7f46da18d000,,,
close,3)                                = 0,,,,,,,
openat,AT_FDCWD, O_RDONLY|O_CLOEXEC) = 3,,,,,,
read,3, 832) = 832,,,,,,
fstat,3, st_size=309712, ...}) = 0,,,,,
mmap,NULL, PROT_READ, MAP_PRIVATE|MAP_DENYWRITE,3, 0) = 0x7f46d9f88000,,,
mmap,0x7f46d9f93000, PROT_READ|PROT_EXEC, MAP_PRIVATE|MAP_FIXED|MAP_DENYWRITE,3, 0xb000) = 0x7f46d9f93000,,,
mmap,0x7f46d9fc5000, PROT_READ, MAP_PRIVATE|MAP_FIXED|MAP_DENYWRITE,3, 0x3d000) = 0x7f46d9fc5000,,,
mmap,0x7f46d9fd1000, PROT_READ|PROT_WRITE, MAP_PRIVATE|MAP_FIXED|MAP_DENYWRITE,3, 0x48000) = 0x7f46d9fd1000,,,
close,3)                                = 0,,,,,,,
openat,AT_FDCWD, O_RDONLY|O_CLOEXEC) = 3,,,,,,
read,3, 832) = 832,,,,,,
fstat,3, st_size=902016, ...}) = 0,,,,,
mmap,NULL, PROT_READ|PROT_WRITE, MAP_PRIVATE|MAP_ANONYMOUS,-1, 0) = 0x7f46d9f86000,,,
mmap,NULL, PROT_READ, MAP_PRIVATE|MAP_DENYWRITE,3, 0) = 0x7f46d9ea9000,,,
mprotect,0x7f46d9ecb000, PROT_NONE) = 0,,,,,,
mmap,0x7f46d9ecb000, PROT_READ|PROT_EXEC, MAP_PRIVATE|MAP_FIXED|MAP_DENYWRITE,3, 0x22000) = 0x7f46d9ecb000,,,
mmap,0x7f46d9f2c000, PROT_READ, MAP_PRIVATE|MAP_FIXED|MAP_DENYWRITE,3, 0x83000) = 0x7f46d9f2c000,,,
mmap,0x7f46d9f76000, PROT_READ|PROT_WRITE, MAP_PRIVATE|MAP_FIXED|MAP_DENYWRITE,3, 0xcc000) = 0x7f46d9f76000,,,
close,3)                                = 0,,,,,,,
openat,AT_FDCWD, O_RDONLY|O_CLOEXEC) = 3,,,,,,
read,3, 832) = 832,,,,,,
fstat,3, st_size=22520, ...}) = 0,,,,,
mmap,NULL, PROT_READ, MAP_PRIVATE|MAP_DENYWRITE,3, 0) = 0x7f46d9ea2000,,,
mmap,0x7f46d9ea3000, PROT_READ|PROT_EXEC, MAP_PRIVATE|MAP_FIXED|MAP_DENYWRITE,3, 0x1000) = 0x7f46d9ea3000,,,
mmap,0x7f46d9ea6000, PROT_READ, MAP_PRIVATE|MAP_FIXED|MAP_DENYWRITE,3, 0x4000) = 0x7f46d9ea6000,,,
mmap,0x7f46d9ea7000, PROT_READ|PROT_WRITE, MAP_PRIVATE|MAP_FIXED|MAP_DENYWRITE,3, 0x4000) = 0x7f46d9ea7000,,,
close,3)                                = 0,,,,,,,
openat,AT_FDCWD, O_RDONLY|O_CLOEXEC) = 3,,,,,,
read,3, 832) = 832,,,,,,
fstat,3, st_size=92304, ...}) = 0,,,,,
mmap,NULL, PROT_READ, MAP_PRIVATE|MAP_DENYWRITE,3, 0) = 0x7f46d9e8a000,,,
mmap,0x7f46d9e8d000, PROT_READ|PROT_EXEC, MAP_PRIVATE|MAP_FIXED|MAP_DENYWRITE,3, 0x3000) = 0x7f46d9e8d000,,,
mmap,0x7f46d9e9d000, PROT_READ, MAP_PRIVATE|MAP_FIXED|MAP_DENYWRITE,3, 0x13000) = 0x7f46d9e9d000,,,
mmap,0x7f46d9ea0000, PROT_READ|PROT_WRITE, MAP_PRIVATE|MAP_FIXED|MAP_DENYWRITE,3, 0x15000) = 0x7f46d9ea0000,,,
close,3)                                = 0,,,,,,,
openat,AT_FDCWD, O_RDONLY|O_CLOEXEC) = 3,,,,,,
read,3, 832) = 832,,,,,,
fstat,3, st_size=18848, ...}) = 0,,,,,
mmap,NULL, PROT_READ, MAP_PRIVATE|MAP_DENYWRITE,3, 0) = 0x7f46d9e84000,,,
mmap,0x7f46d9e85000, PROT_READ|PROT_EXEC, MAP_PRIVATE|MAP_FIXED|MAP_DENYWRITE,3, 0x1000) = 0x7f46d9e85000,,,
mmap,0x7f46d9e87000, PROT_READ, MAP_PRIVATE|MAP_FIXED|MAP_DENYWRITE,3, 0x3000) = 0x7f46d9e87000,,,
mmap,0x7f46d9e88000, PROT_READ|PROT_WRITE, MAP_PRIVATE|MAP_FIXED|MAP_DENYWRITE,3, 0x3000) = 0x7f46d9e88000,,,
close,3)                                = 0,,,,,,,
openat,AT_FDCWD, O_RDONLY|O_CLOEXEC) = 3,,,,,,
read,3, 832) = 832,,,,,,
fstat,3, st_size=303944, ...}) = 0,,,,,
mmap,NULL, PROT_READ, MAP_PRIVATE|MAP_DENYWRITE,3, 0) = 0x7f46d9e39000,,,
mmap,0x7f46d9e43000, PROT_READ|PROT_EXEC, MAP_PRIVATE|MAP_FIXED|MAP_DENYWRITE,3, 0xa000) = 0x7f46d9e43000,,,
mmap,0x7f46d9e75000, PROT_READ, MAP_PRIVATE|MAP_FIXED|MAP_DENYWRITE,3, 0x3c000) = 0x7f46d9e75000,,,
mmap,0x7f46d9e81000, PROT_READ|PROT_WRITE, MAP_PRIVATE|MAP_FIXED|MAP_DENYWRITE,3, 0x47000) = 0x7f46d9e81000,,,
close,3)                                = 0,,,,,,,
openat,AT_FDCWD, O_RDONLY|O_CLOEXEC) = 3,,,,,,
read,3, 832) = 832,,,,,,
fstat,3, st_size=194648, ...}) = 0,,,,,
mmap,NULL, PROT_READ|PROT_WRITE, MAP_PRIVATE|MAP_ANONYMOUS,-1, 0) = 0x7f46d9e37000,,,
mmap,NULL, PROT_READ, MAP_PRIVATE|MAP_DENYWRITE,3, 0) = 0x7f46d9e06000,,,
mprotect,0x7f46d9e0f000, PROT_NONE) = 0,,,,,,
mmap,0x7f46d9e0f000, PROT_READ|PROT_EXEC, MAP_PRIVATE|MAP_FIXED|MAP_DENYWRITE,3, 0x9000) = 0x7f46d9e0f000,,,
mmap,0x7f46d9e2a000, PROT_READ, MAP_PRIVATE|MAP_FIXED|MAP_DENYWRITE,3, 0x24000) = 0x7f46d9e2a000,,,
mmap,0x7f46d9e35000, PROT_READ|PROT_WRITE, MAP_PRIVATE|MAP_FIXED|MAP_DENYWRITE,3, 0x2e000) = 0x7f46d9e35000,,,
close,3)                                = 0,,,,,,,
openat,AT_FDCWD, O_RDONLY|O_CLOEXEC) = 3,,,,,,
read,3, 832) = 832,,,,,,
fstat,3, st_size=1575112, ...}) = 0,,,,,
mmap,NULL, PROT_READ, MAP_PRIVATE|MAP_DENYWRITE,3, 0) = 0x7f46d9c84000,,,
mprotect,0x7f46d9c94000, PROT_NONE) = 0,,,,,,
mmap,0x7f46d9c94000, PROT_READ|PROT_EXEC, MAP_PRIVATE|MAP_FIXED|MAP_DENYWRITE,3, 0x10000) = 0x7f46d9c94000,,,
mmap,0x7f46d9cca000, PROT_READ, MAP_PRIVATE|MAP_FIXED|MAP_DENYWRITE,3, 0x46000) = 0x7f46d9cca000,,,
mmap,0x7f46d9e02000, PROT_READ|PROT_WRITE, MAP_PRIVATE|MAP_FIXED|MAP_DENYWRITE,3, 0x17d000) = 0x7f46d9e02000,,,
close,3)                                = 0,,,,,,,
openat,AT_FDCWD, O_RDONLY|O_CLOEXEC) = 3,,,,,,
read,3, 832) = 832,,,,,,
fstat,3, st_size=1976648, ...}) = 0,,,,,
mmap,NULL, PROT_READ, MAP_PRIVATE|MAP_DENYWRITE,3, 0) = 0x7f46d9a9e000,,,
mprotect,0x7f46d9b03000, PROT_NONE) = 0,,,,,,
mmap,0x7f46d9b03000, PROT_READ|PROT_EXEC, MAP_PRIVATE|MAP_FIXED|MAP_DENYWRITE,3, 0x65000) = 0x7f46d9b03000,,,
mmap,0x7f46d9be8000, PROT_READ, MAP_PRIVATE|MAP_FIXED|MAP_DENYWRITE,3, 0x14a000) = 0x7f46d9be8000,,,
mmap,0x7f46d9c6f000, PROT_READ|PROT_WRITE, MAP_PRIVATE|MAP_FIXED|MAP_DENYWRITE,3, 0x1d0000) = 0x7f46d9c6f000,,,
mmap,0x7f46d9c82000, PROT_READ|PROT_WRITE, MAP_PRIVATE|MAP_FIXED|MAP_ANONYMOUS,-1, 0) = 0x7f46d9c82000,,,
close,3)                                = 0,,,,,,,
openat,AT_FDCWD, O_RDONLY|O_CLOEXEC) = 3,,,,,,
read,3, 832) = 832,,,,,,
fstat,3, st_size=108936, ...}) = 0,,,,,
mmap,NULL, PROT_READ, MAP_PRIVATE|MAP_DENYWRITE,3, 0) = 0x7f46d9a82000,,,
mprotect,0x7f46d9a84000, PROT_NONE) = 0,,,,,,
mmap,0x7f46d9a84000, PROT_READ|PROT_EXEC, MAP_PRIVATE|MAP_FIXED|MAP_DENYWRITE,3, 0x2000) = 0x7f46d9a84000,,,
mmap,0x7f46d9a95000, PROT_READ, MAP_PRIVATE|MAP_FIXED|MAP_DENYWRITE,3, 0x13000) = 0x7f46d9a95000,,,
mmap,0x7f46d9a9c000, PROT_READ|PROT_WRITE, MAP_PRIVATE|MAP_FIXED|MAP_DENYWRITE,3, 0x19000) = 0x7f46d9a9c000,,,
close,3)                                = 0,,,,,,,
openat,AT_FDCWD, O_RDONLY|O_CLOEXEC) = 3,,,,,,
read,3, 832) = 832,,,,,,
fstat,3, st_size=162264, ...}) = 0,,,,,
mmap,NULL, PROT_READ, MAP_PRIVATE|MAP_DENYWRITE,3, 0) = 0x7f46d9a59000,,,
mprotect,0x7f46d9a5c000, PROT_NONE) = 0,,,,,,
mmap,0x7f46d9a5c000, PROT_READ|PROT_EXEC, MAP_PRIVATE|MAP_FIXED|MAP_DENYWRITE,3, 0x3000) = 0x7f46d9a5c000,,,
mmap,0x7f46d9a74000, PROT_READ, MAP_PRIVATE|MAP_FIXED|MAP_DENYWRITE,3, 0x1b000) = 0x7f46d9a74000,,,
mmap,0x7f46d9a80000, PROT_READ|PROT_WRITE, MAP_PRIVATE|MAP_FIXED|MAP_DENYWRITE,3, 0x26000) = 0x7f46d9a80000,,,
close,3)                                = 0,,,,,,,
openat,AT_FDCWD, O_RDONLY|O_CLOEXEC) = 3,,,,,,
read,3, 832) = 832,,,,,,
fstat,3, st_size=1369384, ...}) = 0,,,,,
mmap,NULL, PROT_READ, MAP_PRIVATE|MAP_DENYWRITE,3, 0) = 0x7f46d990a000,,,
mmap,0x7f46d9917000, PROT_READ|PROT_EXEC, MAP_PRIVATE|MAP_FIXED|MAP_DENYWRITE,3, 0xd000) = 0x7f46d9917000,,,
mmap,0x7f46d99be000, PROT_READ, MAP_PRIVATE|MAP_FIXED|MAP_DENYWRITE,3, 0xb4000) = 0x7f46d99be000,,,
mmap,0x7f46d9a57000, PROT_READ|PROT_WRITE, MAP_PRIVATE|MAP_FIXED|MAP_DENYWRITE,3, 0x14c000) = 0x7f46d9a57000,,,
close,3)                                = 0,,,,,,,
openat,AT_FDCWD, O_RDONLY|O_CLOEXEC) = 3,,,,,,
read,3, 832) = 832,,,,,,
fstat,3, st_size=191040, ...}) = 0,,,,,
mmap,NULL, PROT_READ|PROT_WRITE, MAP_PRIVATE|MAP_ANONYMOUS,-1, 0) = 0x7f46d9908000,,,
mmap,NULL, PROT_READ, MAP_PRIVATE|MAP_DENYWRITE,3, 0) = 0x7f46d98d7000,,,
mprotect,0x7f46d98db000, PROT_NONE) = 0,,,,,,
mmap,0x7f46d98db000, PROT_READ|PROT_EXEC, MAP_PRIVATE|MAP_FIXED|MAP_DENYWRITE,3, 0x4000) = 0x7f46d98db000,,,
mmap,0x7f46d98f7000, PROT_READ, MAP_PRIVATE|MAP_FIXED|MAP_DENYWRITE,3, 0x20000) = 0x7f46d98f7000,,,
mmap,0x7f46d9905000, PROT_READ|PROT_WRITE, MAP_PRIVATE|MAP_FIXED|MAP_DENYWRITE,3, 0x2d000) = 0x7f46d9905000,,,
mmap,0x7f46d9907000, PROT_READ|PROT_WRITE, MAP_PRIVATE|MAP_FIXED|MAP_ANONYMOUS,-1, 0) = 0x7f46d9907000,,,
close,3)                                = 0,,,,,,,
openat,AT_FDCWD, O_RDONLY|O_CLOEXEC) = 3,,,,,,
read,3, 832) = 832,,,,,,
fstat,3, st_size=22600, ...}) = 0,,,,,
mmap,NULL, PROT_READ, MAP_PRIVATE|MAP_DENYWRITE,3, 0) = 0x7f46d98d0000,,,
mmap,0x7f46d98d2000, PROT_READ|PROT_EXEC, MAP_PRIVATE|MAP_FIXED|MAP_DENYWRITE,3, 0x2000) = 0x7f46d98d2000,,,
mmap,0x7f46d98d4000, PROT_READ, MAP_PRIVATE|MAP_FIXED|MAP_DENYWRITE,3, 0x4000) = 0x7f46d98d4000,,,
mmap,0x7f46d98d5000, PROT_READ|PROT_WRITE, MAP_PRIVATE|MAP_FIXED|MAP_DENYWRITE,3, 0x4000) = 0x7f46d98d5000,,,
close,3)                                = 0,,,,,,,
openat,AT_FDCWD, O_RDONLY|O_CLOEXEC) = 3,,,,,,
read,3, 832) = 832,,,,,,
fstat,3, st_size=56096, ...}) = 0,,,,,
mmap,NULL, PROT_READ, MAP_PRIVATE|MAP_DENYWRITE,3, 0) = 0x7f46d98c1000,,,
mmap,0x7f46d98c4000, PROT_READ|PROT_EXEC, MAP_PRIVATE|MAP_FIXED|MAP_DENYWRITE,3, 0x3000) = 0x7f46d98c4000,,,
mmap,0x7f46d98cb000, PROT_READ, MAP_PRIVATE|MAP_FIXED|MAP_DENYWRITE,3, 0xa000) = 0x7f46d98cb000,,,
mmap,0x7f46d98ce000, PROT_READ|PROT_WRITE, MAP_PRIVATE|MAP_FIXED|MAP_DENYWRITE,3, 0xc000) = 0x7f46d98ce000,,,
close,3)                                = 0,,,,,,,
openat,AT_FDCWD, O_RDONLY|O_CLOEXEC) = 3,,,,,,
read,3, 832) = 832,,,,,,
fstat,3, st_size=22600, ...}) = 0,,,,,
mmap,NULL, PROT_READ, MAP_PRIVATE|MAP_DENYWRITE,3, 0) = 0x7f46d98ba000,,,
mmap,0x7f46d98bc000, PROT_READ|PROT_EXEC, MAP_PRIVATE|MAP_FIXED|MAP_DENYWRITE,3, 0x2000) = 0x7f46d98bc000,,,
mmap,0x7f46d98be000, PROT_READ, MAP_PRIVATE|MAP_FIXED|MAP_DENYWRITE,3, 0x4000) = 0x7f46d98be000,,,
mmap,0x7f46d98bf000, PROT_READ|PROT_WRITE, MAP_PRIVATE|MAP_FIXED|MAP_DENYWRITE,3, 0x4000) = 0x7f46d98bf000,,,
close,3)                                = 0,,,,,,,
openat,AT_FDCWD, O_RDONLY|O_CLOEXEC) = 3,,,,,,
read,3, 832) = 832,,,,,,
fstat,3, st_size=101352, ...}) = 0,,,,,
mmap,NULL, PROT_READ, MAP_PRIVATE|MAP_DENYWRITE,3, 0) = 0x7f46d989e000,,,
mmap,0x7f46d98a2000, PROT_READ|PROT_EXEC, MAP_PRIVATE|MAP_FIXED|MAP_DENYWRITE,3, 0x4000) = 0x7f46d98a2000,,,
mmap,0x7f46d98b2000, PROT_READ, MAP_PRIVATE|MAP_FIXED|MAP_DENYWRITE,3, 0x14000) = 0x7f46d98b2000,,,
mmap,0x7f46d98b6000, PROT_READ|PROT_WRITE, MAP_PRIVATE|MAP_FIXED|MAP_DENYWRITE,3, 0x17000) = 0x7f46d98b6000,,,
mmap,0x7f46d98b8000, PROT_READ|PROT_WRITE, MAP_PRIVATE|MAP_FIXED|MAP_ANONYMOUS,-1, 0) = 0x7f46d98b8000,,,
close,3)                                = 0,,,,,,,
openat,AT_FDCWD, O_RDONLY|O_CLOEXEC) = 3,,,,,,
read,3, 832) = 832,,,,,,
fstat,3, st_size=28046896, ...}) = 0,,,,,
mmap,NULL, PROT_READ|PROT_WRITE, MAP_PRIVATE|MAP_ANONYMOUS,-1, 0) = 0x7f46d989c000,,,
mmap,NULL, PROT_READ, MAP_PRIVATE|MAP_DENYWRITE,3, 0) = 0x7f46d7ddb000,,,
mmap,0x7f46d7ddc000, PROT_READ|PROT_EXEC, MAP_PRIVATE|MAP_FIXED|MAP_DENYWRITE,3, 0x1000) = 0x7f46d7ddc000,,,
mmap,0x7f46d7ddd000, PROT_READ, MAP_PRIVATE|MAP_FIXED|MAP_DENYWRITE,3, 0x2000) = 0x7f46d7ddd000,,,
mmap,0x7f46d989a000, PROT_READ|PROT_WRITE, MAP_PRIVATE|MAP_FIXED|MAP_DENYWRITE,3, 0x1abe000) = 0x7f46d989a000,,,
close,3)                                = 0,,,,,,,
openat,AT_FDCWD, O_RDONLY|O_CLOEXEC) = 3,,,,,,
read,3, 832) = 832,,,,,,
fstat,3, st_size=1956992, ...}) = 0,,,,,
mmap,NULL, PROT_READ, MAP_PRIVATE|MAP_DENYWRITE,3, 0) = 0x7f46d7bf9000,,,
mprotect,0x7f46d7c8f000, PROT_NONE) = 0,,,,,,
mmap,0x7f46d7c8f000, PROT_READ|PROT_EXEC, MAP_PRIVATE|MAP_FIXED|MAP_DENYWRITE,3, 0x96000) = 0x7f46d7c8f000,,,
mmap,0x7f46d7d80000, PROT_READ, MAP_PRIVATE|MAP_FIXED|MAP_DENYWRITE,3, 0x187000) = 0x7f46d7d80000,,,
mmap,0x7f46d7dca000, PROT_READ|PROT_WRITE, MAP_PRIVATE|MAP_FIXED|MAP_DENYWRITE,3, 0x1d0000) = 0x7f46d7dca000,,,
mmap,0x7f46d7dd8000, PROT_READ|PROT_WRITE, MAP_PRIVATE|MAP_FIXED|MAP_ANONYMOUS,-1, 0) = 0x7f46d7dd8000,,,
close,3)                                = 0,,,,,,,
openat,AT_FDCWD, O_RDONLY|O_CLOEXEC) = 3,,,,,,
read,3, 832) = 832,,,,,,
fstat,3, st_size=104984, ...}) = 0,,,,,
mmap,NULL, PROT_READ, MAP_PRIVATE|MAP_DENYWRITE,3, 0) = 0x7f46d7bde000,,,
mmap,0x7f46d7be1000, PROT_READ|PROT_EXEC, MAP_PRIVATE|MAP_FIXED|MAP_DENYWRITE,3, 0x3000) = 0x7f46d7be1000,,,
mmap,0x7f46d7bf3000, PROT_READ, MAP_PRIVATE|MAP_FIXED|MAP_DENYWRITE,3, 0x15000) = 0x7f46d7bf3000,,,
mmap,0x7f46d7bf7000, PROT_READ|PROT_WRITE, MAP_PRIVATE|MAP_FIXED|MAP_DENYWRITE,3, 0x18000) = 0x7f46d7bf7000,,,
close,3)                                = 0,,,,,,,
mmap,NULL, PROT_READ|PROT_WRITE, MAP_PRIVATE|MAP_ANONYMOUS,-1, 0) = 0x7f46d7bdc000,,,
mmap,NULL, PROT_READ|PROT_WRITE, MAP_PRIVATE|MAP_ANONYMOUS,-1, 0) = 0x7f46d7bda000,,,
arch_prctl,ARCH_SET_FS,,,,,,,
mprotect,0x7f46da389000, PROT_READ) = 0,,,,,,
mprotect,0x7f46d7bf7000, PROT_READ) = 0,,,,,,
mprotect,0x7f46d9a57000, PROT_READ) = 0,,,,,,
mmap,NULL, PROT_READ|PROT_WRITE, MAP_PRIVATE|MAP_ANONYMOUS,-1, 0) = 0x7f46d7bd8000,,,
mprotect,0x7f46d7dca000, PROT_READ) = 0,,,,,,
mprotect,0x7f46d989a000, PROT_READ) = 0,,,,,,
mprotect,0x7f46d98b6000, PROT_READ) = 0,,,,,,
mprotect,0x7f46d98bf000, PROT_READ) = 0,,,,,,
mprotect,0x7f46d9e88000, PROT_READ) = 0,,,,,,
mprotect,0x7f46d98ce000, PROT_READ) = 0,,,,,,
mprotect,0x7f46da3b0000, PROT_READ) = 0,,,,,,
mprotect,0x7f46d98d5000, PROT_READ) = 0,,,,,,
mprotect,0x7f46d9905000, PROT_READ) = 0,,,,,,
mprotect,0x7f46d9a80000, PROT_READ) = 0,,,,,,
mprotect,0x7f46d9a9c000, PROT_READ) = 0,,,,,,
mprotect,0x7f46d9c6f000, PROT_READ) = 0,,,,,,
mprotect,0x7f46d9e02000, PROT_READ) = 0,,,,,,
mprotect,0x7f46d9e35000, PROT_READ) = 0,,,,,,
mprotect,0x7f46da67e000, PROT_READ) = 0,,,,,,
mprotect,0x7f46da722000, PROT_READ) = 0,,,,,,
mprotect,0x7f46da19f000, PROT_READ) = 0,,,,,,
mprotect,0x7f46da183000, PROT_READ) = 0,,,,,,
mprotect,0x7f46d9e81000, PROT_READ) = 0,,,,,,
mprotect,0x7f46d9ea0000, PROT_READ) = 0,,,,,,
mprotect,0x7f46d9ea7000, PROT_READ) = 0,,,,,,
mprotect,0x7f46d9f76000, PROT_READ) = 0,,,,,,
mprotect,0x7f46d9fd1000, PROT_READ) = 0,,,,,,
mprotect,0x7f46da3d5000, PROT_READ) = 0,,,,,,
mprotect,0x7f46da98f000, PROT_READ) = 0,,,,,,
mprotect,0x7f46da750000, PROT_READ) = 0,,,,,,
mprotect,0x7f46da76e000, PROT_READ) = 0,,,,,,
mprotect,0x7f46da77b000, PROT_READ) = 0,,,,,,
mprotect,0x5653bcfec000, PROT_READ) = 0,,,,,,
mprotect,0x7f46da9d7000, PROT_READ) = 0,,,,,,
munmap,0x7f46da999000,,,,,,,
set_tid_address,0x7f46d7bdb810)         = 3041,,,,,,,
set_robust_list,0x7f46d7bdb820,,,,,,,
rt_sigaction,SIGRTMIN, sa_mask=[], sa_flags=SA_RESTORER|SA_SIGINFO, sa_restorer=0x7f46da3a7420}, NULL, 8) = 0,,
rt_sigaction,SIGRT_1, sa_mask=[], sa_flags=SA_RESTORER|SA_RESTART|SA_SIGINFO, sa_restorer=0x7f46da3a7420}, NULL, 8) = 0,,
rt_sigprocmask,SIG_UNBLOCK, NULL, 8) = 0,,,,,
prlimit64,0, NULL, {rlim_cur=8192*1024, rlim_max=RLIM64_INFINITY}) = 0,,,,
brk,NULL)                               = 0x5653bdef2000,,,,,,,
brk,0x5653bdf13000)                     = 0x5653bdf13000,,,,,,,
futex,0x7f46da72404c, 2147483647) = 0,,,,,,
rt_sigaction,SIGPIPE, sa_mask=~[RTMIN RT_1], sa_flags=SA_RESTORER, sa_restorer=0x7f46da3a7420}, NULL, 8) = 0,,
rt_sigaction,SIGHUP, sa_mask=~[RTMIN RT_1], sa_flags=SA_RESTORER, sa_restorer=0x7f46da3a7420}, NULL, 8) = 0,,
rt_sigaction,SIGTERM, sa_mask=~[RTMIN RT_1], sa_flags=SA_RESTORER, sa_restorer=0x7f46da3a7420}, NULL, 8) = 0,,
rt_sigaction,SIGINT, sa_mask=~[RTMIN RT_1], sa_flags=SA_RESTORER, sa_restorer=0x7f46da3a7420}, NULL, 8) = 0,,
rt_sigprocmask,SIG_BLOCK, NULL, 8) = 0,,,,,
futex,0x7f46da723a00, 2147483647) = 0,,,,,,
futex,0x7f46da99648c, 2147483647) = 0,,,,,,
socket,AF_INET, IPPROTO_IP) = 3,,,,,,
close,3)                                = 0,,,,,,,
socket,AF_INET6, IPPROTO_IP) = 3,,,,,,
getsockname,3, sin6_port=htons(0), sin6_flowinfo=htonl(0), inet_pton(AF_INET6," ""::""", &sin6_addr), sin6_scope_id=0}, [28]) = 0
close,3)                                = 0,,,,,,,
socket,AF_UNIX, 0)         = 3,,,,,,
close,3)                                = 0,,,,,,,
futex,0x7f46da724034, 2147483647) = 0,,,,,,
futex,0x7f46da723968, 2147483647) = 0,,,,,,
mmap,NULL, PROT_READ|PROT_WRITE, MAP_PRIVATE|MAP_ANONYMOUS,-1, 0) = 0x7f46d7b97000,,,
mmap,NULL, PROT_NONE, MAP_PRIVATE|MAP_ANONYMOUS|MAP_STACK,-1, 0) = 0x7f46d7396000,,,
mprotect,0x7f46d7397000, PROT_READ|PROT_WRITE) = 0,,,,,,
clone,child_stack=0x7f46d7b95eb0, parent_tid=[3042], tls=0x7f46d7b96700, child_tidptr=0x7f46d7b969d0) = 3042,,,,
openat,AT_FDCWD, O_RDWR) = 3,,,,,,
write,3, 14)          = 14,,,,,,
close,3)                                = 0,,,,,,,
futex,0x7f46d7b9c020, 1) = 1,,,,,,
mmap,NULL, PROT_NONE, MAP_PRIVATE|MAP_ANONYMOUS|MAP_STACK,-1, 0) = 0x7f46d6b95000,,,
mprotect,0x7f46d6b96000, PROT_READ|PROT_WRITE) = 0,,,,,,
brk,0x5653bdf34000)                     = 0x5653bdf34000,,,,,,,
clone,child_stack=0x7f46d7394eb0, parent_tid=[3043], tls=0x7f46d7395700, child_tidptr=0x7f46d73959d0) = 3043,,,,
openat,AT_FDCWD, O_RDWR) = 3,,,,,,
write,3, 9)                = 9,,,,,,
close,3)                                = 0,,,,,,,
mmap,NULL, PROT_READ|PROT_WRITE, MAP_PRIVATE|MAP_ANONYMOUS,-1, 0) = 0x7f46d6b6b000,,,
pipe,[3,,,,,,,
fcntl,3,,,,,,,
fcntl,3, O_RDONLY|O_NONBLOCK)  = 0,,,,,,
brk,0x5653bdf67000)                     = 0x5653bdf67000,,,,,,,
epoll_create,2048)                      = 5,,,,,,,
epoll_ctl,5,3, {EPOLLIN, {u32=3, u64=3}}) = 0,,,
mmap,NULL, PROT_NONE, MAP_PRIVATE|MAP_ANONYMOUS|MAP_STACK,-1, 0) = 0x7f46d636a000,,,
mprotect,0x7f46d636b000, PROT_READ|PROT_WRITE) = 0,,,,,,
clone,child_stack=0x7f46d6b69eb0, parent_tid=[3044], tls=0x7f46d6b6a700, child_tidptr=0x7f46d6b6a9d0) = 3044,,,,
openat,AT_FDCWD, O_RDWR) = 6,,,,,,
write,6, 12)            = 12,,,,,,
close,6)                                = 0,,,,,,,
futex,0x7f46da996cc0, 2147483647) = 0,,,,,,
futex,0x7f46da6ae818, 2147483647) = 0,,,,,,
futex,0x7f46da6ae80c, 2147483647) = 0,,,,,,
futex,0x7f46da6ae804, 2147483647) = 0,,,,,,
futex,0x7f46da6abc5c, 2147483647) = 0,,,,,,
futex,0x7f46da6ae6c4, 2147483647) = 0,,,,,,
futex,0x7f46da6ae65c, 2147483647) = 0,,,,,,
futex,0x7f46da6ae650, 2147483647) = 0,,,,,,
futex,0x7f46da6ae7fc, 2147483647) = 0,,,,,,
futex,0x7f46da6ae7b8, 2147483647) = 0,,,,,,
futex,0x7f46da6ae7b0, 2147483647) = 0,,,,,,
openat,AT_FDCWD, O_RDONLY) = 6,,,,,,
fstat,6, st_size=10909, ...}) = 0,,,,,
read,6, 4096) = 4096,,,,,,
brk,0x5653bdf88000)                     = 0x5653bdf88000,,,,,,,
read,6, 4096) = 4096,,,,,,
read,6, 4096) = 2717,,,,,,
read,6, 4096)                       = 0,,,,,,
close,6)                                = 0,,,,,,,
futex,0x7f46da6ae948, 2147483647) = 0,,,,,,
getpid,)                                = 3041,,,,,,,
getrandom,\xfa\x1d\x15\x26\xdc\xe4\x6f\x47\x04\x19\xf7\xd1\xcf\xe3\x04\xd5\x5c\x57\x30\x92\x8b\x3a\x41\xa9\x0f\x80\xad\xd4\x0a\xe2\x15\xf7, 0) = 32,,,,,,
getpid,)                                = 3041,,,,,,,
futex,0x7f46da6ae918, 2147483647) = 0,,,,,,
openat,AT_FDCWD, O_RDONLY) = 6,,,,,,
fstat,6, st_size=717, ...}) = 0,,,,,
read,6, 4096) = 717,,,,,,
read,6, 4096)                       = 0,,,,,,
close,6)                                = 0,,,,,,,
openat,AT_FDCWD, O_RDONLY|O_CLOEXEC) = 6,,,,,,
fstat,6, st_size=5699248, ...}) = 0,,,,,
mmap,NULL, PROT_READ, MAP_PRIVATE,6, 0) = 0x7f46d5dfa000,,,
close,6)                                = 0,,,,,,,
getpid,)                                = 3041,,,,,,,
getpid,)                                = 3041,,,,,,,
getpid,)                                = 3041,,,,,,,
getpid,)                                = 3041,,,,,,,
ioctl,1, {B38400 opost isig icanon echo ...}) = 0,,,,,,
openat,AT_FDCWD, O_RDONLY) = -1 ENOENT (No such file or directory),,,,,,
ioctl,1, {B38400 opost isig icanon echo ...}) = 0,,,,,,
futex,0x7f46d7b9d080, 1) = 1,,,,,,
futex,0x7f46d7b9d010, 1) = 1,,,,,,
rt_sigtimedwait,[HUP INT TERM], si_code=SI_USER, si_pid=3041, si_uid=1000}, NULL, 8) = 15 (SIGTERM),,
futex,0x7f46d7b9d080, 1) = 1,,,,,,
futex,0x7f46d7b9d010, 1) = 1,,,,,,
futex,0x7f46d7b9d084, 2147483647) = 1,,,,,,
futex,0x7f46d7b9d010, 1) = 1,,,,,,
write,4, 8) = 8,,,,,,
epoll_ctl,5,3, 0x7ffdfb803e74) = 0,,,,,
close,5)                                = 0,,,,,,,
munmap,0x7f46d6b6b000,,,,,,,
futex,0x7f46d7b9f098, 1) = 1,,,,,,
futex,0x7f46d7b9f020, 1) = 1,,,,,,
munmap,0x7f46d7b97000,,,,,,,
exit_group,0)                           = ?,,,,,,,
+++ exited with 0 +++,,,,,,,,
