Data,,
execve,"/usr/bin/domainname, [""domainname"", ""-a""], 0x7ffd8f13f278 /* 50 vars */) = 0",
brk,NULL)                               = 0x55a4dfdf7000,
arch_prctl,"0x3001 /* ARCH_??? */, 0x7ffc1c2815b0) = -1 EINVAL ",Invalid argument)
access,"/etc/ld.so.preload, R_OK)      = -1 ENOENT ",No such file or directory)
openat,"AT_FDCWD, ""/etc/ld.so.cache"", O_RDONLY|O_CLOEXEC) = 3",
fstat,"3, {st_mode=S_IFREG|0644, st_size=69600, ...}) = 0",
mmap,"NULL, 69600, PROT_READ, MAP_PRIVATE, 3, 0) = 0x7f455c27c000",
close,3)                                = 0,
openat,"AT_FDCWD, ""/lib/x86_64-linux-gnu/libc.so.6"", O_RDONLY|O_CLOEXEC) = 3",
read,"3, ""\177ELF\2\1\1\3\0\0\0\0\0\0\0\0\3\0>\0\1\0\0\0\300A\2\0\0\0\0\0""..., 832) = 832",
pread64,"3, ""\6\0\0\0\4\0\0\0@\0\0\0\0\0\0\0@\0\0\0\0\0\0\0@\0\0\0\0\0\0\0""..., 784, 64) = 784",
pread64,"3, ""\4\0\0\0\20\0\0\0\5\0\0\0GNU\0\2\0\0\300\4\0\0\0\3\0\0\0\0\0\0\0"", 32, 848) = 32",
pread64,"3, ""\4\0\0\0\24\0\0\0\3\0\0\0GNU\0\30x\346\264ur\f|Q\226\236i\253-'o""..., 68, 880) = 68",
fstat,"3, {st_mode=S_IFREG|0755, st_size=2029592, ...}) = 0",
mmap,"NULL, 8192, PROT_READ|PROT_WRITE, MAP_PRIVATE|MAP_ANONYMOUS, -1, 0) = 0x7f455c27a000",
pread64,"3, ""\6\0\0\0\4\0\0\0@\0\0\0\0\0\0\0@\0\0\0\0\0\0\0@\0\0\0\0\0\0\0""..., 784, 64) = 784",
pread64,"3, ""\4\0\0\0\20\0\0\0\5\0\0\0GNU\0\2\0\0\300\4\0\0\0\3\0\0\0\0\0\0\0"", 32, 848) = 32",
pread64,"3, ""\4\0\0\0\24\0\0\0\3\0\0\0GNU\0\30x\346\264ur\f|Q\226\236i\253-'o""..., 68, 880) = 68",
mmap,"NULL, 2037344, PROT_READ, MAP_PRIVATE|MAP_DENYWRITE, 3, 0) = 0x7f455c088000",
mmap,"0x7f455c0aa000, 1540096, PROT_READ|PROT_EXEC, MAP_PRIVATE|MAP_FIXED|MAP_DENYWRITE, 3, 0x22000) = 0x7f455c0aa000",
mmap,"0x7f455c222000, 319488, PROT_READ, MAP_PRIVATE|MAP_FIXED|MAP_DENYWRITE, 3, 0x19a000) = 0x7f455c222000",
mmap,"0x7f455c270000, 24576, PROT_READ|PROT_WRITE, MAP_PRIVATE|MAP_FIXED|MAP_DENYWRITE, 3, 0x1e7000) = 0x7f455c270000",
mmap,"0x7f455c276000, 13920, PROT_READ|PROT_WRITE, MAP_PRIVATE|MAP_FIXED|MAP_ANONYMOUS, -1, 0) = 0x7f455c276000",
close,3)                                = 0,
arch_prctl,"ARCH_SET_FS, 0x7f455c27b580) = 0",
mprotect,"0x7f455c270000, 16384, PROT_READ) = 0",
mprotect,"0x55a4de9af000, 4096, PROT_READ) = 0",
mprotect,"0x7f455c2ba000, 4096, PROT_READ) = 0",
munmap,"0x7f455c27c000, 69600)           = 0",
brk,NULL)                               = 0x55a4dfdf7000,
brk,0x55a4dfe18000)                     = 0x55a4dfe18000,
uname,"{sysname=""Linux"", nodename=""keshav-VirtualBox"", ...}) = 0",
socket,"AF_UNIX, SOCK_STREAM|SOCK_CLOEXEC|SOCK_NONBLOCK, 0) = 3",
connect,"3, {sa_family=AF_UNIX, sun_path=""/var/run/nscd/socket""}, 110) = -1 ENOENT ",No such file or directory)
close,3)                                = 0,
socket,"AF_UNIX, SOCK_STREAM|SOCK_CLOEXEC|SOCK_NONBLOCK, 0) = 3",
connect,"3, {sa_family=AF_UNIX, sun_path=""/var/run/nscd/socket""}, 110) = -1 ENOENT ",No such file or directory)
close,3)                                = 0,
openat,"AT_FDCWD, ""/etc/nsswitch.conf"", O_RDONLY|O_CLOEXEC) = 3",
fstat,"3, {st_mode=S_IFREG|0644, st_size=542, ...}) = 0",
read,"3, ""# /etc/nsswitch.conf\n#\n# Example""..., 4096) = 542",
read,"3, """", 4096)                       = 0",
close,3)                                = 0,
stat,"/etc/resolv.conf, {st_mode=S_IFREG|0644, st_size=717, ...}) = 0",
openat,"AT_FDCWD, ""/etc/host.conf"", O_RDONLY|O_CLOEXEC) = 3",
fstat,"3, {st_mode=S_IFREG|0644, st_size=92, ...}) = 0",
read,"3, ""# The \""order\"" line is only used ""..., 4096) = 92",
read,"3, """", 4096)                       = 0",
close,3)                                = 0,
openat,"AT_FDCWD, ""/etc/resolv.conf"", O_RDONLY|O_CLOEXEC) = 3",
fstat,"3, {st_mode=S_IFREG|0644, st_size=717, ...}) = 0",
read,"3, ""# This file is managed by man:sy""..., 4096) = 717",
read,"3, """", 4096)                       = 0",
close,3)                                = 0,
uname,"{sysname=""Linux"", nodename=""keshav-VirtualBox"", ...}) = 0",
openat,"AT_FDCWD, ""/etc/ld.so.cache"", O_RDONLY|O_CLOEXEC) = 3",
fstat,"3, {st_mode=S_IFREG|0644, st_size=69600, ...}) = 0",
mmap,"NULL, 69600, PROT_READ, MAP_PRIVATE, 3, 0) = 0x7f455c27c000",
close,3)                                = 0,
openat,"AT_FDCWD, ""/lib/x86_64-linux-gnu/libnss_files.so.2"", O_RDONLY|O_CLOEXEC) = 3",
read,"3, ""\177ELF\2\1\1\0\0\0\0\0\0\0\0\0\3\0>\0\1\0\0\0\3005\0\0\0\0\0\0""..., 832) = 832",
fstat,"3, {st_mode=S_IFREG|0644, st_size=51856, ...}) = 0",
mmap,"NULL, 79672, PROT_READ, MAP_PRIVATE|MAP_DENYWRITE, 3, 0) = 0x7f455c074000",
mmap,"0x7f455c077000, 28672, PROT_READ|PROT_EXEC, MAP_PRIVATE|MAP_FIXED|MAP_DENYWRITE, 3, 0x3000) = 0x7f455c077000",
mmap,"0x7f455c07e000, 8192, PROT_READ, MAP_PRIVATE|MAP_FIXED|MAP_DENYWRITE, 3, 0xa000) = 0x7f455c07e000",
mmap,"0x7f455c080000, 8192, PROT_READ|PROT_WRITE, MAP_PRIVATE|MAP_FIXED|MAP_DENYWRITE, 3, 0xb000) = 0x7f455c080000",
mmap,"0x7f455c082000, 22328, PROT_READ|PROT_WRITE, MAP_PRIVATE|MAP_FIXED|MAP_ANONYMOUS, -1, 0) = 0x7f455c082000",
close,3)                                = 0,
mprotect,"0x7f455c080000, 4096, PROT_READ) = 0",
munmap,"0x7f455c27c000, 69600)           = 0",
openat,"AT_FDCWD, ""/etc/hosts"", O_RDONLY|O_CLOEXEC) = 3",
lseek,"3, 0, SEEK_CUR)                   = 0",
fstat,"3, {st_mode=S_IFREG|0644, st_size=232, ...}) = 0",
read,"3, ""127.0.0.1\tlocalhost\n127.0.1.1\tke""..., 4096) = 232",
lseek,"3, 0, SEEK_CUR)                   = 232",
read,"3, """", 4096)                       = 0",
close,3)                                = 0,
uname,"{sysname=""Linux"", nodename=""keshav-VirtualBox"", ...}) = 0",
stat,"/etc/resolv.conf, {st_mode=S_IFREG|0644, st_size=717, ...}) = 0",
openat,"AT_FDCWD, ""/etc/hosts"", O_RDONLY|O_CLOEXEC) = 3",
lseek,"3, 0, SEEK_CUR)                   = 0",
fstat,"3, {st_mode=S_IFREG|0644, st_size=232, ...}) = 0",
read,"3, ""127.0.0.1\tlocalhost\n127.0.1.1\tke""..., 4096) = 232",
lseek,"3, 0, SEEK_CUR)                   = 232",
read,"3, """", 4096)                       = 0",
close,3)                                = 0,
fstat,"1, {st_mode=S_IFCHR|0620, st_rdev=makedev","0x88, 0), ...}) = 0"
write,"1, ""\n"", 1",
)                       = 1,,
exit_group,0)                           = ?,
+++ exited with 0 +++,,
