Data,,,,,
execve,/usr/bin/echo," ""sample.txt""]", 0x7ffeeb03ec88 /* 51 vars */) = 0,,
brk,NULL)                               = 0x55dcd73da000,,,,
arch_prctl,0x3001 /* ARCH_??? */,,,,
access,/etc/ld.so.preload,,,,
openat,AT_FDCWD, O_RDONLY|O_CLOEXEC) = 3,,,
fstat,3, st_size=69600, ...}) = 0,,
mmap,NULL, PROT_READ, MAP_PRIVATE,3, 0) = 0x7fe3138c0000
close,3)                                = 0,,,,
openat,AT_FDCWD, O_RDONLY|O_CLOEXEC) = 3,,,
read,3, 832) = 832,,,
pread64,3,784, 64) = 784,,
pread64,3,32, 848) = 32,,
pread64,3,68, 880) = 68,,
fstat,3, st_size=2029592, ...}) = 0,,
mmap,NULL, PROT_READ|PROT_WRITE, MAP_PRIVATE|MAP_ANONYMOUS,-1, 0) = 0x7fe3138be000
pread64,3,784, 64) = 784,,
pread64,3,32, 848) = 32,,
pread64,3,68, 880) = 68,,
mmap,NULL, PROT_READ, MAP_PRIVATE|MAP_DENYWRITE,3, 0) = 0x7fe3136cc000
mmap,0x7fe3136ee000, PROT_READ|PROT_EXEC, MAP_PRIVATE|MAP_FIXED|MAP_DENYWRITE,3, 0x22000) = 0x7fe3136ee000
mmap,0x7fe313866000, PROT_READ, MAP_PRIVATE|MAP_FIXED|MAP_DENYWRITE,3, 0x19a000) = 0x7fe313866000
mmap,0x7fe3138b4000, PROT_READ|PROT_WRITE, MAP_PRIVATE|MAP_FIXED|MAP_DENYWRITE,3, 0x1e7000) = 0x7fe3138b4000
mmap,0x7fe3138ba000, PROT_READ|PROT_WRITE, MAP_PRIVATE|MAP_FIXED|MAP_ANONYMOUS,-1, 0) = 0x7fe3138ba000
close,3)                                = 0,,,,
arch_prctl,ARCH_SET_FS,,,,
mprotect,0x7fe3138b4000, PROT_READ) = 0,,,
mprotect,0x55dcd5fa5000, PROT_READ) = 0,,,
mprotect,0x7fe3138fe000, PROT_READ) = 0,,,
munmap,0x7fe3138c0000,,,,
openat,AT_FDCWD, O_RDONLY|O_CLOEXEC) = 3,,,
fstat,3, st_size=5699248, ...}) = 0,,
mmap,NULL, PROT_READ, MAP_PRIVATE,3, 0) = 0x7fe31315c000
close,3)                                = 0,,,,
brk,NULL)                               = 0x55dcd73da000,,,,
brk,0x55dcd73fb000)                     = 0x55dcd73fb000,,,,
fstat,1, st_rdev=makedev(0x88, 0), ...}) = 0,
write,1, 11)            = 11,,,
close,1)                                = 0,,,,
close,2)                                = 0,,,,
exit_group,0)                           = ?,,,,
+++ exited with 0 +++,,,,,
