Data,,,,,
execve,/usr/sbin/fdisk," ""-l""]", 0x7ffec46aeef8 /* 50 vars */) = 0,,
brk,NULL)                               = 0x5596ce65c000,,,,
arch_prctl,0x3001 /* ARCH_??? */,,,,
access,/etc/ld.so.preload,,,,
openat,AT_FDCWD, O_RDONLY|O_CLOEXEC) = 3,,,
fstat,3, st_size=69600, ...}) = 0,,
mmap,NULL, PROT_READ, MAP_PRIVATE,3, 0) = 0x7f34ef1d1000
close,3)                                = 0,,,,
openat,AT_FDCWD, O_RDONLY|O_CLOEXEC) = 3,,,
read,3, 832) = 832,,,
fstat,3, st_size=456632, ...}) = 0,,
mmap,NULL, PROT_READ|PROT_WRITE, MAP_PRIVATE|MAP_ANONYMOUS,-1, 0) = 0x7f34ef1cf000
mmap,NULL, PROT_READ, MAP_PRIVATE|MAP_DENYWRITE,3, 0) = 0x7f34ef15e000
mmap,0x7f34ef16a000, PROT_READ|PROT_EXEC, MAP_PRIVATE|MAP_FIXED|MAP_DENYWRITE,3, 0xc000) = 0x7f34ef16a000
mmap,0x7f34ef1b1000, PROT_READ, MAP_PRIVATE|MAP_FIXED|MAP_DENYWRITE,3, 0x53000) = 0x7f34ef1b1000
mmap,0x7f34ef1c9000, PROT_READ|PROT_WRITE, MAP_PRIVATE|MAP_FIXED|MAP_DENYWRITE,3, 0x6a000) = 0x7f34ef1c9000
mmap,0x7f34ef1ce000, PROT_READ|PROT_WRITE, MAP_PRIVATE|MAP_FIXED|MAP_ANONYMOUS,-1, 0) = 0x7f34ef1ce000
close,3)                                = 0,,,,
openat,AT_FDCWD, O_RDONLY|O_CLOEXEC) = 3,,,
read,3, 832) = 832,,,
fstat,3, st_size=243992, ...}) = 0,,
mmap,NULL, PROT_READ, MAP_PRIVATE|MAP_DENYWRITE,3, 0) = 0x7f34ef121000
mmap,0x7f34ef128000, PROT_READ|PROT_EXEC, MAP_PRIVATE|MAP_FIXED|MAP_DENYWRITE,3, 0x7000) = 0x7f34ef128000
mmap,0x7f34ef14f000, PROT_READ, MAP_PRIVATE|MAP_FIXED|MAP_DENYWRITE,3, 0x2e000) = 0x7f34ef14f000
mmap,0x7f34ef15b000, PROT_READ|PROT_WRITE, MAP_PRIVATE|MAP_FIXED|MAP_DENYWRITE,3, 0x39000) = 0x7f34ef15b000
close,3)                                = 0,,,,
openat,AT_FDCWD, O_RDONLY|O_CLOEXEC) = 3,,,
read,3, 832) = 832,,,
fstat,3, st_size=192032, ...}) = 0,,
mmap,NULL, PROT_READ, MAP_PRIVATE|MAP_DENYWRITE,3, 0) = 0x7f34ef0f1000
mmap,0x7f34ef0ff000, PROT_READ|PROT_EXEC, MAP_PRIVATE|MAP_FIXED|MAP_DENYWRITE,3, 0xe000) = 0x7f34ef0ff000
mmap,0x7f34ef10e000, PROT_READ, MAP_PRIVATE|MAP_FIXED|MAP_DENYWRITE,3, 0x1d000) = 0x7f34ef10e000
mmap,0x7f34ef11c000, PROT_READ|PROT_WRITE, MAP_PRIVATE|MAP_FIXED|MAP_DENYWRITE,3, 0x2a000) = 0x7f34ef11c000
close,3)                                = 0,,,,
openat,AT_FDCWD, O_RDONLY|O_CLOEXEC) = 3,,,
read,3, 832) = 832,,,
pread64,3,784, 64) = 784,,
pread64,3,32, 848) = 32,,
pread64,3,68, 880) = 68,,
fstat,3, st_size=2029592, ...}) = 0,,
pread64,3,784, 64) = 784,,
pread64,3,32, 848) = 32,,
pread64,3,68, 880) = 68,,
mmap,NULL, PROT_READ, MAP_PRIVATE|MAP_DENYWRITE,3, 0) = 0x7f34eeeff000
mmap,0x7f34eef21000, PROT_READ|PROT_EXEC, MAP_PRIVATE|MAP_FIXED|MAP_DENYWRITE,3, 0x22000) = 0x7f34eef21000
mmap,0x7f34ef099000, PROT_READ, MAP_PRIVATE|MAP_FIXED|MAP_DENYWRITE,3, 0x19a000) = 0x7f34ef099000
mmap,0x7f34ef0e7000, PROT_READ|PROT_WRITE, MAP_PRIVATE|MAP_FIXED|MAP_DENYWRITE,3, 0x1e7000) = 0x7f34ef0e7000
mmap,0x7f34ef0ed000, PROT_READ|PROT_WRITE, MAP_PRIVATE|MAP_FIXED|MAP_ANONYMOUS,-1, 0) = 0x7f34ef0ed000
close,3)                                = 0,,,,
openat,AT_FDCWD, O_RDONLY|O_CLOEXEC) = 3,,,
read,3, 832) = 832,,,
fstat,3, st_size=30936, ...}) = 0,,
mmap,NULL, PROT_READ, MAP_PRIVATE|MAP_DENYWRITE,3, 0) = 0x7f34eeef6000
mmap,0x7f34eeef8000, PROT_READ|PROT_EXEC, MAP_PRIVATE|MAP_FIXED|MAP_DENYWRITE,3, 0x2000) = 0x7f34eeef8000
mmap,0x7f34eeefc000, PROT_READ, MAP_PRIVATE|MAP_FIXED|MAP_DENYWRITE,3, 0x6000) = 0x7f34eeefc000
mmap,0x7f34eeefd000, PROT_READ|PROT_WRITE, MAP_PRIVATE|MAP_FIXED|MAP_DENYWRITE,3, 0x6000) = 0x7f34eeefd000
close,3)                                = 0,,,,
openat,AT_FDCWD, O_RDONLY|O_CLOEXEC) = 3,,,
read,3, 832) = 832,,,
fstat,3, st_size=351352, ...}) = 0,,
mmap,NULL, PROT_READ, MAP_PRIVATE|MAP_DENYWRITE,3, 0) = 0x7f34eee9f000
mprotect,0x7f34eeea9000, PROT_NONE) = 0,,,
mmap,0x7f34eeea9000, PROT_READ|PROT_EXEC, MAP_PRIVATE|MAP_FIXED|MAP_DENYWRITE,3, 0xa000) = 0x7f34eeea9000
mmap,0x7f34eeedf000, PROT_READ, MAP_PRIVATE|MAP_FIXED|MAP_DENYWRITE,3, 0x40000) = 0x7f34eeedf000
mmap,0x7f34eeef0000, PROT_READ|PROT_WRITE, MAP_PRIVATE|MAP_FIXED|MAP_DENYWRITE,3, 0x50000) = 0x7f34eeef0000
close,3)                                = 0,,,,
mmap,NULL, PROT_READ|PROT_WRITE, MAP_PRIVATE|MAP_ANONYMOUS,-1, 0) = 0x7f34eee9d000
mmap,NULL, PROT_READ|PROT_WRITE, MAP_PRIVATE|MAP_ANONYMOUS,-1, 0) = 0x7f34eee9a000
arch_prctl,ARCH_SET_FS,,,,
mprotect,0x7f34ef0e7000, PROT_READ) = 0,,,
mprotect,0x7f34eeef0000, PROT_READ) = 0,,,
mprotect,0x7f34eeefd000, PROT_READ) = 0,,,
mprotect,0x7f34ef11c000, PROT_READ) = 0,,,
mprotect,0x7f34ef15b000, PROT_READ) = 0,,,
mprotect,0x7f34ef1c9000, PROT_READ) = 0,,,
mprotect,0x5596cdfe4000, PROT_READ) = 0,,,
mprotect,0x7f34ef20f000, PROT_READ) = 0,,,
munmap,0x7f34ef1d1000,,,,
openat,AT_FDCWD, O_RDONLY|O_CLOEXEC) = 3,,,
fstat,3, st_size=5699248, ...}) = 0,,
mmap,NULL, PROT_READ, MAP_PRIVATE,3, 0) = 0x7f34ee92a000
close,3)                                = 0,,,,
brk,NULL)                               = 0x5596ce65c000,,,,
brk,0x5596ce67d000)                     = 0x5596ce67d000,,,,
ioctl,1, {B38400 opost isig icanon echo ...}) = 0,,,
ioctl,1, {B38400 opost isig icanon echo ...}) = 0,,,
stat,/home/keshav/.terminfo,,,,
stat,/etc/terminfo, st_size=4096, ...}) = 0,,
stat,/lib/terminfo, st_size=4096, ...}) = 0,,
stat,/usr/share/terminfo, st_size=4096, ...}) = 0,,
access,/etc/terminfo/x/xterm-256color,,,,
access,/lib/terminfo/x/xterm-256color,,,,
openat,AT_FDCWD, O_RDONLY) = 3,,,
fstat,3, st_size=3503, ...}) = 0,,
read,3, 32768) = 3503,,,
read,3, 28672)                      = 0,,,
close,3)                                = 0,,,,
ioctl,1, {B38400 opost isig icanon echo ...}) = 0,,,
ioctl,1, {B38400 opost isig icanon echo ...}) = 0,,,
ioctl,1, {B38400 opost isig icanon echo ...}) = 0,,,
ioctl,1, {B38400 opost isig icanon echo ...}) = 0,,,
ioctl,1, {ws_row=24, ws_col=80, ws_xpixel=0, ws_ypixel=0}) = 0
openat,AT_FDCWD, O_RDONLY|O_NONBLOCK|O_CLOEXEC|O_DIRECTORY) = -1 ENOENT (No such file or directory),,,
openat,AT_FDCWD, O_RDONLY|O_NONBLOCK|O_CLOEXEC|O_DIRECTORY) = -1 ENOENT (No such file or directory),,,
ioctl,0, {B38400 opost isig icanon echo ...}) = 0,,,
openat,AT_FDCWD, O_RDONLY) = 3,,,
fstat,3, st_size=0, ...}) = 0,,
read,3, 1024) = 610,,,
openat,AT_FDCWD, O_RDONLY|O_CLOEXEC) = 4,,,
fstat,4, st_size=4096, ...}) = 0,,
read,4, 4096)                  = 4,,,
close,4)                                = 0,,,,
openat,AT_FDCWD, O_RDONLY|O_CLOEXEC) = 4,,,
openat,4, O_RDONLY|O_CLOEXEC) = -1 ENOENT (No such file or directory),,,
close,4)                                = 0,,,,
openat,AT_FDCWD, O_RDONLY|O_CLOEXEC) = 4,,,
faccessat,4, F_OK)         = -1 ENOENT (No such file or directory),,,
openat,4, O_RDONLY|O_CLOEXEC) = -1 ENOENT (No such file or directory),,,
close,4)                                = 0,,,,
openat,AT_FDCWD, O_RDONLY|O_CLOEXEC) = 4,,,
readlink,/sys/dev/block/7:0, 4095) = 33,,,
stat,/dev/loop0, st_rdev=makedev(0x7, 0), ...}) = 0,
close,4)                                = 0,,,,
lstat,/dev, st_size=4200, ...}) = 0,,
lstat,/dev/loop0, st_rdev=makedev(0x7, 0), ...}) = 0,
openat,AT_FDCWD, O_RDONLY) = -1 EACCES (Permission denied),,,
openat,AT_FDCWD, O_RDONLY|O_CLOEXEC) = -1 EACCES (Permission denied),,,
openat,AT_FDCWD, O_RDONLY|O_CLOEXEC) = 4,,,
fstat,4, st_size=2996, ...}) = 0,,
read,4, 4096) = 2996,,,
read,4, 4096)                       = 0,,,
close,4)                                = 0,,,,
openat,AT_FDCWD, O_RDONLY) = -1 ENOENT (No such file or directory),,,
openat,AT_FDCWD, O_RDONLY) = -1 ENOENT (No such file or directory),,,
openat,AT_FDCWD, O_RDONLY) = -1 ENOENT (No such file or directory),,,
openat,AT_FDCWD, O_RDONLY) = -1 ENOENT (No such file or directory),,,
write,2, 7)                  = 7,,,
write,2, 22)  = 22,,,
openat,AT_FDCWD, O_RDONLY) = -1 ENOENT (No such file or directory),,,
openat,AT_FDCWD, O_RDONLY) = -1 ENOENT (No such file or directory),,,
openat,AT_FDCWD, O_RDONLY) = -1 ENOENT (No such file or directory),,,
openat,AT_FDCWD, O_RDONLY) = -1 ENOENT (No such file or directory),,,
write,2, 20)   = 20,,,
openat,AT_FDCWD, O_RDONLY|O_CLOEXEC) = 4,,,
fstat,4, st_size=4096, ...}) = 0,,
read,4, 4096)                  = 4,,,
close,4)                                = 0,,,,
openat,AT_FDCWD, O_RDONLY|O_CLOEXEC) = 4,,,
openat,4, O_RDONLY|O_CLOEXEC) = -1 ENOENT (No such file or directory),,,
close,4)                                = 0,,,,
openat,AT_FDCWD, O_RDONLY|O_CLOEXEC) = 4,,,
faccessat,4, F_OK)         = -1 ENOENT (No such file or directory),,,
openat,4, O_RDONLY|O_CLOEXEC) = -1 ENOENT (No such file or directory),,,
close,4)                                = 0,,,,
openat,AT_FDCWD, O_RDONLY|O_CLOEXEC) = 4,,,
readlink,/sys/dev/block/7:1, 4095) = 33,,,
stat,/dev/loop1, st_rdev=makedev(0x7, 0x1), ...}) = 0,
close,4)                                = 0,,,,
lstat,/dev, st_size=4200, ...}) = 0,,
lstat,/dev/loop1, st_rdev=makedev(0x7, 0x1), ...}) = 0,
openat,AT_FDCWD, O_RDONLY) = -1 EACCES (Permission denied),,,
openat,AT_FDCWD, O_RDONLY|O_CLOEXEC) = -1 EACCES (Permission denied),,,
write,2, 7)                  = 7,,,
write,2, 22)  = 22,,,
write,2, 20)   = 20,,,
openat,AT_FDCWD, O_RDONLY|O_CLOEXEC) = 4,,,
fstat,4, st_size=4096, ...}) = 0,,
read,4, 4096)                  = 4,,,
close,4)                                = 0,,,,
openat,AT_FDCWD, O_RDONLY|O_CLOEXEC) = 4,,,
openat,4, O_RDONLY|O_CLOEXEC) = -1 ENOENT (No such file or directory),,,
close,4)                                = 0,,,,
openat,AT_FDCWD, O_RDONLY|O_CLOEXEC) = 4,,,
faccessat,4, F_OK)         = -1 ENOENT (No such file or directory),,,
openat,4, O_RDONLY|O_CLOEXEC) = -1 ENOENT (No such file or directory),,,
close,4)                                = 0,,,,
openat,AT_FDCWD, O_RDONLY|O_CLOEXEC) = 4,,,
readlink,/sys/dev/block/7:2, 4095) = 33,,,
stat,/dev/loop2, st_rdev=makedev(0x7, 0x2), ...}) = 0,
close,4)                                = 0,,,,
lstat,/dev, st_size=4200, ...}) = 0,,
lstat,/dev/loop2, st_rdev=makedev(0x7, 0x2), ...}) = 0,
openat,AT_FDCWD, O_RDONLY) = -1 EACCES (Permission denied),,,
openat,AT_FDCWD, O_RDONLY|O_CLOEXEC) = -1 EACCES (Permission denied),,,
write,2, 7)                  = 7,,,
write,2, 22)  = 22,,,
write,2, 20)   = 20,,,
openat,AT_FDCWD, O_RDONLY|O_CLOEXEC) = 4,,,
fstat,4, st_size=4096, ...}) = 0,,
read,4, 4096)                  = 4,,,
close,4)                                = 0,,,,
openat,AT_FDCWD, O_RDONLY|O_CLOEXEC) = 4,,,
openat,4, O_RDONLY|O_CLOEXEC) = -1 ENOENT (No such file or directory),,,
close,4)                                = 0,,,,
openat,AT_FDCWD, O_RDONLY|O_CLOEXEC) = 4,,,
faccessat,4, F_OK)         = -1 ENOENT (No such file or directory),,,
openat,4, O_RDONLY|O_CLOEXEC) = -1 ENOENT (No such file or directory),,,
close,4)                                = 0,,,,
openat,AT_FDCWD, O_RDONLY|O_CLOEXEC) = 4,,,
readlink,/sys/dev/block/7:3, 4095) = 33,,,
stat,/dev/loop3, st_rdev=makedev(0x7, 0x3), ...}) = 0,
close,4)                                = 0,,,,
lstat,/dev, st_size=4200, ...}) = 0,,
lstat,/dev/loop3, st_rdev=makedev(0x7, 0x3), ...}) = 0,
openat,AT_FDCWD, O_RDONLY) = -1 EACCES (Permission denied),,,
openat,AT_FDCWD, O_RDONLY|O_CLOEXEC) = -1 EACCES (Permission denied),,,
write,2, 7)                  = 7,,,
write,2, 22)  = 22,,,
write,2, 20)   = 20,,,
openat,AT_FDCWD, O_RDONLY|O_CLOEXEC) = 4,,,
fstat,4, st_size=4096, ...}) = 0,,
read,4, 4096)                  = 4,,,
close,4)                                = 0,,,,
openat,AT_FDCWD, O_RDONLY|O_CLOEXEC) = 4,,,
openat,4, O_RDONLY|O_CLOEXEC) = -1 ENOENT (No such file or directory),,,
close,4)                                = 0,,,,
openat,AT_FDCWD, O_RDONLY|O_CLOEXEC) = 4,,,
faccessat,4, F_OK)         = -1 ENOENT (No such file or directory),,,
openat,4, O_RDONLY|O_CLOEXEC) = -1 ENOENT (No such file or directory),,,
close,4)                                = 0,,,,
openat,AT_FDCWD, O_RDONLY|O_CLOEXEC) = 4,,,
readlink,/sys/dev/block/7:4, 4095) = 33,,,
stat,/dev/loop4, st_rdev=makedev(0x7, 0x4), ...}) = 0,
close,4)                                = 0,,,,
lstat,/dev, st_size=4200, ...}) = 0,,
lstat,/dev/loop4, st_rdev=makedev(0x7, 0x4), ...}) = 0,
openat,AT_FDCWD, O_RDONLY) = -1 EACCES (Permission denied),,,
openat,AT_FDCWD, O_RDONLY|O_CLOEXEC) = -1 EACCES (Permission denied),,,
write,2, 7)                  = 7,,,
write,2, 22)  = 22,,,
write,2, 20)   = 20,,,
openat,AT_FDCWD, O_RDONLY|O_CLOEXEC) = 4,,,
fstat,4, st_size=4096, ...}) = 0,,
read,4, 4096)                  = 4,,,
close,4)                                = 0,,,,
openat,AT_FDCWD, O_RDONLY|O_CLOEXEC) = 4,,,
openat,4, O_RDONLY|O_CLOEXEC) = -1 ENOENT (No such file or directory),,,
close,4)                                = 0,,,,
openat,AT_FDCWD, O_RDONLY|O_CLOEXEC) = 4,,,
faccessat,4, F_OK)         = -1 ENOENT (No such file or directory),,,
openat,4, O_RDONLY|O_CLOEXEC) = -1 ENOENT (No such file or directory),,,
close,4)                                = 0,,,,
openat,AT_FDCWD, O_RDONLY|O_CLOEXEC) = 4,,,
readlink,/sys/dev/block/7:5, 4095) = 33,,,
stat,/dev/loop5, st_rdev=makedev(0x7, 0x5), ...}) = 0,
close,4)                                = 0,,,,
lstat,/dev, st_size=4200, ...}) = 0,,
lstat,/dev/loop5, st_rdev=makedev(0x7, 0x5), ...}) = 0,
openat,AT_FDCWD, O_RDONLY) = -1 EACCES (Permission denied),,,
openat,AT_FDCWD, O_RDONLY|O_CLOEXEC) = -1 EACCES (Permission denied),,,
write,2, 7)                  = 7,,,
write,2, 22)  = 22,,,
write,2, 20)   = 20,,,
openat,AT_FDCWD, O_RDONLY|O_CLOEXEC) = 4,,,
fstat,4, st_size=4096, ...}) = 0,,
read,4, 4096)                  = 4,,,
close,4)                                = 0,,,,
openat,AT_FDCWD, O_RDONLY|O_CLOEXEC) = 4,,,
openat,4, O_RDONLY|O_CLOEXEC) = -1 ENOENT (No such file or directory),,,
close,4)                                = 0,,,,
openat,AT_FDCWD, O_RDONLY|O_CLOEXEC) = 4,,,
faccessat,4, F_OK)         = -1 ENOENT (No such file or directory),,,
openat,4, O_RDONLY|O_CLOEXEC) = -1 ENOENT (No such file or directory),,,
close,4)                                = 0,,,,
openat,AT_FDCWD, O_RDONLY|O_CLOEXEC) = 4,,,
readlink,/sys/dev/block/7:6, 4095) = 33,,,
stat,/dev/loop6, st_rdev=makedev(0x7, 0x6), ...}) = 0,
close,4)                                = 0,,,,
lstat,/dev, st_size=4200, ...}) = 0,,
lstat,/dev/loop6, st_rdev=makedev(0x7, 0x6), ...}) = 0,
openat,AT_FDCWD, O_RDONLY) = -1 EACCES (Permission denied),,,
openat,AT_FDCWD, O_RDONLY|O_CLOEXEC) = -1 EACCES (Permission denied),,,
write,2, 7)                  = 7,,,
write,2, 22)  = 22,,,
write,2, 20)   = 20,,,
openat,AT_FDCWD, O_RDONLY|O_CLOEXEC) = 4,,,
fstat,4, st_size=4096, ...}) = 0,,
read,4, 4096)                  = 4,,,
close,4)                                = 0,,,,
openat,AT_FDCWD, O_RDONLY|O_CLOEXEC) = 4,,,
openat,4, O_RDONLY|O_CLOEXEC) = -1 ENOENT (No such file or directory),,,
close,4)                                = 0,,,,
openat,AT_FDCWD, O_RDONLY|O_CLOEXEC) = 4,,,
faccessat,4, F_OK)         = -1 ENOENT (No such file or directory),,,
openat,4, O_RDONLY|O_CLOEXEC) = -1 ENOENT (No such file or directory),,,
close,4)                                = 0,,,,
openat,AT_FDCWD, O_RDONLY|O_CLOEXEC) = 4,,,
readlink,/sys/dev/block/7:7, 4095) = 33,,,
stat,/dev/loop7, st_rdev=makedev(0x7, 0x7), ...}) = 0,
close,4)                                = 0,,,,
lstat,/dev, st_size=4200, ...}) = 0,,
lstat,/dev/loop7, st_rdev=makedev(0x7, 0x7), ...}) = 0,
openat,AT_FDCWD, O_RDONLY) = -1 EACCES (Permission denied),,,
openat,AT_FDCWD, O_RDONLY|O_CLOEXEC) = -1 EACCES (Permission denied),,,
write,2, 7)                  = 7,,,
write,2, 22)  = 22,,,
write,2, 20)   = 20,,,
openat,AT_FDCWD, O_RDONLY|O_CLOEXEC) = 4,,,
fstat,4, st_size=4096, ...}) = 0,,
read,4, 4096)                 = 5,,,
close,4)                                = 0,,,,
openat,AT_FDCWD, O_RDONLY|O_CLOEXEC) = 4,,,
openat,4, O_RDONLY|O_CLOEXEC) = -1 ENOENT (No such file or directory),,,
close,4)                                = 0,,,,
openat,AT_FDCWD, O_RDONLY|O_CLOEXEC) = 4,,,
faccessat,4, F_OK)         = -1 ENOENT (No such file or directory),,,
openat,4, O_RDONLY|O_CLOEXEC) = -1 ENOENT (No such file or directory),,,
close,4)                                = 0,,,,
openat,AT_FDCWD, O_RDONLY|O_CLOEXEC) = 4,,,
readlink,/sys/dev/block/11:0, 4095) = 78,,,
stat,/dev/sr0, st_rdev=makedev(0xb, 0), ...}) = 0,
close,4)                                = 0,,,,
lstat,/dev, st_size=4200, ...}) = 0,,
lstat,/dev/sr0, st_rdev=makedev(0xb, 0), ...}) = 0,
openat,AT_FDCWD, O_RDONLY)  = 4,,,
ioctl,4, 0)       = 39919,,,
close,4)                                = 0,,,,
openat,AT_FDCWD, O_RDONLY|O_CLOEXEC) = 4,,,
fstat,4, st_size=4096, ...}) = 0,,
read,4, 4096)                  = 4,,,
close,4)                                = 0,,,,
openat,AT_FDCWD, O_RDONLY|O_CLOEXEC) = 4,,,
openat,4, O_RDONLY|O_CLOEXEC) = -1 ENOENT (No such file or directory),,,
close,4)                                = 0,,,,
openat,AT_FDCWD, O_RDONLY|O_CLOEXEC) = 4,,,
faccessat,4, F_OK)         = -1 ENOENT (No such file or directory),,,
openat,4, O_RDONLY|O_CLOEXEC) = -1 ENOENT (No such file or directory),,,
close,4)                                = 0,,,,
openat,AT_FDCWD, O_RDONLY|O_CLOEXEC) = 4,,,
readlink,/sys/dev/block/8:0, 4095) = 78,,,
stat,/dev/sda, st_rdev=makedev(0x8, 0), ...}) = 0,
close,4)                                = 0,,,,
lstat,/dev, st_size=4200, ...}) = 0,,
lstat,/dev/sda, st_rdev=makedev(0x8, 0), ...}) = 0,
openat,AT_FDCWD, O_RDONLY)  = -1 EACCES (Permission denied),,,
openat,AT_FDCWD, O_RDONLY|O_CLOEXEC) = -1 EACCES (Permission denied),,,
write,2, 7)                  = 7,,,
write,2, 20)    = 20,,,
write,2, 20)   = 20,,,
openat,AT_FDCWD, O_RDONLY|O_CLOEXEC) = -1 ENOENT (No such file or directory),,,
openat,AT_FDCWD, O_RDONLY|O_CLOEXEC) = -1 ENOENT (No such file or directory),,,
openat,AT_FDCWD, O_RDONLY|O_CLOEXEC) = -1 ENOENT (No such file or directory),,,
openat,AT_FDCWD, O_RDONLY|O_CLOEXEC) = -1 ENOENT (No such file or directory),,,
openat,AT_FDCWD, O_RDONLY|O_CLOEXEC) = -1 ENOENT (No such file or directory),,,
openat,AT_FDCWD, O_RDONLY|O_CLOEXEC) = -1 ENOENT (No such file or directory),,,
openat,AT_FDCWD, O_RDONLY|O_CLOEXEC) = -1 ENOENT (No such file or directory),,,
openat,AT_FDCWD, O_RDONLY|O_CLOEXEC) = -1 ENOENT (No such file or directory),,,
openat,AT_FDCWD, O_RDONLY|O_CLOEXEC) = -1 ENOENT (No such file or directory),,,
openat,AT_FDCWD, O_RDONLY|O_CLOEXEC) = -1 ENOENT (No such file or directory),,,
openat,AT_FDCWD, O_RDONLY|O_CLOEXEC) = 4,,,
fstat,4, st_size=4096, ...}) = 0,,
read,4, 4096)                  = 4,,,
close,4)                                = 0,,,,
openat,AT_FDCWD, O_RDONLY|O_CLOEXEC) = 4,,,
openat,4, O_RDONLY|O_CLOEXEC) = -1 ENOENT (No such file or directory),,,
close,4)                                = 0,,,,
openat,AT_FDCWD, O_RDONLY|O_CLOEXEC) = 4,,,
faccessat,4, F_OK)         = -1 ENOENT (No such file or directory),,,
openat,4, O_RDONLY|O_CLOEXEC) = -1 ENOENT (No such file or directory),,,
close,4)                                = 0,,,,
openat,AT_FDCWD, O_RDONLY|O_CLOEXEC) = 4,,,
readlink,/sys/dev/block/7:8, 4095) = 33,,,
stat,/dev/loop8, st_rdev=makedev(0x7, 0x8), ...}) = 0,
close,4)                                = 0,,,,
lstat,/dev, st_size=4200, ...}) = 0,,
lstat,/dev/loop8, st_rdev=makedev(0x7, 0x8), ...}) = 0,
openat,AT_FDCWD, O_RDONLY) = -1 EACCES (Permission denied),,,
openat,AT_FDCWD, O_RDONLY|O_CLOEXEC) = -1 EACCES (Permission denied),,,
write,2, 7)                  = 7,,,
write,2, 22)  = 22,,,
write,2, 20)   = 20,,,
openat,AT_FDCWD, O_RDONLY|O_CLOEXEC) = 4,,,
fstat,4, st_size=4096, ...}) = 0,,
read,4, 4096)                  = 4,,,
close,4)                                = 0,,,,
openat,AT_FDCWD, O_RDONLY|O_CLOEXEC) = 4,,,
openat,4, O_RDONLY|O_CLOEXEC) = -1 ENOENT (No such file or directory),,,
close,4)                                = 0,,,,
openat,AT_FDCWD, O_RDONLY|O_CLOEXEC) = 4,,,
faccessat,4, F_OK)         = -1 ENOENT (No such file or directory),,,
openat,4, O_RDONLY|O_CLOEXEC) = -1 ENOENT (No such file or directory),,,
close,4)                                = 0,,,,
openat,AT_FDCWD, O_RDONLY|O_CLOEXEC) = 4,,,
readlink,/sys/dev/block/7:9, 4095) = 33,,,
stat,/dev/loop9, st_rdev=makedev(0x7, 0x9), ...}) = 0,
close,4)                                = 0,,,,
lstat,/dev, st_size=4200, ...}) = 0,,
lstat,/dev/loop9, st_rdev=makedev(0x7, 0x9), ...}) = 0,
openat,AT_FDCWD, O_RDONLY) = -1 EACCES (Permission denied),,,
openat,AT_FDCWD, O_RDONLY|O_CLOEXEC) = -1 EACCES (Permission denied),,,
write,2, 7)                  = 7,,,
write,2, 22)  = 22,,,
write,2, 20)   = 20,,,
openat,AT_FDCWD, O_RDONLY|O_CLOEXEC) = 4,,,
fstat,4, st_size=4096, ...}) = 0,,
read,4, 4096)                 = 5,,,
close,4)                                = 0,,,,
openat,AT_FDCWD, O_RDONLY|O_CLOEXEC) = 4,,,
openat,4, O_RDONLY|O_CLOEXEC) = -1 ENOENT (No such file or directory),,,
close,4)                                = 0,,,,
openat,AT_FDCWD, O_RDONLY|O_CLOEXEC) = 4,,,
faccessat,4, F_OK)         = -1 ENOENT (No such file or directory),,,
openat,4, O_RDONLY|O_CLOEXEC) = -1 ENOENT (No such file or directory),,,
close,4)                                = 0,,,,
openat,AT_FDCWD, O_RDONLY|O_CLOEXEC) = 4,,,
readlink,/sys/dev/block/7:10, 4095) = 34,,,
stat,/dev/loop10, st_rdev=makedev(0x7, 0xa), ...}) = 0,
close,4)                                = 0,,,,
lstat,/dev, st_size=4200, ...}) = 0,,
lstat,/dev/loop10, st_rdev=makedev(0x7, 0xa), ...}) = 0,
openat,AT_FDCWD, O_RDONLY) = -1 EACCES (Permission denied),,,
openat,AT_FDCWD, O_RDONLY|O_CLOEXEC) = -1 EACCES (Permission denied),,,
write,2, 7)                  = 7,,,
write,2, 23) = 23,,,
write,2, 20)   = 20,,,
openat,AT_FDCWD, O_RDONLY|O_CLOEXEC) = 4,,,
fstat,4, st_size=4096, ...}) = 0,,
read,4, 4096)                 = 5,,,
close,4)                                = 0,,,,
openat,AT_FDCWD, O_RDONLY|O_CLOEXEC) = 4,,,
openat,4, O_RDONLY|O_CLOEXEC) = -1 ENOENT (No such file or directory),,,
close,4)                                = 0,,,,
openat,AT_FDCWD, O_RDONLY|O_CLOEXEC) = 4,,,
faccessat,4, F_OK)         = -1 ENOENT (No such file or directory),,,
openat,4, O_RDONLY|O_CLOEXEC) = -1 ENOENT (No such file or directory),,,
close,4)                                = 0,,,,
openat,AT_FDCWD, O_RDONLY|O_CLOEXEC) = 4,,,
readlink,/sys/dev/block/7:11, 4095) = 34,,,
stat,/dev/loop11, st_rdev=makedev(0x7, 0xb), ...}) = 0,
close,4)                                = 0,,,,
lstat,/dev, st_size=4200, ...}) = 0,,
lstat,/dev/loop11, st_rdev=makedev(0x7, 0xb), ...}) = 0,
openat,AT_FDCWD, O_RDONLY) = -1 EACCES (Permission denied),,,
openat,AT_FDCWD, O_RDONLY|O_CLOEXEC) = -1 EACCES (Permission denied),,,
write,2, 7)                  = 7,,,
write,2, 23) = 23,,,
write,2, 20)   = 20,,,
read,3, 1024)                       = 0,,,
close,3)                                = 0,,,,
close,1)                                = 0,,,,
close,2)                                = 0,,,,
exit_group,0)                           = ?,,,,
+++ exited with 0 +++,,,,,
