Data,,,,,
execve,/usr/bin/fold," ""-s"""," ""sample.txt""]", 0x7fffb73a2ca0 /* 50 vars */) = 0,
brk,NULL)                               = 0x5569a15fc000,,,,
arch_prctl,0x3001 /* ARCH_??? */,,,,
access,/etc/ld.so.preload,,,,
openat,AT_FDCWD, O_RDONLY|O_CLOEXEC) = 3,,,
fstat,3, st_size=69600, ...}) = 0,,
mmap,NULL, PROT_READ, MAP_PRIVATE,3, 0) = 0x7fc90f02e000
close,3)                                = 0,,,,
openat,AT_FDCWD, O_RDONLY|O_CLOEXEC) = 3,,,
read,3, 832) = 832,,,
pread64,3,784, 64) = 784,,
pread64,3,32, 848) = 32,,
pread64,3,68, 880) = 68,,
fstat,3, st_size=2029592, ...}) = 0,,
mmap,NULL, PROT_READ|PROT_WRITE, MAP_PRIVATE|MAP_ANONYMOUS,-1, 0) = 0x7fc90f02c000
pread64,3,784, 64) = 784,,
pread64,3,32, 848) = 32,,
pread64,3,68, 880) = 68,,
mmap,NULL, PROT_READ, MAP_PRIVATE|MAP_DENYWRITE,3, 0) = 0x7fc90ee3a000
mmap,0x7fc90ee5c000, PROT_READ|PROT_EXEC, MAP_PRIVATE|MAP_FIXED|MAP_DENYWRITE,3, 0x22000) = 0x7fc90ee5c000
mmap,0x7fc90efd4000, PROT_READ, MAP_PRIVATE|MAP_FIXED|MAP_DENYWRITE,3, 0x19a000) = 0x7fc90efd4000
mmap,0x7fc90f022000, PROT_READ|PROT_WRITE, MAP_PRIVATE|MAP_FIXED|MAP_DENYWRITE,3, 0x1e7000) = 0x7fc90f022000
mmap,0x7fc90f028000, PROT_READ|PROT_WRITE, MAP_PRIVATE|MAP_FIXED|MAP_ANONYMOUS,-1, 0) = 0x7fc90f028000
close,3)                                = 0,,,,
arch_prctl,ARCH_SET_FS,,,,
mprotect,0x7fc90f022000, PROT_READ) = 0,,,
mprotect,0x5569a0adf000, PROT_READ) = 0,,,
mprotect,0x7fc90f06c000, PROT_READ) = 0,,,
munmap,0x7fc90f02e000,,,,
openat,AT_FDCWD, O_RDONLY|O_CLOEXEC) = 3,,,
fstat,3, st_size=5699248, ...}) = 0,,
mmap,NULL, PROT_READ, MAP_PRIVATE,3, 0) = 0x7fc90e8ca000
close,3)                                = 0,,,,
brk,NULL)                               = 0x5569a15fc000,,,,
brk,0x5569a161d000)                     = 0x5569a161d000,,,,
openat,AT_FDCWD, O_RDONLY) = 3,,,
fadvise64,3,0, POSIX_FADV_SEQUENTIAL) = 0,,
fstat,3, st_size=71, ...}) = 0,,
read,3, 4096) = 71,,,
fstat,1, st_rdev=makedev(0x88, 0), ...}) = 0,
write,1, 9)               = 9,,,
write,1, 9)               = 9,,,
write,1, 7)                 = 7,,,
write,1, 7)                 = 7,,,
write,1, 9)               = 9,,,
write,1, 8)                = 8,,,
write,1, 6)                  = 6,,,
write,1, 12)           = 12,,,
write,1, 1)                       = 1,,,
write,1, 1)                       = 1,,,
write,1, 1)                       = 1,,,
write,1, 1)                       = 1,,,
read,3, 4096)                       = 0,,,
lseek,3, SEEK_CUR)                   = 71,,,
close,3)                                = 0,,,,
close,1)                                = 0,,,,
close,2)                                = 0,,,,
exit_group,0)                           = ?,,,,
+++ exited with 0 +++,,,,,
