Data,,,,,,
execve,/usr/bin/sudo," ""tail"""," ""/etc/group""]", 0x7ffcbd817ac0 /* 50 vars */) = 0,,
access,/etc/suid-debug,,,,,
brk,NULL)                               = 0x55cd2c04a000,,,,,
arch_prctl,0x3001 /* ARCH_??? */,,,,,
fcntl,0,,,,,
fcntl,1,,,,,
fcntl,2,,,,,
access,/etc/suid-debug,,,,,
access,/etc/ld.so.preload,,,,,
openat,AT_FDCWD, O_RDONLY|O_CLOEXEC) = -1 ENOENT (No such file or directory),,,,
stat,/usr/lib/sudo/tls/x86_64/x86_64,,,,,
openat,AT_FDCWD, O_RDONLY|O_CLOEXEC) = -1 ENOENT (No such file or directory),,,,
stat,/usr/lib/sudo/tls/x86_64,,,,,
openat,AT_FDCWD, O_RDONLY|O_CLOEXEC) = -1 ENOENT (No such file or directory),,,,
stat,/usr/lib/sudo/tls/x86_64,,,,,
openat,AT_FDCWD, O_RDONLY|O_CLOEXEC) = -1 ENOENT (No such file or directory),,,,
stat,/usr/lib/sudo/tls,,,,,
openat,AT_FDCWD, O_RDONLY|O_CLOEXEC) = -1 ENOENT (No such file or directory),,,,
stat,/usr/lib/sudo/x86_64/x86_64,,,,,
openat,AT_FDCWD, O_RDONLY|O_CLOEXEC) = -1 ENOENT (No such file or directory),,,,
stat,/usr/lib/sudo/x86_64,,,,,
openat,AT_FDCWD, O_RDONLY|O_CLOEXEC) = -1 ENOENT (No such file or directory),,,,
stat,/usr/lib/sudo/x86_64,,,,,
openat,AT_FDCWD, O_RDONLY|O_CLOEXEC) = -1 ENOENT (No such file or directory),,,,
stat,/usr/lib/sudo, st_size=4096, ...}) = 0,,,
openat,AT_FDCWD, O_RDONLY|O_CLOEXEC) = 3,,,,
fstat,3, st_size=69600, ...}) = 0,,,
mmap,NULL, PROT_READ, MAP_PRIVATE,3, 0) = 0x7f8c4aa8a000,
close,3)                                = 0,,,,,
openat,AT_FDCWD, O_RDONLY|O_CLOEXEC) = 3,,,,
read,3, 832) = 832,,,,
fstat,3, st_size=133200, ...}) = 0,,,
mmap,NULL, PROT_READ|PROT_WRITE, MAP_PRIVATE|MAP_ANONYMOUS,-1, 0) = 0x7f8c4aa88000,
mmap,NULL, PROT_READ, MAP_PRIVATE|MAP_DENYWRITE,3, 0) = 0x7f8c4aa5c000,
mprotect,0x7f8c4aa5f000, PROT_NONE) = 0,,,,
mmap,0x7f8c4aa5f000, PROT_READ|PROT_EXEC, MAP_PRIVATE|MAP_FIXED|MAP_DENYWRITE,3, 0x3000) = 0x7f8c4aa5f000,
mmap,0x7f8c4aa67000, PROT_READ, MAP_PRIVATE|MAP_FIXED|MAP_DENYWRITE,3, 0xb000) = 0x7f8c4aa67000,
mmap,0x7f8c4aa7c000, PROT_READ|PROT_WRITE, MAP_PRIVATE|MAP_FIXED|MAP_DENYWRITE,3, 0x1f000) = 0x7f8c4aa7c000,
mmap,0x7f8c4aa7e000, PROT_READ|PROT_WRITE, MAP_PRIVATE|MAP_FIXED|MAP_ANONYMOUS,-1, 0) = 0x7f8c4aa7e000,
close,3)                                = 0,,,,,
openat,AT_FDCWD, O_RDONLY|O_CLOEXEC) = -1 ENOENT (No such file or directory),,,,
openat,AT_FDCWD, O_RDONLY|O_CLOEXEC) = 3,,,,
read,3, 832) = 832,,,,
fstat,3, st_size=163200, ...}) = 0,,,
mmap,NULL, PROT_READ, MAP_PRIVATE|MAP_DENYWRITE,3, 0) = 0x7f8c4aa31000,
mprotect,0x7f8c4aa37000, PROT_NONE) = 0,,,,
mmap,0x7f8c4aa37000, PROT_READ|PROT_EXEC, MAP_PRIVATE|MAP_FIXED|MAP_DENYWRITE,3, 0x6000) = 0x7f8c4aa37000,
mmap,0x7f8c4aa50000, PROT_READ, MAP_PRIVATE|MAP_FIXED|MAP_DENYWRITE,3, 0x1f000) = 0x7f8c4aa50000,
mmap,0x7f8c4aa58000, PROT_READ|PROT_WRITE, MAP_PRIVATE|MAP_FIXED|MAP_DENYWRITE,3, 0x26000) = 0x7f8c4aa58000,
mmap,0x7f8c4aa5a000, PROT_READ|PROT_WRITE, MAP_PRIVATE|MAP_FIXED|MAP_ANONYMOUS,-1, 0) = 0x7f8c4aa5a000,
close,3)                                = 0,,,,,
openat,AT_FDCWD, O_RDONLY|O_CLOEXEC) = -1 ENOENT (No such file or directory),,,,
openat,AT_FDCWD, O_RDONLY|O_CLOEXEC) = 3,,,,
read,3, 832) = 832,,,,
fstat,3, st_size=14880, ...}) = 0,,,
mmap,NULL, PROT_READ, MAP_PRIVATE|MAP_DENYWRITE,3, 0) = 0x7f8c4aa2c000,
mmap,0x7f8c4aa2d000, PROT_READ|PROT_EXEC, MAP_PRIVATE|MAP_FIXED|MAP_DENYWRITE,3, 0x1000) = 0x7f8c4aa2d000,
mmap,0x7f8c4aa2e000, PROT_READ, MAP_PRIVATE|MAP_FIXED|MAP_DENYWRITE,3, 0x2000) = 0x7f8c4aa2e000,
mmap,0x7f8c4aa2f000, PROT_READ|PROT_WRITE, MAP_PRIVATE|MAP_FIXED|MAP_DENYWRITE,3, 0x2000) = 0x7f8c4aa2f000,
close,3)                                = 0,,,,,
openat,AT_FDCWD, O_RDONLY|O_CLOEXEC) = 3,,,,
read,3, 832) = 832,,,,
fstat,3, st_size=105312, ...}) = 0,,,
mmap,NULL, PROT_READ, MAP_PRIVATE|MAP_DENYWRITE,3, 0) = 0x7f8c4aa11000,
mmap,0x7f8c4aa16000, PROT_READ|PROT_EXEC, MAP_PRIVATE|MAP_FIXED|MAP_DENYWRITE,3, 0x5000) = 0x7f8c4aa16000,
mmap,0x7f8c4aa25000, PROT_READ, MAP_PRIVATE|MAP_FIXED|MAP_DENYWRITE,3, 0x14000) = 0x7f8c4aa25000,
mmap,0x7f8c4aa2a000, PROT_READ|PROT_WRITE, MAP_PRIVATE|MAP_FIXED|MAP_DENYWRITE,3, 0x18000) = 0x7f8c4aa2a000,
close,3)                                = 0,,,,,
openat,AT_FDCWD, O_RDONLY|O_CLOEXEC) = -1 ENOENT (No such file or directory),,,,
openat,AT_FDCWD, O_RDONLY|O_CLOEXEC) = 3,,,,
read,3, 832) = 832,,,,
pread64,3,784, 64) = 784,,,
pread64,3,32, 848) = 32,,,
pread64,3,68, 880) = 68,,,
fstat,3, st_size=2029592, ...}) = 0,,,
pread64,3,784, 64) = 784,,,
pread64,3,32, 848) = 32,,,
pread64,3,68, 880) = 68,,,
mmap,NULL, PROT_READ, MAP_PRIVATE|MAP_DENYWRITE,3, 0) = 0x7f8c4a81f000,
mmap,0x7f8c4a841000, PROT_READ|PROT_EXEC, MAP_PRIVATE|MAP_FIXED|MAP_DENYWRITE,3, 0x22000) = 0x7f8c4a841000,
mmap,0x7f8c4a9b9000, PROT_READ, MAP_PRIVATE|MAP_FIXED|MAP_DENYWRITE,3, 0x19a000) = 0x7f8c4a9b9000,
mmap,0x7f8c4aa07000, PROT_READ|PROT_WRITE, MAP_PRIVATE|MAP_FIXED|MAP_DENYWRITE,3, 0x1e7000) = 0x7f8c4aa07000,
mmap,0x7f8c4aa0d000, PROT_READ|PROT_WRITE, MAP_PRIVATE|MAP_FIXED|MAP_ANONYMOUS,-1, 0) = 0x7f8c4aa0d000,
close,3)                                = 0,,,,,
openat,AT_FDCWD, O_RDONLY|O_CLOEXEC) = 3,,,,
read,3, 832) = 832,,,,
fstat,3, st_size=27064, ...}) = 0,,,
mmap,NULL, PROT_READ, MAP_PRIVATE|MAP_DENYWRITE,3, 0) = 0x7f8c4a817000,
mmap,0x7f8c4a819000, PROT_READ|PROT_EXEC, MAP_PRIVATE|MAP_FIXED|MAP_DENYWRITE,3, 0x2000) = 0x7f8c4a819000,
mmap,0x7f8c4a81c000, PROT_READ, MAP_PRIVATE|MAP_FIXED|MAP_DENYWRITE,3, 0x5000) = 0x7f8c4a81c000,
mmap,0x7f8c4a81d000, PROT_READ|PROT_WRITE, MAP_PRIVATE|MAP_FIXED|MAP_DENYWRITE,3, 0x5000) = 0x7f8c4a81d000,
close,3)                                = 0,,,,,
openat,AT_FDCWD, O_RDONLY|O_CLOEXEC) = 3,,,,
read,3, 832) = 832,,,,
fstat,3, st_size=588488, ...}) = 0,,,
mmap,NULL, PROT_READ|PROT_WRITE, MAP_PRIVATE|MAP_ANONYMOUS,-1, 0) = 0x7f8c4a815000,
mmap,NULL, PROT_READ, MAP_PRIVATE|MAP_DENYWRITE,3, 0) = 0x7f8c4a784000,
mmap,0x7f8c4a786000, PROT_READ|PROT_EXEC, MAP_PRIVATE|MAP_FIXED|MAP_DENYWRITE,3, 0x2000) = 0x7f8c4a786000,
mmap,0x7f8c4a7eb000, PROT_READ, MAP_PRIVATE|MAP_FIXED|MAP_DENYWRITE,3, 0x67000) = 0x7f8c4a7eb000,
mmap,0x7f8c4a813000, PROT_READ|PROT_WRITE, MAP_PRIVATE|MAP_FIXED|MAP_DENYWRITE,3, 0x8e000) = 0x7f8c4a813000,
close,3)                                = 0,,,,,
openat,AT_FDCWD, O_RDONLY|O_CLOEXEC) = 3,,,,
read,3, 832) = 832,,,,
fstat,3, st_size=18848, ...}) = 0,,,
mmap,NULL, PROT_READ, MAP_PRIVATE|MAP_DENYWRITE,3, 0) = 0x7f8c4a77e000,
mmap,0x7f8c4a77f000, PROT_READ|PROT_EXEC, MAP_PRIVATE|MAP_FIXED|MAP_DENYWRITE,3, 0x1000) = 0x7f8c4a77f000,
mmap,0x7f8c4a781000, PROT_READ, MAP_PRIVATE|MAP_FIXED|MAP_DENYWRITE,3, 0x3000) = 0x7f8c4a781000,
mmap,0x7f8c4a782000, PROT_READ|PROT_WRITE, MAP_PRIVATE|MAP_FIXED|MAP_DENYWRITE,3, 0x3000) = 0x7f8c4a782000,
close,3)                                = 0,,,,,
openat,AT_FDCWD, O_RDONLY|O_CLOEXEC) = 3,,,,
read,3, 832) = 832,,,,
pread64,3,68, 824) = 68,,,
fstat,3, st_size=157224, ...}) = 0,,,
pread64,3,68, 824) = 68,,,
mmap,NULL, PROT_READ, MAP_PRIVATE|MAP_DENYWRITE,3, 0) = 0x7f8c4a75b000,
mmap,0x7f8c4a761000, PROT_READ|PROT_EXEC, MAP_PRIVATE|MAP_FIXED|MAP_DENYWRITE,3, 0x6000) = 0x7f8c4a761000,
mmap,0x7f8c4a772000, PROT_READ, MAP_PRIVATE|MAP_FIXED|MAP_DENYWRITE,3, 0x17000) = 0x7f8c4a772000,
mmap,0x7f8c4a778000, PROT_READ|PROT_WRITE, MAP_PRIVATE|MAP_FIXED|MAP_DENYWRITE,3, 0x1c000) = 0x7f8c4a778000,
mmap,0x7f8c4a77a000, PROT_READ|PROT_WRITE, MAP_PRIVATE|MAP_FIXED|MAP_ANONYMOUS,-1, 0) = 0x7f8c4a77a000,
close,3)                                = 0,,,,,
mmap,NULL, PROT_READ|PROT_WRITE, MAP_PRIVATE|MAP_ANONYMOUS,-1, 0) = 0x7f8c4a759000,
arch_prctl,ARCH_SET_FS,,,,,
mprotect,0x7f8c4aa07000, PROT_READ) = 0,,,,
mprotect,0x7f8c4a778000, PROT_READ) = 0,,,,
mprotect,0x7f8c4a782000, PROT_READ) = 0,,,,
mprotect,0x7f8c4a813000, PROT_READ) = 0,,,,
mprotect,0x7f8c4a81d000, PROT_READ) = 0,,,,
mprotect,0x7f8c4aa2a000, PROT_READ) = 0,,,,
mprotect,0x7f8c4aa2f000, PROT_READ) = 0,,,,
mprotect,0x7f8c4aa58000, PROT_READ) = 0,,,,
mprotect,0x7f8c4aa7c000, PROT_READ) = 0,,,,
mprotect,0x55cd2b603000, PROT_READ) = 0,,,,
mprotect,0x7f8c4aac8000, PROT_READ) = 0,,,,
munmap,0x7f8c4aa8a000,,,,,
set_tid_address,0x7f8c4a759f50)         = 11821,,,,,
set_robust_list,0x7f8c4a759f60,,,,,
rt_sigaction,SIGRTMIN, sa_mask=[], sa_flags=SA_RESTORER|SA_SIGINFO, sa_restorer=0x7f8c4a76f420}, NULL, 8) = 0
rt_sigaction,SIGRT_1, sa_mask=[], sa_flags=SA_RESTORER|SA_RESTART|SA_SIGINFO, sa_restorer=0x7f8c4a76f420}, NULL, 8) = 0
rt_sigprocmask,SIG_UNBLOCK, NULL, 8) = 0,,,
prlimit64,0, NULL, {rlim_cur=8192*1024, rlim_max=RLIM64_INFINITY}) = 0,,
statfs,/sys/fs/selinux,,,,,
statfs,/selinux,,,,,
brk,NULL)                               = 0x55cd2c04a000,,,,,
brk,0x55cd2c06b000)                     = 0x55cd2c06b000,,,,,
openat,AT_FDCWD, O_RDONLY|O_CLOEXEC) = 3,,,,
fstat,3, st_size=0, ...}) = 0,,,
read,3, 1024) = 387,,,,
read,3, 1024)                       = 0,,,,
close,3)                                = 0,,,,,
access,/etc/selinux/config,,,,,
prlimit64,0, NULL, {rlim_cur=RLIM64_INFINITY, rlim_max=RLIM64_INFINITY}) = 0,,
prlimit64,0, {rlim_cur=RLIM64_INFINITY, rlim_max=RLIM64_INFINITY}, NULL) = 0,,
prlimit64,0, NULL, {rlim_cur=RLIM64_INFINITY, rlim_max=RLIM64_INFINITY}) = 0,,
prlimit64,0, {rlim_cur=RLIM64_INFINITY, rlim_max=RLIM64_INFINITY}, NULL) = 0,,
prlimit64,0, NULL, {rlim_cur=RLIM64_INFINITY, rlim_max=RLIM64_INFINITY}) = 0,,
prlimit64,0, {rlim_cur=RLIM64_INFINITY, rlim_max=RLIM64_INFINITY}, NULL) = 0,,
prlimit64,0, NULL, {rlim_cur=RLIM64_INFINITY, rlim_max=RLIM64_INFINITY}) = 0,,
prlimit64,0, {rlim_cur=RLIM64_INFINITY, rlim_max=RLIM64_INFINITY}, NULL) = 0,,
prlimit64,0, NULL, {rlim_cur=1024, rlim_max=1024*1024}) = 0,,
prlimit64,0, {rlim_cur=RLIM64_INFINITY, rlim_max=RLIM64_INFINITY}, NULL) = -1 EPERM (Operation not permitted),,
prlimit64,0, {rlim_cur=256, rlim_max=RLIM64_INFINITY}, NULL) = -1 EPERM (Operation not permitted),,
prlimit64,0, {rlim_cur=1024*1024, rlim_max=1024*1024}, NULL) = 0,,
prlimit64,0, NULL, {rlim_cur=7586, rlim_max=7586}) = 0,,
prlimit64,0, {rlim_cur=RLIM64_INFINITY, rlim_max=RLIM64_INFINITY}, NULL) = -1 EPERM (Operation not permitted),,
prlimit64,0, {rlim_cur=7586, rlim_max=7586}, NULL) = 0,,
prlimit64,0, NULL, {rlim_cur=RLIM64_INFINITY, rlim_max=RLIM64_INFINITY}) = 0,,
prlimit64,0, {rlim_cur=RLIM64_INFINITY, rlim_max=RLIM64_INFINITY}, NULL) = 0,,
prlimit64,0, NULL, {rlim_cur=8192*1024, rlim_max=RLIM64_INFINITY}) = 0,,
prlimit64,0, {rlim_cur=8192*1024, rlim_max=RLIM64_INFINITY}, NULL) = 0,,
fcntl,0,,,,,
fcntl,1,,,,,
fcntl,2,,,,,
openat,AT_FDCWD, O_RDONLY|O_CLOEXEC) = 3,,,,
fstat,3, st_size=5699248, ...}) = 0,,,
mmap,NULL, PROT_READ, MAP_PRIVATE,3, 0) = 0x7f8c4a1e9000,
close,3)                                = 0,,,,,
openat,AT_FDCWD, O_RDONLY|O_CLOEXEC) = 3,,,,
fstat,3, st_size=303, ...}) = 0,,,
fstat,3, st_size=303, ...}) = 0,,,
read,3, 4096) = 303,,,,
lseek,3, SEEK_CUR)                = 124,,,,
read,3, 4096) = 179,,,,
close,3)                                = 0,,,,,
stat,/etc/sudo.conf,,,,,
geteuid,)                               = 1000,,,,,
access,/usr/local/sbin/sudo,,,,,
access,/usr/local/bin/sudo,,,,,
access,/usr/sbin/sudo,,,,,
access,/usr/bin/sudo,,,,,
stat,/usr/bin/sudo, st_size=166056, ...}) = 0,,,
openat,AT_FDCWD, O_RDONLY|O_CLOEXEC) = 3,,,,
fstat,3, st_size=2996, ...}) = 0,,,
read,3, 4096) = 2996,,,,
read,3, 4096)                       = 0,,,,
close,3)                                = 0,,,,,
openat,AT_FDCWD, O_RDONLY) = -1 ENOENT (No such file or directory),,,,
openat,AT_FDCWD, O_RDONLY) = -1 ENOENT (No such file or directory),,,,
openat,AT_FDCWD, O_RDONLY) = -1 ENOENT (No such file or directory),,,,
openat,AT_FDCWD, O_RDONLY) = -1 ENOENT (No such file or directory),,,,
write,2, 4)                     = 4,,,,
write,2, 2)                       = 2,,,,
write,2," is /usr/""...", 133) = 133,,,
write,2, 1)                       = 1,,,,
exit_group,1)                           = ?,,,,,
+++ exited with 1 +++,,,,,,
