Data,,,,,,
execve,/usr/sbin/groupdel," ""newgroup""]", 0x7ffffc937968 /* 50 vars */) = 0,,,
brk,NULL)                               = 0x5573d6b08000,,,,,
arch_prctl,0x3001 /* ARCH_??? */,,,,,
access,/etc/ld.so.preload,,,,,
openat,AT_FDCWD, O_RDONLY|O_CLOEXEC) = 3,,,,
fstat,3, st_size=69600, ...}) = 0,,,
mmap,NULL, PROT_READ, MAP_PRIVATE,3, 0) = 0x7f088e502000,
close,3)                                = 0,,,,,
openat,AT_FDCWD, O_RDONLY|O_CLOEXEC) = 3,,,,
read,3, 832) = 832,,,,
fstat,3, st_size=133200, ...}) = 0,,,
mmap,NULL, PROT_READ|PROT_WRITE, MAP_PRIVATE|MAP_ANONYMOUS,-1, 0) = 0x7f088e500000,
mmap,NULL, PROT_READ, MAP_PRIVATE|MAP_DENYWRITE,3, 0) = 0x7f088e4d4000,
mprotect,0x7f088e4d7000, PROT_NONE) = 0,,,,
mmap,0x7f088e4d7000, PROT_READ|PROT_EXEC, MAP_PRIVATE|MAP_FIXED|MAP_DENYWRITE,3, 0x3000) = 0x7f088e4d7000,
mmap,0x7f088e4df000, PROT_READ, MAP_PRIVATE|MAP_FIXED|MAP_DENYWRITE,3, 0xb000) = 0x7f088e4df000,
mmap,0x7f088e4f4000, PROT_READ|PROT_WRITE, MAP_PRIVATE|MAP_FIXED|MAP_DENYWRITE,3, 0x1f000) = 0x7f088e4f4000,
mmap,0x7f088e4f6000, PROT_READ|PROT_WRITE, MAP_PRIVATE|MAP_FIXED|MAP_ANONYMOUS,-1, 0) = 0x7f088e4f6000,
close,3)                                = 0,,,,,
openat,AT_FDCWD, O_RDONLY|O_CLOEXEC) = 3,,,,
read,3, 832) = 832,,,,
fstat,3, st_size=163200, ...}) = 0,,,
mmap,NULL, PROT_READ, MAP_PRIVATE|MAP_DENYWRITE,3, 0) = 0x7f088e4a9000,
mprotect,0x7f088e4af000, PROT_NONE) = 0,,,,
mmap,0x7f088e4af000, PROT_READ|PROT_EXEC, MAP_PRIVATE|MAP_FIXED|MAP_DENYWRITE,3, 0x6000) = 0x7f088e4af000,
mmap,0x7f088e4c8000, PROT_READ, MAP_PRIVATE|MAP_FIXED|MAP_DENYWRITE,3, 0x1f000) = 0x7f088e4c8000,
mmap,0x7f088e4d0000, PROT_READ|PROT_WRITE, MAP_PRIVATE|MAP_FIXED|MAP_DENYWRITE,3, 0x26000) = 0x7f088e4d0000,
mmap,0x7f088e4d2000, PROT_READ|PROT_WRITE, MAP_PRIVATE|MAP_FIXED|MAP_ANONYMOUS,-1, 0) = 0x7f088e4d2000,
close,3)                                = 0,,,,,
openat,AT_FDCWD, O_RDONLY|O_CLOEXEC) = 3,,,,
read,3, 832) = 832,,,,
pread64,3,784, 64) = 784,,,
pread64,3,32, 848) = 32,,,
pread64,3,68, 880) = 68,,,
fstat,3, st_size=2029592, ...}) = 0,,,
pread64,3,784, 64) = 784,,,
pread64,3,32, 848) = 32,,,
pread64,3,68, 880) = 68,,,
mmap,NULL, PROT_READ, MAP_PRIVATE|MAP_DENYWRITE,3, 0) = 0x7f088e2b7000,
mmap,0x7f088e2d9000, PROT_READ|PROT_EXEC, MAP_PRIVATE|MAP_FIXED|MAP_DENYWRITE,3, 0x22000) = 0x7f088e2d9000,
mmap,0x7f088e451000, PROT_READ, MAP_PRIVATE|MAP_FIXED|MAP_DENYWRITE,3, 0x19a000) = 0x7f088e451000,
mmap,0x7f088e49f000, PROT_READ|PROT_WRITE, MAP_PRIVATE|MAP_FIXED|MAP_DENYWRITE,3, 0x1e7000) = 0x7f088e49f000,
mmap,0x7f088e4a5000, PROT_READ|PROT_WRITE, MAP_PRIVATE|MAP_FIXED|MAP_ANONYMOUS,-1, 0) = 0x7f088e4a5000,
close,3)                                = 0,,,,,
openat,AT_FDCWD, O_RDONLY|O_CLOEXEC) = 3,,,,
read,3, 832) = 832,,,,
fstat,3, st_size=27064, ...}) = 0,,,
mmap,NULL, PROT_READ, MAP_PRIVATE|MAP_DENYWRITE,3, 0) = 0x7f088e2af000,
mmap,0x7f088e2b1000, PROT_READ|PROT_EXEC, MAP_PRIVATE|MAP_FIXED|MAP_DENYWRITE,3, 0x2000) = 0x7f088e2b1000,
mmap,0x7f088e2b4000, PROT_READ, MAP_PRIVATE|MAP_FIXED|MAP_DENYWRITE,3, 0x5000) = 0x7f088e2b4000,
mmap,0x7f088e2b5000, PROT_READ|PROT_WRITE, MAP_PRIVATE|MAP_FIXED|MAP_DENYWRITE,3, 0x5000) = 0x7f088e2b5000,
close,3)                                = 0,,,,,
openat,AT_FDCWD, O_RDONLY|O_CLOEXEC) = 3,,,,
read,3, 832) = 832,,,,
fstat,3, st_size=588488, ...}) = 0,,,
mmap,NULL, PROT_READ, MAP_PRIVATE|MAP_DENYWRITE,3, 0) = 0x7f088e21e000,
mmap,0x7f088e220000, PROT_READ|PROT_EXEC, MAP_PRIVATE|MAP_FIXED|MAP_DENYWRITE,3, 0x2000) = 0x7f088e220000,
mmap,0x7f088e285000, PROT_READ, MAP_PRIVATE|MAP_FIXED|MAP_DENYWRITE,3, 0x67000) = 0x7f088e285000,
mmap,0x7f088e2ad000, PROT_READ|PROT_WRITE, MAP_PRIVATE|MAP_FIXED|MAP_DENYWRITE,3, 0x8e000) = 0x7f088e2ad000,
close,3)                                = 0,,,,,
openat,AT_FDCWD, O_RDONLY|O_CLOEXEC) = 3,,,,
read,3, 832) = 832,,,,
fstat,3, st_size=18848, ...}) = 0,,,
mmap,NULL, PROT_READ, MAP_PRIVATE|MAP_DENYWRITE,3, 0) = 0x7f088e218000,
mmap,0x7f088e219000, PROT_READ|PROT_EXEC, MAP_PRIVATE|MAP_FIXED|MAP_DENYWRITE,3, 0x1000) = 0x7f088e219000,
mmap,0x7f088e21b000, PROT_READ, MAP_PRIVATE|MAP_FIXED|MAP_DENYWRITE,3, 0x3000) = 0x7f088e21b000,
mmap,0x7f088e21c000, PROT_READ|PROT_WRITE, MAP_PRIVATE|MAP_FIXED|MAP_DENYWRITE,3, 0x3000) = 0x7f088e21c000,
close,3)                                = 0,,,,,
openat,AT_FDCWD, O_RDONLY|O_CLOEXEC) = 3,,,,
read,3, 832) = 832,,,,
pread64,3,68, 824) = 68,,,
fstat,3, st_size=157224, ...}) = 0,,,
mmap,NULL, PROT_READ|PROT_WRITE, MAP_PRIVATE|MAP_ANONYMOUS,-1, 0) = 0x7f088e216000,
pread64,3,68, 824) = 68,,,
mmap,NULL, PROT_READ, MAP_PRIVATE|MAP_DENYWRITE,3, 0) = 0x7f088e1f3000,
mmap,0x7f088e1f9000, PROT_READ|PROT_EXEC, MAP_PRIVATE|MAP_FIXED|MAP_DENYWRITE,3, 0x6000) = 0x7f088e1f9000,
mmap,0x7f088e20a000, PROT_READ, MAP_PRIVATE|MAP_FIXED|MAP_DENYWRITE,3, 0x17000) = 0x7f088e20a000,
mmap,0x7f088e210000, PROT_READ|PROT_WRITE, MAP_PRIVATE|MAP_FIXED|MAP_DENYWRITE,3, 0x1c000) = 0x7f088e210000,
mmap,0x7f088e212000, PROT_READ|PROT_WRITE, MAP_PRIVATE|MAP_FIXED|MAP_ANONYMOUS,-1, 0) = 0x7f088e212000,
close,3)                                = 0,,,,,
mmap,NULL, PROT_READ|PROT_WRITE, MAP_PRIVATE|MAP_ANONYMOUS,-1, 0) = 0x7f088e1f0000,
arch_prctl,ARCH_SET_FS,,,,,
mprotect,0x7f088e49f000, PROT_READ) = 0,,,,
mprotect,0x7f088e210000, PROT_READ) = 0,,,,
mprotect,0x7f088e21c000, PROT_READ) = 0,,,,
mprotect,0x7f088e2ad000, PROT_READ) = 0,,,,
mprotect,0x7f088e2b5000, PROT_READ) = 0,,,,
mprotect,0x7f088e4d0000, PROT_READ) = 0,,,,
mprotect,0x7f088e4f4000, PROT_READ) = 0,,,,
mprotect,0x5573d5f9f000, PROT_READ) = 0,,,,
mprotect,0x7f088e540000, PROT_READ) = 0,,,,
munmap,0x7f088e502000,,,,,
set_tid_address,0x7f088e1f0b10)         = 3982,,,,,
set_robust_list,0x7f088e1f0b20,,,,,
rt_sigaction,SIGRTMIN, sa_mask=[], sa_flags=SA_RESTORER|SA_SIGINFO, sa_restorer=0x7f088e207420}, NULL, 8) = 0
rt_sigaction,SIGRT_1, sa_mask=[], sa_flags=SA_RESTORER|SA_RESTART|SA_SIGINFO, sa_restorer=0x7f088e207420}, NULL, 8) = 0
rt_sigprocmask,SIG_UNBLOCK, NULL, 8) = 0,,,
prlimit64,0, NULL, {rlim_cur=8192*1024, rlim_max=RLIM64_INFINITY}) = 0,,
statfs,/sys/fs/selinux,,,,,
statfs,/selinux,,,,,
brk,NULL)                               = 0x5573d6b08000,,,,,
brk,0x5573d6b29000)                     = 0x5573d6b29000,,,,,
openat,AT_FDCWD, O_RDONLY|O_CLOEXEC) = 3,,,,
fstat,3, st_size=0, ...}) = 0,,,
read,3, 1024) = 387,,,,
read,3, 1024)                       = 0,,,,
close,3)                                = 0,,,,,
access,/etc/selinux/config,,,,,
openat,AT_FDCWD, O_RDONLY|O_CLOEXEC) = 3,,,,
fstat,3, st_size=5699248, ...}) = 0,,,
mmap,NULL, PROT_READ, MAP_PRIVATE,3, 0) = 0x7f088dc80000,
close,3)                                = 0,,,,,
socket,AF_NETLINK, NETLINK_AUDIT) = 3,,,,
fcntl,3, FD_CLOEXEC)           = 0,,,,
openat,AT_FDCWD, O_RDONLY) = 4,,,,
fstat,4, st_size=10550, ...}) = 0,,,
read,4, 4096) = 4096,,,,
read,4, 4096) = 4096,,,,
read,4, 4096) = 2358,,,,
read,4, 4096)                       = 0,,,,
close,4)                                = 0,,,,,
access,/etc/gshadow,,,,,
socket,AF_UNIX, 0) = 4,,,,
connect,4," sun_path=""/var/run/nscd/socket""}", 110) = -1 ENOENT (No such file or directory),,,
close,4)                                = 0,,,,,
socket,AF_UNIX, 0) = 4,,,,
connect,4," sun_path=""/var/run/nscd/socket""}", 110) = -1 ENOENT (No such file or directory),,,
close,4)                                = 0,,,,,
openat,AT_FDCWD, O_RDONLY|O_CLOEXEC) = 4,,,,
fstat,4, st_size=542, ...}) = 0,,,
read,4, 4096) = 542,,,,
read,4, 4096)                       = 0,,,,
close,4)                                = 0,,,,,
openat,AT_FDCWD, O_RDONLY|O_CLOEXEC) = 4,,,,
fstat,4, st_size=69600, ...}) = 0,,,
mmap,NULL, PROT_READ, MAP_PRIVATE,4, 0) = 0x7f088e502000,
close,4)                                = 0,,,,,
openat,AT_FDCWD, O_RDONLY|O_CLOEXEC) = 4,,,,
read,4, 832) = 832,,,,
fstat,4, st_size=51856, ...}) = 0,,,
mmap,NULL, PROT_READ, MAP_PRIVATE|MAP_DENYWRITE,4, 0) = 0x7f088dc6c000,
mmap,0x7f088dc6f000, PROT_READ|PROT_EXEC, MAP_PRIVATE|MAP_FIXED|MAP_DENYWRITE,4, 0x3000) = 0x7f088dc6f000,
mmap,0x7f088dc76000, PROT_READ, MAP_PRIVATE|MAP_FIXED|MAP_DENYWRITE,4, 0xa000) = 0x7f088dc76000,
mmap,0x7f088dc78000, PROT_READ|PROT_WRITE, MAP_PRIVATE|MAP_FIXED|MAP_DENYWRITE,4, 0xb000) = 0x7f088dc78000,
mmap,0x7f088dc7a000, PROT_READ|PROT_WRITE, MAP_PRIVATE|MAP_FIXED|MAP_ANONYMOUS,-1, 0) = 0x7f088dc7a000,
close,4)                                = 0,,,,,
mprotect,0x7f088dc78000, PROT_READ) = 0,,,,
munmap,0x7f088e502000,,,,,
openat,AT_FDCWD, O_RDONLY|O_CLOEXEC) = 4,,,,
lseek,4, SEEK_CUR)                   = 0,,,,
fstat,4, st_size=1139, ...}) = 0,,,
read,4, 4096) = 1139,,,,
lseek,4, SEEK_CUR)                   = 1139,,,,
read,4, 4096)                       = 0,,,,
close,4)                                = 0,,,,,
openat,AT_FDCWD, O_RDONLY|O_CLOEXEC) = 4,,,,
fstat,4, st_size=69600, ...}) = 0,,,
mmap,NULL, PROT_READ, MAP_PRIVATE,4, 0) = 0x7f088e502000,
close,4)                                = 0,,,,,
openat,AT_FDCWD, O_RDONLY|O_CLOEXEC) = 4,,,,
read,4, 832) = 832,,,,
fstat,4, st_size=239896, ...}) = 0,,,
mmap,NULL, PROT_READ, MAP_PRIVATE|MAP_DENYWRITE,4, 0) = 0x7f088dc30000,
mmap,0x7f088dc36000, PROT_READ|PROT_EXEC, MAP_PRIVATE|MAP_FIXED|MAP_DENYWRITE,4, 0x6000) = 0x7f088dc36000,
mmap,0x7f088dc5c000, PROT_READ, MAP_PRIVATE|MAP_FIXED|MAP_DENYWRITE,4, 0x2c000) = 0x7f088dc5c000,
mmap,0x7f088dc68000, PROT_READ|PROT_WRITE, MAP_PRIVATE|MAP_FIXED|MAP_DENYWRITE,4, 0x37000) = 0x7f088dc68000,
close,4)                                = 0,,,,,
mprotect,0x7f088dc68000, PROT_READ) = 0,,,,
munmap,0x7f088e502000,,,,,
rt_sigprocmask,SIG_BLOCK, [], 8) = 0,,,
gettid,)                                = 3982,,,,,
socket,AF_UNIX, 0) = 4,,,,
connect,4," sun_path=@""userdb-9874d86d891389f144220a17d003af77""}", 42) = -1 ECONNREFUSED (Connection refused),,,
close,4)                                = 0,,,,,
openat,AT_FDCWD, O_RDONLY|O_NONBLOCK|O_CLOEXEC|O_DIRECTORY) = 4,,,,
fstat,4, st_size=60, ...}) = 0,,,
getdents64,4, 32768)   = 96,,,,
socket,AF_UNIX, 0) = 5,,,,
connect,5," sun_path=""/run/systemd/userdb/io.systemd.DynamicUser""}", 45) = 0,,,
getpid,)                                = 3982,,,,,
epoll_create1,EPOLL_CLOEXEC)            = 6,,,,,
timerfd_create,CLOCK_MONOTONIC,,,,,
epoll_ctl,6,7, {EPOLLIN, {u32=3601938640, u64=93956011538640}}) = 0,
epoll_ctl,6,5, {0, {u32=3601940784, u64=93956011540784}}) = 0,
gettid,)                                = 3982,,,,,
futex,0x7f088dc6b9a0, 2147483647) = 0,,,,
getdents64,4, 32768)   = 0,,,,
close,4)                                = 0,,,,,
epoll_ctl,6,5, {EPOLLIN|EPOLLOUT, {u32=3601940784, u64=93956011540784}}) = 0,
openat,AT_FDCWD, O_RDONLY|O_NOCTTY|O_CLOEXEC) = 4,,,,
read,4, 38) = 37,,,,
read,4, 1)                          = 0,,,,
close,4)                                = 0,,,,,
timerfd_settime,7, {it_interval={tv_sec=0, tv_nsec=0}, it_value={tv_sec=2025, tv_nsec=563212000}}, NULL) = 0
epoll_wait,6, {u32=3601940784, u64=93956011540784}}],4, 0) = 1,
timerfd_create,CLOCK_BOOTTIME,,,,,
close,4)                                = 0,,,,,
sendto,5,125, MSG_DONTWAIT|MSG_NOSIGNAL, NULL, 0) = 125,
epoll_ctl,6,5, {EPOLLIN, {u32=3601940784, u64=93956011540784}}) = 0,
epoll_wait,6, {u32=3601940784, u64=93956011540784}}],4, 0) = 1,
mmap,NULL, PROT_READ|PROT_WRITE, MAP_PRIVATE|MAP_ANONYMOUS,-1, 0) = 0x7f088dc0f000,
mremap,0x7f088dc0f000,139264, MREMAP_MAYMOVE) = 0x7f088dbed000,,,
recvfrom,5,135152, MSG_DONTWAIT, NULL, NULL) = 66,
epoll_ctl,6,5, {0, {u32=3601940784, u64=93956011540784}}) = 0,
epoll_wait,6,4, 0)                 = 0,,,
epoll_wait,6,4, 0)                 = 0,,,
epoll_ctl,6,5, NULL)    = 0,,,
close,5)                                = 0,,,,,
munmap,0x7f088dbed000,,,,,
close,6)                                = 0,,,,,
close,7)                                = 0,,,,,
openat,AT_FDCWD, O_RDONLY|O_NONBLOCK|O_CLOEXEC|O_DIRECTORY) = 4,,,,
fstat,4, st_size=60, ...}) = 0,,,
getdents64,4, 32768)   = 96,,,,
socket,AF_UNIX, 0) = 5,,,,
connect,5," sun_path=""/run/systemd/userdb/io.systemd.DynamicUser""}", 45) = 0,,,
epoll_create1,EPOLL_CLOEXEC)            = 6,,,,,
timerfd_create,CLOCK_MONOTONIC,,,,,
epoll_ctl,6,7, {EPOLLIN, {u32=3601938640, u64=93956011538640}}) = 0,
epoll_ctl,6,5, {0, {u32=3601939328, u64=93956011539328}}) = 0,
getdents64,4, 32768)   = 0,,,,
close,4)                                = 0,,,,,
epoll_ctl,6,5, {EPOLLIN|EPOLLOUT, {u32=3601939328, u64=93956011539328}}) = 0,
timerfd_settime,7, {it_interval={tv_sec=0, tv_nsec=0}, it_value={tv_sec=2025, tv_nsec=563212000}}, NULL) = 0
epoll_wait,6, {u32=3601939328, u64=93956011539328}}],4, 0) = 1,
sendto,5,137, MSG_DONTWAIT|MSG_NOSIGNAL, NULL, 0) = 137,
epoll_ctl,6,5, {EPOLLIN, {u32=3601939328, u64=93956011539328}}) = 0,
epoll_wait,6, {u32=3601939328, u64=93956011539328}}],4, 0) = 1,
brk,0x5573d6b55000)                     = 0x5573d6b55000,,,,,
recvfrom,5,131080, MSG_DONTWAIT, NULL, NULL) = 66,
epoll_ctl,6,5, {0, {u32=3601939328, u64=93956011539328}}) = 0,
epoll_wait,6,4, 0)                 = 0,,,
epoll_wait,6,4, 0)                 = 0,,,
epoll_ctl,6,5, NULL)    = 0,,,
close,5)                                = 0,,,,,
close,6)                                = 0,,,,,
close,7)                                = 0,,,,,
rt_sigprocmask,SIG_SETMASK, NULL, 8) = 0,,,
openat,AT_FDCWD, O_RDONLY|O_CLOEXEC) = 4,,,,
fstat,4, st_size=2996, ...}) = 0,,,
read,4, 4096) = 2996,,,,
read,4, 4096)                       = 0,,,,
close,4)                                = 0,,,,,
openat,AT_FDCWD, O_RDONLY) = -1 ENOENT (No such file or directory),,,,
openat,AT_FDCWD, O_RDONLY) = -1 ENOENT (No such file or directory),,,,
openat,AT_FDCWD, O_RDONLY) = -1 ENOENT (No such file or directory),,,,
openat,AT_FDCWD, O_RDONLY) = -1 ENOENT (No such file or directory),,,,
write,2, 42) = 42,,,,
getpid,)                                = 3982,,,,,
exit_group,6)                           = ?,,,,,
+++ exited with 6 +++,,,,,,
