Data,,,,,,
execve,/usr/bin/gunzip," ""-c"""," ""sample.txt""]", 0x7fff52a97400 /* 51 vars */) = 0,,
brk,NULL)                               = 0x55df2f7a5000,,,,,
arch_prctl,0x3001 /* ARCH_??? */,,,,,
access,/etc/ld.so.preload,,,,,
openat,AT_FDCWD, O_RDONLY|O_CLOEXEC) = 3,,,,
fstat,3, st_size=69600, ...}) = 0,,,
mmap,NULL, PROT_READ, MAP_PRIVATE,3, 0) = 0x7f5cdb52c000,
close,3)                                = 0,,,,,
openat,AT_FDCWD, O_RDONLY|O_CLOEXEC) = 3,,,,
read,3, 832) = 832,,,,
pread64,3,784, 64) = 784,,,
pread64,3,32, 848) = 32,,,
pread64,3,68, 880) = 68,,,
fstat,3, st_size=2029592, ...}) = 0,,,
mmap,NULL, PROT_READ|PROT_WRITE, MAP_PRIVATE|MAP_ANONYMOUS,-1, 0) = 0x7f5cdb52a000,
pread64,3,784, 64) = 784,,,
pread64,3,32, 848) = 32,,,
pread64,3,68, 880) = 68,,,
mmap,NULL, PROT_READ, MAP_PRIVATE|MAP_DENYWRITE,3, 0) = 0x7f5cdb338000,
mmap,0x7f5cdb35a000, PROT_READ|PROT_EXEC, MAP_PRIVATE|MAP_FIXED|MAP_DENYWRITE,3, 0x22000) = 0x7f5cdb35a000,
mmap,0x7f5cdb4d2000, PROT_READ, MAP_PRIVATE|MAP_FIXED|MAP_DENYWRITE,3, 0x19a000) = 0x7f5cdb4d2000,
mmap,0x7f5cdb520000, PROT_READ|PROT_WRITE, MAP_PRIVATE|MAP_FIXED|MAP_DENYWRITE,3, 0x1e7000) = 0x7f5cdb520000,
mmap,0x7f5cdb526000, PROT_READ|PROT_WRITE, MAP_PRIVATE|MAP_FIXED|MAP_ANONYMOUS,-1, 0) = 0x7f5cdb526000,
close,3)                                = 0,,,,,
arch_prctl,ARCH_SET_FS,,,,,
mprotect,0x7f5cdb520000, PROT_READ) = 0,,,,
mprotect,0x55df2e3eb000, PROT_READ) = 0,,,,
mprotect,0x7f5cdb56a000, PROT_READ) = 0,,,,
munmap,0x7f5cdb52c000,,,,,
getuid,)                                = 1000,,,,,
getgid,)                                = 1000,,,,,
getpid,)                                = 13974,,,,,
rt_sigaction,SIGCHLD, sa_mask=~[RTMIN RT_1], sa_flags=SA_RESTORER, sa_restorer=0x7f5cdb37b090}, NULL, 8) = 0
geteuid,)                               = 1000,,,,,
brk,NULL)                               = 0x55df2f7a5000,,,,,
brk,0x55df2f7c6000)                     = 0x55df2f7c6000,,,,,
getppid,)                               = 13971,,,,,
stat,/home/keshav/Keshav_demo, st_size=4096, ...}) = 0,,,
stat,., st_size=4096, ...}) = 0,,,
openat,AT_FDCWD, O_RDONLY) = 3,,,,
fcntl,3, 10)                   = 10,,,,
close,3)                                = 0,,,,,
fcntl,10, FD_CLOEXEC)          = 0,,,,
geteuid,)                               = 1000,,,,,
getegid,)                               = 1000,,,,,
rt_sigaction,SIGINT, {sa_handler=SIG_DFL, sa_mask=[], sa_flags=0}, 8) = 0,
rt_sigaction,SIGINT, sa_mask=~[RTMIN RT_1], sa_flags=SA_RESTORER, sa_restorer=0x7f5cdb37b090}, NULL, 8) = 0
rt_sigaction,SIGQUIT, {sa_handler=SIG_DFL, sa_mask=[], sa_flags=0}, 8) = 0,
rt_sigaction,SIGQUIT, sa_mask=~[RTMIN RT_1], sa_flags=SA_RESTORER, sa_restorer=0x7f5cdb37b090}, NULL, 8) = 0
rt_sigaction,SIGTERM, {sa_handler=SIG_DFL, sa_mask=[], sa_flags=0}, 8) = 0,
rt_sigaction,SIGTERM, sa_mask=~[RTMIN RT_1], sa_flags=SA_RESTORER, sa_restorer=0x7f5cdb37b090}, NULL, 8) = 0
read,10, 8192) = 2346,,,,
execve,/usr/local/sbin/gzip," ""-d"""," ""-c"""," ""sample.txt""]", 0x55df2f7a5c88 /* 51 vars */) = -1 ENOENT (No such file or directory),
execve,/usr/local/bin/gzip," ""-d"""," ""-c"""," ""sample.txt""]", 0x55df2f7a5c88 /* 51 vars */) = -1 ENOENT (No such file or directory),
execve,/usr/sbin/gzip," ""-d"""," ""-c"""," ""sample.txt""]", 0x55df2f7a5c88 /* 51 vars */) = -1 ENOENT (No such file or directory),
execve,/usr/bin/gzip," ""-d"""," ""-c"""," ""sample.txt""]", 0x55df2f7a5c88 /* 51 vars */) = 0,
brk,NULL)                               = 0x564455f07000,,,,,
arch_prctl,0x3001 /* ARCH_??? */,,,,,
access,/etc/ld.so.preload,,,,,
openat,AT_FDCWD, O_RDONLY|O_CLOEXEC) = 3,,,,
fstat,3, st_size=69600, ...}) = 0,,,
mmap,NULL, PROT_READ, MAP_PRIVATE,3, 0) = 0x7f4e7dd83000,
close,3)                                = 0,,,,,
openat,AT_FDCWD, O_RDONLY|O_CLOEXEC) = 3,,,,
read,3, 832) = 832,,,,
pread64,3,784, 64) = 784,,,
pread64,3,32, 848) = 32,,,
pread64,3,68, 880) = 68,,,
fstat,3, st_size=2029592, ...}) = 0,,,
mmap,NULL, PROT_READ|PROT_WRITE, MAP_PRIVATE|MAP_ANONYMOUS,-1, 0) = 0x7f4e7dd81000,
pread64,3,784, 64) = 784,,,
pread64,3,32, 848) = 32,,,
pread64,3,68, 880) = 68,,,
mmap,NULL, PROT_READ, MAP_PRIVATE|MAP_DENYWRITE,3, 0) = 0x7f4e7db8f000,
mmap,0x7f4e7dbb1000, PROT_READ|PROT_EXEC, MAP_PRIVATE|MAP_FIXED|MAP_DENYWRITE,3, 0x22000) = 0x7f4e7dbb1000,
mmap,0x7f4e7dd29000, PROT_READ, MAP_PRIVATE|MAP_FIXED|MAP_DENYWRITE,3, 0x19a000) = 0x7f4e7dd29000,
mmap,0x7f4e7dd77000, PROT_READ|PROT_WRITE, MAP_PRIVATE|MAP_FIXED|MAP_DENYWRITE,3, 0x1e7000) = 0x7f4e7dd77000,
mmap,0x7f4e7dd7d000, PROT_READ|PROT_WRITE, MAP_PRIVATE|MAP_FIXED|MAP_ANONYMOUS,-1, 0) = 0x7f4e7dd7d000,
close,3)                                = 0,,,,,
mmap,NULL, PROT_READ|PROT_WRITE, MAP_PRIVATE|MAP_ANONYMOUS,-1, 0) = 0x7f4e7db8d000,
arch_prctl,ARCH_SET_FS,,,,,
mprotect,0x7f4e7dd77000, PROT_READ) = 0,,,,
mprotect,0x5644559e7000, PROT_READ) = 0,,,,
mprotect,0x7f4e7ddc1000, PROT_READ) = 0,,,,
munmap,0x7f4e7dd83000,,,,,
rt_sigaction,SIGINT, {sa_handler=SIG_DFL, sa_mask=[], sa_flags=0}, 8) = 0,
rt_sigaction,SIGHUP, {sa_handler=SIG_DFL, sa_mask=[], sa_flags=0}, 8) = 0,
rt_sigaction,SIGPIPE, {sa_handler=SIG_DFL, sa_mask=[], sa_flags=0}, 8) = 0,
rt_sigaction,SIGTERM, {sa_handler=SIG_DFL, sa_mask=[], sa_flags=0}, 8) = 0,
rt_sigaction,SIGXCPU, {sa_handler=SIG_DFL, sa_mask=[], sa_flags=0}, 8) = 0,
rt_sigaction,SIGXFSZ, {sa_handler=SIG_DFL, sa_mask=[], sa_flags=0}, 8) = 0,
rt_sigaction,SIGINT, sa_mask=[HUP INT PIPE TERM XCPU XFSZ], sa_flags=SA_RESTORER, sa_restorer=0x7f4e7dbd2090}, NULL, 8) = 0
rt_sigaction,SIGHUP, sa_mask=[HUP INT PIPE TERM XCPU XFSZ], sa_flags=SA_RESTORER, sa_restorer=0x7f4e7dbd2090}, NULL, 8) = 0
rt_sigaction,SIGPIPE, sa_mask=[HUP INT PIPE TERM XCPU XFSZ], sa_flags=SA_RESTORER, sa_restorer=0x7f4e7dbd2090}, NULL, 8) = 0
rt_sigaction,SIGTERM, sa_mask=[HUP INT PIPE TERM XCPU XFSZ], sa_flags=SA_RESTORER, sa_restorer=0x7f4e7dbd2090}, NULL, 8) = 0
rt_sigaction,SIGXCPU, sa_mask=[HUP INT PIPE TERM XCPU XFSZ], sa_flags=SA_RESTORER, sa_restorer=0x7f4e7dbd2090}, NULL, 8) = 0
rt_sigaction,SIGXFSZ, sa_mask=[HUP INT PIPE TERM XCPU XFSZ], sa_flags=SA_RESTORER, sa_restorer=0x7f4e7dbd2090}, NULL, 8) = 0
openat,AT_FDCWD, O_RDONLY|O_DIRECTORY) = 3,,,,
openat,3, O_RDONLY|O_NOCTTY|O_NONBLOCK) = 4,,,,
fstat,4, st_size=71, ...}) = 0,,,
read,4, 262144) = 71,,,,
read,4, 262073)                     = 0,,,,
write,2, 38) = 38,,,,
close,4)                                = 0,,,,,
close,1)                                = 0,,,,,
exit_group,1)                           = ?,,,,,
+++ exited with 1 +++,,,,,,
