Data,,,,,,
execve,/usr/bin/gzip," ""-c"""," ""sample.txt""]", 0x7ffdd6625340 /* 50 vars */) = 0,,
brk,NULL)                               = 0x55b2174c1000,,,,,
arch_prctl,0x3001 /* ARCH_??? */,,,,,
access,/etc/ld.so.preload,,,,,
openat,AT_FDCWD, O_RDONLY|O_CLOEXEC) = 3,,,,
fstat,3, st_size=69600, ...}) = 0,,,
mmap,NULL, PROT_READ, MAP_PRIVATE,3, 0) = 0x7f5f51552000,
close,3)                                = 0,,,,,
openat,AT_FDCWD, O_RDONLY|O_CLOEXEC) = 3,,,,
read,3, 832) = 832,,,,
pread64,3,784, 64) = 784,,,
pread64,3,32, 848) = 32,,,
pread64,3,68, 880) = 68,,,
fstat,3, st_size=2029592, ...}) = 0,,,
mmap,NULL, PROT_READ|PROT_WRITE, MAP_PRIVATE|MAP_ANONYMOUS,-1, 0) = 0x7f5f51550000,
pread64,3,784, 64) = 784,,,
pread64,3,32, 848) = 32,,,
pread64,3,68, 880) = 68,,,
mmap,NULL, PROT_READ, MAP_PRIVATE|MAP_DENYWRITE,3, 0) = 0x7f5f5135e000,
mmap,0x7f5f51380000, PROT_READ|PROT_EXEC, MAP_PRIVATE|MAP_FIXED|MAP_DENYWRITE,3, 0x22000) = 0x7f5f51380000,
mmap,0x7f5f514f8000, PROT_READ, MAP_PRIVATE|MAP_FIXED|MAP_DENYWRITE,3, 0x19a000) = 0x7f5f514f8000,
mmap,0x7f5f51546000, PROT_READ|PROT_WRITE, MAP_PRIVATE|MAP_FIXED|MAP_DENYWRITE,3, 0x1e7000) = 0x7f5f51546000,
mmap,0x7f5f5154c000, PROT_READ|PROT_WRITE, MAP_PRIVATE|MAP_FIXED|MAP_ANONYMOUS,-1, 0) = 0x7f5f5154c000,
close,3)                                = 0,,,,,
mmap,NULL, PROT_READ|PROT_WRITE, MAP_PRIVATE|MAP_ANONYMOUS,-1, 0) = 0x7f5f5135c000,
arch_prctl,ARCH_SET_FS,,,,,
mprotect,0x7f5f51546000, PROT_READ) = 0,,,,
mprotect,0x55b217287000, PROT_READ) = 0,,,,
mprotect,0x7f5f51590000, PROT_READ) = 0,,,,
munmap,0x7f5f51552000,,,,,
rt_sigaction,SIGINT, {sa_handler=SIG_DFL, sa_mask=[], sa_flags=0}, 8) = 0,
rt_sigaction,SIGHUP, {sa_handler=SIG_DFL, sa_mask=[], sa_flags=0}, 8) = 0,
rt_sigaction,SIGPIPE, {sa_handler=SIG_DFL, sa_mask=[], sa_flags=0}, 8) = 0,
rt_sigaction,SIGTERM, {sa_handler=SIG_DFL, sa_mask=[], sa_flags=0}, 8) = 0,
rt_sigaction,SIGXCPU, {sa_handler=SIG_DFL, sa_mask=[], sa_flags=0}, 8) = 0,
rt_sigaction,SIGXFSZ, {sa_handler=SIG_DFL, sa_mask=[], sa_flags=0}, 8) = 0,
rt_sigaction,SIGINT, sa_mask=[HUP INT PIPE TERM XCPU XFSZ], sa_flags=SA_RESTORER, sa_restorer=0x7f5f513a1090}, NULL, 8) = 0
rt_sigaction,SIGHUP, sa_mask=[HUP INT PIPE TERM XCPU XFSZ], sa_flags=SA_RESTORER, sa_restorer=0x7f5f513a1090}, NULL, 8) = 0
rt_sigaction,SIGPIPE, sa_mask=[HUP INT PIPE TERM XCPU XFSZ], sa_flags=SA_RESTORER, sa_restorer=0x7f5f513a1090}, NULL, 8) = 0
rt_sigaction,SIGTERM, sa_mask=[HUP INT PIPE TERM XCPU XFSZ], sa_flags=SA_RESTORER, sa_restorer=0x7f5f513a1090}, NULL, 8) = 0
rt_sigaction,SIGXCPU, sa_mask=[HUP INT PIPE TERM XCPU XFSZ], sa_flags=SA_RESTORER, sa_restorer=0x7f5f513a1090}, NULL, 8) = 0
rt_sigaction,SIGXFSZ, sa_mask=[HUP INT PIPE TERM XCPU XFSZ], sa_flags=SA_RESTORER, sa_restorer=0x7f5f513a1090}, NULL, 8) = 0
openat,AT_FDCWD, O_RDONLY|O_DIRECTORY) = 3,,,,
openat,3, O_RDONLY|O_NOCTTY|O_NONBLOCK) = 4,,,,
fstat,4, st_size=71, ...}) = 0,,,
read,4, 65536) = 71,,,,
read,4, 65465)                      = 0,,,,
write,1, 90) = 90,,,,
close,4)                                = 0,,,,,
close,1)                                = 0,,,,,
exit_group,0)                           = ?,,,,,
+++ exited with 0 +++,,,,,,
