Data,,,,,,,,,,,,
execve,/usr/sbin/halt," ""-p""]", 0x7fff0a5f67f8 /* 50 vars */) = 0,,,,,,,,,
brk,NULL)                               = 0x556118453000,,,,,,,,,,,
arch_prctl,0x3001 /* ARCH_??? */,,,,,,,,,,,
access,/etc/ld.so.preload,,,,,,,,,,,
openat,AT_FDCWD, O_RDONLY|O_CLOEXEC) = -1 ENOENT (No such file or directory),,,,,,,,,,
stat,/lib/systemd/tls/x86_64/x86_64,,,,,,,,,,,
openat,AT_FDCWD, O_RDONLY|O_CLOEXEC) = -1 ENOENT (No such file or directory),,,,,,,,,,
stat,/lib/systemd/tls/x86_64,,,,,,,,,,,
openat,AT_FDCWD, O_RDONLY|O_CLOEXEC) = -1 ENOENT (No such file or directory),,,,,,,,,,
stat,/lib/systemd/tls/x86_64,,,,,,,,,,,
openat,AT_FDCWD, O_RDONLY|O_CLOEXEC) = -1 ENOENT (No such file or directory),,,,,,,,,,
stat,/lib/systemd/tls,,,,,,,,,,,
openat,AT_FDCWD, O_RDONLY|O_CLOEXEC) = -1 ENOENT (No such file or directory),,,,,,,,,,
stat,/lib/systemd/x86_64/x86_64,,,,,,,,,,,
openat,AT_FDCWD, O_RDONLY|O_CLOEXEC) = -1 ENOENT (No such file or directory),,,,,,,,,,
stat,/lib/systemd/x86_64,,,,,,,,,,,
openat,AT_FDCWD, O_RDONLY|O_CLOEXEC) = -1 ENOENT (No such file or directory),,,,,,,,,,
stat,/lib/systemd/x86_64,,,,,,,,,,,
openat,AT_FDCWD, O_RDONLY|O_CLOEXEC) = -1 ENOENT (No such file or directory),,,,,,,,,,
stat,/lib/systemd, st_size=12288, ...}) = 0,,,,,,,,,
openat,AT_FDCWD, O_RDONLY|O_CLOEXEC) = 3,,,,,,,,,,
fstat,3, st_size=69600, ...}) = 0,,,,,,,,,
mmap,NULL, PROT_READ, MAP_PRIVATE,3, 0) = 0x7fb87a2db000,,,,,,,
close,3)                                = 0,,,,,,,,,,,
openat,AT_FDCWD, O_RDONLY|O_CLOEXEC) = 3,,,,,,,,,,
read,3, 832) = 832,,,,,,,,,,
pread64,3,784, 64) = 784,,,,,,,,,
pread64,3,32, 848) = 32,,,,,,,,,
pread64,3,68, 880) = 68,,,,,,,,,
fstat,3, st_size=2029592, ...}) = 0,,,,,,,,,
mmap,NULL, PROT_READ|PROT_WRITE, MAP_PRIVATE|MAP_ANONYMOUS,-1, 0) = 0x7fb87a2d9000,,,,,,,
pread64,3,784, 64) = 784,,,,,,,,,
pread64,3,32, 848) = 32,,,,,,,,,
pread64,3,68, 880) = 68,,,,,,,,,
mmap,NULL, PROT_READ, MAP_PRIVATE|MAP_DENYWRITE,3, 0) = 0x7fb87a0e7000,,,,,,,
mmap,0x7fb87a109000, PROT_READ|PROT_EXEC, MAP_PRIVATE|MAP_FIXED|MAP_DENYWRITE,3, 0x22000) = 0x7fb87a109000,,,,,,,
mmap,0x7fb87a281000, PROT_READ, MAP_PRIVATE|MAP_FIXED|MAP_DENYWRITE,3, 0x19a000) = 0x7fb87a281000,,,,,,,
mmap,0x7fb87a2cf000, PROT_READ|PROT_WRITE, MAP_PRIVATE|MAP_FIXED|MAP_DENYWRITE,3, 0x1e7000) = 0x7fb87a2cf000,,,,,,,
mmap,0x7fb87a2d5000, PROT_READ|PROT_WRITE, MAP_PRIVATE|MAP_FIXED|MAP_ANONYMOUS,-1, 0) = 0x7fb87a2d5000,,,,,,,
close,3)                                = 0,,,,,,,,,,,
openat,AT_FDCWD, O_RDONLY|O_CLOEXEC) = -1 ENOENT (No such file or directory),,,,,,,,,,
openat,AT_FDCWD, O_RDONLY|O_CLOEXEC) = 3,,,,,,,,,,
read,3, 832) = 832,,,,,,,,,,
fstat,3, st_size=163200, ...}) = 0,,,,,,,,,
mmap,NULL, PROT_READ, MAP_PRIVATE|MAP_DENYWRITE,3, 0) = 0x7fb87a0bc000,,,,,,,
mprotect,0x7fb87a0c2000, PROT_NONE) = 0,,,,,,,,,,
mmap,0x7fb87a0c2000, PROT_READ|PROT_EXEC, MAP_PRIVATE|MAP_FIXED|MAP_DENYWRITE,3, 0x6000) = 0x7fb87a0c2000,,,,,,,
mmap,0x7fb87a0db000, PROT_READ, MAP_PRIVATE|MAP_FIXED|MAP_DENYWRITE,3, 0x1f000) = 0x7fb87a0db000,,,,,,,
mmap,0x7fb87a0e3000, PROT_READ|PROT_WRITE, MAP_PRIVATE|MAP_FIXED|MAP_DENYWRITE,3, 0x26000) = 0x7fb87a0e3000,,,,,,,
mmap,0x7fb87a0e5000, PROT_READ|PROT_WRITE, MAP_PRIVATE|MAP_FIXED|MAP_ANONYMOUS,-1, 0) = 0x7fb87a0e5000,,,,,,,
close,3)                                = 0,,,,,,,,,,,
openat,AT_FDCWD, O_RDONLY|O_CLOEXEC) = -1 ENOENT (No such file or directory),,,,,,,,,,
openat,AT_FDCWD, O_RDONLY|O_CLOEXEC) = 3,,,,,,,,,,
read,3, 832) = 832,,,,,,,,,,
fstat,3, st_size=162264, ...}) = 0,,,,,,,,,
mmap,NULL, PROT_READ, MAP_PRIVATE|MAP_DENYWRITE,3, 0) = 0x7fb87a093000,,,,,,,
mprotect,0x7fb87a096000, PROT_NONE) = 0,,,,,,,,,,
mmap,0x7fb87a096000, PROT_READ|PROT_EXEC, MAP_PRIVATE|MAP_FIXED|MAP_DENYWRITE,3, 0x3000) = 0x7fb87a096000,,,,,,,
mmap,0x7fb87a0ae000, PROT_READ, MAP_PRIVATE|MAP_FIXED|MAP_DENYWRITE,3, 0x1b000) = 0x7fb87a0ae000,,,,,,,
mmap,0x7fb87a0ba000, PROT_READ|PROT_WRITE, MAP_PRIVATE|MAP_FIXED|MAP_DENYWRITE,3, 0x26000) = 0x7fb87a0ba000,,,,,,,
close,3)                                = 0,,,,,,,,,,,
openat,AT_FDCWD, O_RDONLY|O_CLOEXEC) = -1 ENOENT (No such file or directory),,,,,,,,,,
openat,AT_FDCWD, O_RDONLY|O_CLOEXEC) = 3,,,,,,,,,,
read,3, 832) = 832,,,,,,,,,,
fstat,3, st_size=129248, ...}) = 0,,,,,,,,,
mmap,NULL, PROT_READ, MAP_PRIVATE|MAP_DENYWRITE,3, 0) = 0x7fb87a072000,,,,,,,
mmap,0x7fb87a074000, PROT_READ|PROT_EXEC, MAP_PRIVATE|MAP_FIXED|MAP_DENYWRITE,3, 0x2000) = 0x7fb87a074000,,,,,,,
mmap,0x7fb87a08e000, PROT_READ, MAP_PRIVATE|MAP_FIXED|MAP_DENYWRITE,3, 0x1c000) = 0x7fb87a08e000,,,,,,,
mmap,0x7fb87a091000, PROT_READ|PROT_WRITE, MAP_PRIVATE|MAP_FIXED|MAP_DENYWRITE,3, 0x1e000) = 0x7fb87a091000,,,,,,,
close,3)                                = 0,,,,,,,,,,,
openat,AT_FDCWD, O_RDONLY|O_CLOEXEC) = -1 ENOENT (No such file or directory),,,,,,,,,,
openat,AT_FDCWD, O_RDONLY|O_CLOEXEC) = 3,,,,,,,,,,
read,3, 832) = 832,,,,,,,,,,
fstat,3, st_size=351352, ...}) = 0,,,,,,,,,
mmap,NULL, PROT_READ, MAP_PRIVATE|MAP_DENYWRITE,3, 0) = 0x7fb87a01b000,,,,,,,
mprotect,0x7fb87a025000, PROT_NONE) = 0,,,,,,,,,,
mmap,0x7fb87a025000, PROT_READ|PROT_EXEC, MAP_PRIVATE|MAP_FIXED|MAP_DENYWRITE,3, 0xa000) = 0x7fb87a025000,,,,,,,
mmap,0x7fb87a05b000, PROT_READ, MAP_PRIVATE|MAP_FIXED|MAP_DENYWRITE,3, 0x40000) = 0x7fb87a05b000,,,,,,,
mmap,0x7fb87a06c000, PROT_READ|PROT_WRITE, MAP_PRIVATE|MAP_FIXED|MAP_DENYWRITE,3, 0x50000) = 0x7fb87a06c000,,,,,,,
close,3)                                = 0,,,,,,,,,,,
openat,AT_FDCWD, O_RDONLY|O_CLOEXEC) = -1 ENOENT (No such file or directory),,,,,,,,,,
openat,AT_FDCWD, O_RDONLY|O_CLOEXEC) = 3,,,,,,,,,,
read,3, 832) = 832,,,,,,,,,,
fstat,3, st_size=1168056, ...}) = 0,,,,,,,,,
mmap,NULL, PROT_READ, MAP_PRIVATE|MAP_DENYWRITE,3, 0) = 0x7fb879efd000,,,,,,,
mmap,0x7fb879f09000, PROT_READ|PROT_EXEC, MAP_PRIVATE|MAP_FIXED|MAP_DENYWRITE,3, 0xc000) = 0x7fb879f09000,,,,,,,
mmap,0x7fb879fd7000, PROT_READ, MAP_PRIVATE|MAP_FIXED|MAP_DENYWRITE,3, 0xda000) = 0x7fb879fd7000,,,,,,,
mmap,0x7fb87a014000, PROT_READ|PROT_WRITE, MAP_PRIVATE|MAP_FIXED|MAP_DENYWRITE,3, 0x116000) = 0x7fb87a014000,,,,,,,
close,3)                                = 0,,,,,,,,,,,
openat,AT_FDCWD, O_RDONLY|O_CLOEXEC) = -1 ENOENT (No such file or directory),,,,,,,,,,
openat,AT_FDCWD, O_RDONLY|O_CLOEXEC) = 3,,,,,,,,,,
read,3, 832) = 832,,,,,,,,,,
pread64,3,68, 824) = 68,,,,,,,,,
fstat,3, st_size=157224, ...}) = 0,,,,,,,,,
mmap,NULL, PROT_READ|PROT_WRITE, MAP_PRIVATE|MAP_ANONYMOUS,-1, 0) = 0x7fb879efb000,,,,,,,
pread64,3,68, 824) = 68,,,,,,,,,
mmap,NULL, PROT_READ, MAP_PRIVATE|MAP_DENYWRITE,3, 0) = 0x7fb879ed8000,,,,,,,
mmap,0x7fb879ede000, PROT_READ|PROT_EXEC, MAP_PRIVATE|MAP_FIXED|MAP_DENYWRITE,3, 0x6000) = 0x7fb879ede000,,,,,,,
mmap,0x7fb879eef000, PROT_READ, MAP_PRIVATE|MAP_FIXED|MAP_DENYWRITE,3, 0x17000) = 0x7fb879eef000,,,,,,,
mmap,0x7fb879ef5000, PROT_READ|PROT_WRITE, MAP_PRIVATE|MAP_FIXED|MAP_DENYWRITE,3, 0x1c000) = 0x7fb879ef5000,,,,,,,
mmap,0x7fb879ef7000, PROT_READ|PROT_WRITE, MAP_PRIVATE|MAP_FIXED|MAP_ANONYMOUS,-1, 0) = 0x7fb879ef7000,,,,,,,
close,3)                                = 0,,,,,,,,,,,
openat,AT_FDCWD, O_RDONLY|O_CLOEXEC) = 3,,,,,,,,,,
read,3, 832) = 832,,,,,,,,,,
fstat,3, st_size=588488, ...}) = 0,,,,,,,,,
mmap,NULL, PROT_READ, MAP_PRIVATE|MAP_DENYWRITE,3, 0) = 0x7fb879e47000,,,,,,,
mmap,0x7fb879e49000, PROT_READ|PROT_EXEC, MAP_PRIVATE|MAP_FIXED|MAP_DENYWRITE,3, 0x2000) = 0x7fb879e49000,,,,,,,
mmap,0x7fb879eae000, PROT_READ, MAP_PRIVATE|MAP_FIXED|MAP_DENYWRITE,3, 0x67000) = 0x7fb879eae000,,,,,,,
mmap,0x7fb879ed6000, PROT_READ|PROT_WRITE, MAP_PRIVATE|MAP_FIXED|MAP_DENYWRITE,3, 0x8e000) = 0x7fb879ed6000,,,,,,,
close,3)                                = 0,,,,,,,,,,,
openat,AT_FDCWD, O_RDONLY|O_CLOEXEC) = 3,,,,,,,,,,
read,3, 832) = 832,,,,,,,,,,
fstat,3, st_size=18848, ...}) = 0,,,,,,,,,
mmap,NULL, PROT_READ, MAP_PRIVATE|MAP_DENYWRITE,3, 0) = 0x7fb879e41000,,,,,,,
mmap,0x7fb879e42000, PROT_READ|PROT_EXEC, MAP_PRIVATE|MAP_FIXED|MAP_DENYWRITE,3, 0x1000) = 0x7fb879e42000,,,,,,,
mmap,0x7fb879e44000, PROT_READ, MAP_PRIVATE|MAP_FIXED|MAP_DENYWRITE,3, 0x3000) = 0x7fb879e44000,,,,,,,
mmap,0x7fb879e45000, PROT_READ|PROT_WRITE, MAP_PRIVATE|MAP_FIXED|MAP_DENYWRITE,3, 0x3000) = 0x7fb879e45000,,,,,,,
close,3)                                = 0,,,,,,,,,,,
openat,AT_FDCWD, O_RDONLY|O_CLOEXEC) = 3,,,,,,,,,,
read,3, 832) = 832,,,,,,,,,,
fstat,3, st_size=137584, ...}) = 0,,,,,,,,,
mmap,NULL, PROT_READ, MAP_PRIVATE|MAP_DENYWRITE,3, 0) = 0x7fb879e1e000,,,,,,,
mmap,0x7fb879e22000, PROT_READ|PROT_EXEC, MAP_PRIVATE|MAP_FIXED|MAP_DENYWRITE,3, 0x4000) = 0x7fb879e22000,,,,,,,
mmap,0x7fb879e35000, PROT_READ, MAP_PRIVATE|MAP_FIXED|MAP_DENYWRITE,3, 0x17000) = 0x7fb879e35000,,,,,,,
mmap,0x7fb879e3f000, PROT_READ|PROT_WRITE, MAP_PRIVATE|MAP_FIXED|MAP_DENYWRITE,3, 0x20000) = 0x7fb879e3f000,,,,,,,
close,3)                                = 0,,,,,,,,,,,
mmap,NULL, PROT_READ|PROT_WRITE, MAP_PRIVATE|MAP_ANONYMOUS,-1, 0) = 0x7fb879e1c000,,,,,,,
mmap,NULL, PROT_READ|PROT_WRITE, MAP_PRIVATE|MAP_ANONYMOUS,-1, 0) = 0x7fb879e1a000,,,,,,,
arch_prctl,ARCH_SET_FS,,,,,,,,,,,
mprotect,0x7fb87a2cf000, PROT_READ) = 0,,,,,,,,,,
mprotect,0x7fb879e3f000, PROT_READ) = 0,,,,,,,,,,
mprotect,0x7fb879e45000, PROT_READ) = 0,,,,,,,,,,
mprotect,0x7fb879ef5000, PROT_READ) = 0,,,,,,,,,,
mprotect,0x7fb879ed6000, PROT_READ) = 0,,,,,,,,,,
mprotect,0x7fb87a014000, PROT_READ) = 0,,,,,,,,,,
mprotect,0x7fb87a06c000, PROT_READ) = 0,,,,,,,,,,
mprotect,0x7fb87a091000, PROT_READ) = 0,,,,,,,,,,
mprotect,0x7fb87a0ba000, PROT_READ) = 0,,,,,,,,,,
mprotect,0x7fb87a0e3000, PROT_READ) = 0,,,,,,,,,,
mprotect,0x556116b4e000, PROT_READ) = 0,,,,,,,,,,
mprotect,0x7fb87a319000, PROT_READ) = 0,,,,,,,,,,
munmap,0x7fb87a2db000,,,,,,,,,,,
set_tid_address,0x7fb879e1d8d0)         = 4254,,,,,,,,,,,
set_robust_list,0x7fb879e1d8e0,,,,,,,,,,,
rt_sigaction,SIGRTMIN, sa_mask=[], sa_flags=SA_RESTORER|SA_SIGINFO, sa_restorer=0x7fb879eec420}, NULL, 8) = 0,,,,,,
rt_sigaction,SIGRT_1, sa_mask=[], sa_flags=SA_RESTORER|SA_RESTART|SA_SIGINFO, sa_restorer=0x7fb879eec420}, NULL, 8) = 0,,,,,,
rt_sigprocmask,SIG_UNBLOCK, NULL, 8) = 0,,,,,,,,,
prlimit64,0, NULL, {rlim_cur=8192*1024, rlim_max=RLIM64_INFINITY}) = 0,,,,,,,,
brk,NULL)                               = 0x556118453000,,,,,,,,,,,
brk,0x556118474000)                     = 0x556118474000,,,,,,,,,,,
statfs,/sys/fs/selinux,,,,,,,,,,,
statfs,/selinux,,,,,,,,,,,
openat,AT_FDCWD, O_RDONLY|O_CLOEXEC) = 3,,,,,,,,,,
fstat,3, st_size=0, ...}) = 0,,,,,,,,,
read,3, 1024) = 387,,,,,,,,,,
read,3, 1024)                       = 0,,,,,,,,,,
close,3)                                = 0,,,,,,,,,,,
access,/etc/selinux/config,,,,,,,,,,,
openat,AT_FDCWD, O_RDONLY|O_CLOEXEC) = 3,,,,,,,,,,
fstat,3, st_size=5699248, ...}) = 0,,,,,,,,,
mmap,NULL, PROT_READ, MAP_PRIVATE,3, 0) = 0x7fb8798aa000,,,,,,,
close,3)                                = 0,,,,,,,,,,,
getpid,)                                = 4254,,,,,,,,,,,
openat,AT_FDCWD, O_RDONLY|O_CLOEXEC) = 3,,,,,,,,,,
fstat,3, st_size=0, ...}) = 0,,,,,,,,,
read,3, 1024) = 306,,,,,,,,,,
ioctl,3, 0x7ffe5544d0c0)        = -1 ENOTTY (Inappropriate ioctl for device),,,,,,,,,,
read,3, 1024)                       = 0,,,,,,,,,,
close,3)                                = 0,,,,,,,,,,,
prlimit64,0, {rlim_cur=512*1024, rlim_max=512*1024}, NULL) = 0,,,,,,,,
rt_sigaction,SIGBUS, sa_mask=[], sa_flags=SA_RESTORER|SA_SIGINFO, sa_restorer=0x7fb87a12a090}, {sa_handler=SIG_DFL, sa_mask=[], sa_flags=0}, 8) = 0,,,,
ioctl,1, {B38400 opost isig icanon echo ...}) = 0,,,,,,,,,,
access,/var/run/utmpx,,,,,,,,,,,
openat,AT_FDCWD, O_RDONLY|O_CLOEXEC) = 3,,,,,,,,,,
lseek,3, SEEK_SET)                   = 0,,,,,,,,,,
alarm,0)                                = 0,,,,,,,,,,,
rt_sigaction,SIGALRM, sa_mask=[], sa_flags=SA_RESTORER, sa_restorer=0x7fb87a12a090}, {sa_handler=SIG_DFL, sa_mask=[], sa_flags=0}, 8) = 0,,,,
alarm,10)                               = 0,,,,,,,,,,,
fcntl,3, {l_type=F_RDLCK, l_whence=SEEK_SET, l_start=0, l_len=0}) = 0,,,,,,,
alarm,0)                                = 10,,,,,,,,,,,
rt_sigaction,SIGALRM, sa_mask=[], sa_flags=SA_RESTORER, sa_restorer=0x7fb87a12a090}, NULL, 8) = 0,,,,,,
pread64,3,384, 0) = 384,,,,,,,,,
pread64,3,384, 384) = 384,,,,,,,,,
fcntl,3, {l_type=F_UNLCK, l_whence=SEEK_SET, l_start=0, l_len=0}) = 0,,,,,,,
close,3)                                = 0,,,,,,,,,,,
newfstatat,AT_FDCWD, 0x7ffe5544d1a0, 0) = -1 EACCES (Permission denied),,,,,,,,,
geteuid,)                               = 1000,,,,,,,,,,,
ioctl,1, {B38400 opost isig icanon echo ...}) = 0,,,,,,,,,,
ioctl,2, {B38400 opost isig icanon echo ...}) = 0,,,,,,,,,,
newfstatat,AT_FDCWD, {st_mode=S_IFDIR|0755, st_size=80, ...}, AT_SYMLINK_NOFOLLOW) = 0,,,,,,,
socket,AF_UNIX, 0) = 3,,,,,,,,,,
getsockopt,3, SO_RCVBUF, [212992], [4]) = 0,,,,,,,,
setsockopt,3, SO_RCVBUF, [8388608], 4) = 0,,,,,,,,
getsockopt,3, SO_SNDBUF, [212992], [4]) = 0,,,,,,,,
setsockopt,3, SO_SNDBUF, [8388608], 4) = 0,,,,,,,,
connect,3," sun_path=""/run/dbus/system_bus_socket""}", 30) = 0,,,,,,,,,
getsockopt,3, SO_PEERCRED, {pid=1, uid=0, gid=0}, [12]) = 0,,,,,,
getsockopt,3, SO_PEERSEC," ""unconfined""", [64->10]) = 0,,,,,,,,
getsockopt,3, SO_PEERGROUPS, 0x556118455520, [256->0]) = 0,,,,,,,,
fstat,3, st_size=0, ...}) = 0,,,,,,,,,
getsockopt,3, SO_ACCEPTCONN, [0], [4]) = 0,,,,,,,,
getsockname,3, [128->2]) = 0,,,,,,,,,,
sendmsg,3, msg_namelen=0," msg_iov=[{iov_base=""\0AUTH EXTERNAL\r\nDATA\r\n""", iov_len=22}," {iov_base=""NEGOTIATE_UNIX_FD\r\n""", iov_len=19}," {iov_base=""BEGIN\r\n""", iov_len=7}], msg_iovlen=3, msg_controllen=0, msg_flags=0}, MSG_DONTWAIT|MSG_NOSIGNAL) = 48
gettid,)                                = 4254,,,,,,,,,,,
futex,0x556116b57ec0, 2147483647) = 0,,,,,,,,,,
gettid,)                                = 4254,,,,,,,,,,,
recvmsg,3, msg_namelen=0," msg_iov=[{iov_base=""DATA\r\nOK ab666a73aa7520c2e2d4dc9""...", iov_len=256}], msg_iovlen=1, msg_controllen=0, msg_flags=MSG_CMSG_CLOEXEC}, MSG_DONTWAIT|MSG_CMSG_CLOEXEC) = 58,,,,
sendmsg,3, msg_namelen=0," msg_iov=[{iov_base=""l\1\0\1\0\0\0\0\1\0\0\0m\0\0\0\1\1o\0\25\0\0\0/org/fre""...", iov_len=128}], msg_iovlen=1, msg_controllen=0, msg_flags=0}, MSG_DONTWAIT|MSG_NOSIGNAL) = 128,,,,
recvmsg,3, MSG_DONTWAIT|MSG_CMSG_CLOEXEC) = -1 EAGAIN (Resource temporarily unavailable),,,,,,,,,,
ppoll,[{fd=3,1, {tv_sec=24, tv_nsec=999568000}, NULL, 8) = 1 ([{fd=3, revents=POLLIN}], left {tv_sec=24, tv_nsec=998184047}),,,
recvmsg,3, msg_namelen=0," msg_iov=[{iov_base=""l\2\1\1\v\0\0\0\1\0\0\0=\0\0\0\6\1s\0\6\0\0\0""", iov_len=24}], msg_iovlen=1, msg_controllen=0, msg_flags=MSG_CMSG_CLOEXEC}, MSG_DONTWAIT|MSG_CMSG_CLOEXEC) = 24,,,,
recvmsg,3, msg_namelen=0," msg_iov=[{iov_base="":1.184\0\0\5\1u\0\1\0\0\0\10\1g\0\1s\0\0\7\1s\0\24\0\0\0""...", iov_len=67}], msg_iovlen=1, msg_controllen=0, msg_flags=MSG_CMSG_CLOEXEC}, MSG_DONTWAIT|MSG_CMSG_CLOEXEC) = 67,,,,
sendmsg,3, msg_namelen=0," msg_iov=[{iov_base=""l\1\0\1\0\0\0\0\2\0\0\0\177\0\0\0\1\1o\0\27\0\0\0/org/fre""...", iov_len=144}], msg_iovlen=1, msg_controllen=0, msg_flags=0}, MSG_DONTWAIT|MSG_NOSIGNAL) = 144,,,,
recvmsg,3, msg_namelen=0," msg_iov=[{iov_base=""l\4\1\1\v\0\0\0\2\0\0\0\215\0\0\0\1\1o\0\25\0\0\0""", iov_len=24}], msg_iovlen=1, msg_controllen=0, msg_flags=MSG_CMSG_CLOEXEC}, MSG_DONTWAIT|MSG_CMSG_CLOEXEC) = 24,,,,
recvmsg,3, msg_namelen=0," msg_iov=[{iov_base=""/org/freedesktop/DBus\0\0\0\2\1s\0\24\0\0\0""...", iov_len=147}], msg_iovlen=1, msg_controllen=0, msg_flags=MSG_CMSG_CLOEXEC}, MSG_DONTWAIT|MSG_CMSG_CLOEXEC) = 147,,,,
recvmsg,3, MSG_DONTWAIT|MSG_CMSG_CLOEXEC) = -1 EAGAIN (Resource temporarily unavailable),,,,,,,,,,
ppoll,[{fd=3,1, {tv_sec=24, tv_nsec=999542000}, NULL, 8) = 1 ([{fd=3, revents=POLLIN}], left {tv_sec=24, tv_nsec=997989075}),,,
recvmsg,3, msg_namelen=0," msg_iov=[{iov_base=""l\2\1\1\30\3\0\0\371\0\0\0006\0\0\0\5\1u\0\2\0\0\0""", iov_len=24}], msg_iovlen=1, msg_controllen=0, msg_flags=MSG_CMSG_CLOEXEC}, MSG_DONTWAIT|MSG_CMSG_CLOEXEC) = 24,,,,
recvmsg,3, msg_namelen=0," msg_iov=[{iov_base=""\6\1s\0\6\0\0\0:1.184\0\0\10\1g\0\ta(ssssuu)\0\0""...", iov_len=840}], msg_iovlen=1, msg_controllen=0, msg_flags=MSG_CMSG_CLOEXEC}, MSG_DONTWAIT|MSG_CMSG_CLOEXEC) = 840,,,,
openat,AT_FDCWD, O_RDONLY|O_NONBLOCK|O_CLOEXEC|O_DIRECTORY) = 4,,,,,,,,,,
fstat,4, st_size=80, ...}) = 0,,,,,,,,,
getdents64,4, 32768)   = 104,,,,,,,,,,
getdents64,4, 32768)   = 0,,,,,,,,,,
close,4)                                = 0,,,,,,,,,,,
openat,AT_FDCWD, O_RDONLY|O_CLOEXEC) = 4,,,,,,,,,,
fstat,4, st_size=388, ...}) = 0,,,,,,,,,
fstat,4, st_size=388, ...}) = 0,,,,,,,,,
read,4, 4096) = 388,,,,,,,,,,
read,4, 4096)                       = 0,,,,,,,,,,
close,4)                                = 0,,,,,,,,,,,
getuid,)                                = 1000,,,,,,,,,,,
geteuid,)                               = 1000,,,,,,,,,,,
sendmsg,3, msg_namelen=0," msg_iov=[{iov_base=""l\1\0\1\f\0\0\0\3\0\0\0\210\0\0\0\1\1o\0\27\0\0\0/org/fre""...", iov_len=152}," {iov_base=""\0\0\0\0\0\0\0\0\1\0\0\0""", iov_len=12}], msg_iovlen=2, msg_controllen=0, msg_flags=0}, MSG_DONTWAIT|MSG_NOSIGNAL) = 164,,
recvmsg,3, MSG_DONTWAIT|MSG_CMSG_CLOEXEC) = -1 EAGAIN (Resource temporarily unavailable),,,,,,,,,,
ppoll,[{fd=3,1, {tv_sec=24, tv_nsec=999855000}, NULL, 8) = 1 ([{fd=3, revents=POLLIN}], left {tv_sec=24, tv_nsec=956607107}),,,
recvmsg,3, msg_namelen=0," msg_iov=[{iov_base=""l\2\1\1\0\0\0\0\374\0\0\0&\0\0\0\5\1u\0\3\0\0\0""", iov_len=24}], msg_iovlen=1, msg_controllen=0, msg_flags=MSG_CMSG_CLOEXEC}, MSG_DONTWAIT|MSG_CMSG_CLOEXEC) = 24,,,,
recvmsg,3, msg_namelen=0," msg_iov=[{iov_base=""\6\1s\0\6\0\0\0:1.184\0\0\7\1s\0\5\0\0\0:1.18\0\0\0""", iov_len=32}], msg_iovlen=1, msg_controllen=0, msg_flags=MSG_CMSG_CLOEXEC}, MSG_DONTWAIT|MSG_CMSG_CLOEXEC) = 32,,,,
sendmsg,3, msg_namelen=0," msg_iov=[{iov_base=""l\1\0\1\4\0\0\0\4\0\0\0\207\0\0\0\1\1o\0\27\0\0\0/org/fre""...", iov_len=152}," {iov_base=""\0\0\0\0""", iov_len=4}], msg_iovlen=2, msg_controllen=0, msg_flags=0}, MSG_DONTWAIT|MSG_NOSIGNAL) = 156,,
recvmsg,3, MSG_DONTWAIT|MSG_CMSG_CLOEXEC) = -1 EAGAIN (Resource temporarily unavailable),,,,,,,,,,
ppoll,[{fd=3,1, {tv_sec=24, tv_nsec=999625000}, NULL, 8) = 1 ([{fd=3, revents=POLLIN}], left {tv_sec=24, tv_nsec=943609735}),,,
recvmsg,3, msg_namelen=0," msg_iov=[{iov_base=""l\2\1\1\0\0\0\0\3\1\0\0&\0\0\0\5\1u\0\4\0\0\0""", iov_len=24}], msg_iovlen=1, msg_controllen=0, msg_flags=MSG_CMSG_CLOEXEC}, MSG_DONTWAIT|MSG_CMSG_CLOEXEC) = 24,,,,
recvmsg,3, msg_namelen=0," msg_iov=[{iov_base=""\6\1s\0\6\0\0\0:1.184\0\0\7\1s\0\5\0\0\0:1.18\0\0\0""", iov_len=32}], msg_iovlen=1, msg_controllen=0, msg_flags=MSG_CMSG_CLOEXEC}, MSG_DONTWAIT|MSG_CMSG_CLOEXEC) = 32,,,,
close,3)                                = 0,,,,,,,,,,,
exit_group,0)                           = ?,,,,,,,,,,,
+++ exited with 0 +++,,,,,,,,,,,,
