Data,,,,,
execve,/usr/sbin/hdparm," ""-B"""," ""254"""," ""/dev/sda""]", 0x7ffe14591188 /* 50 vars */) = 0
brk,NULL)                               = 0x56220f89c000,,,,
arch_prctl,0x3001 /* ARCH_??? */,,,,
access,/etc/ld.so.preload,,,,
openat,AT_FDCWD, O_RDONLY|O_CLOEXEC) = 3,,,
fstat,3, st_size=69600, ...}) = 0,,
mmap,NULL, PROT_READ, MAP_PRIVATE,3, 0) = 0x7fdccbfeb000
close,3)                                = 0,,,,
openat,AT_FDCWD, O_RDONLY|O_CLOEXEC) = 3,,,
read,3, 832) = 832,,,
pread64,3,784, 64) = 784,,
pread64,3,32, 848) = 32,,
pread64,3,68, 880) = 68,,
fstat,3, st_size=2029592, ...}) = 0,,
mmap,NULL, PROT_READ|PROT_WRITE, MAP_PRIVATE|MAP_ANONYMOUS,-1, 0) = 0x7fdccbfe9000
pread64,3,784, 64) = 784,,
pread64,3,32, 848) = 32,,
pread64,3,68, 880) = 68,,
mmap,NULL, PROT_READ, MAP_PRIVATE|MAP_DENYWRITE,3, 0) = 0x7fdccbdf7000
mmap,0x7fdccbe19000, PROT_READ|PROT_EXEC, MAP_PRIVATE|MAP_FIXED|MAP_DENYWRITE,3, 0x22000) = 0x7fdccbe19000
mmap,0x7fdccbf91000, PROT_READ, MAP_PRIVATE|MAP_FIXED|MAP_DENYWRITE,3, 0x19a000) = 0x7fdccbf91000
mmap,0x7fdccbfdf000, PROT_READ|PROT_WRITE, MAP_PRIVATE|MAP_FIXED|MAP_DENYWRITE,3, 0x1e7000) = 0x7fdccbfdf000
mmap,0x7fdccbfe5000, PROT_READ|PROT_WRITE, MAP_PRIVATE|MAP_FIXED|MAP_ANONYMOUS,-1, 0) = 0x7fdccbfe5000
close,3)                                = 0,,,,
arch_prctl,ARCH_SET_FS,,,,
mprotect,0x7fdccbfdf000, PROT_READ) = 0,,,
mprotect,0x56220d8be000, PROT_READ) = 0,,,
mprotect,0x7fdccc029000, PROT_READ) = 0,,,
munmap,0x7fdccbfeb000,,,,
openat,AT_FDCWD, O_RDONLY|O_NONBLOCK) = -1 EACCES (Permission denied),,,
dup,2)                                  = 3,,,,
fcntl,3,,,,
brk,NULL)                               = 0x56220f89c000,,,,
brk,0x56220f8bd000)                     = 0x56220f8bd000,,,,
fstat,3, st_rdev=makedev(0x88, 0), ...}) = 0,
write,3, 28) = 28,,,
close,3)                                = 0,,,,
exit_group,13)                          = ?,,,,
+++ exited with 13 +++,,,,,
