Data,,,,,
execve,/usr/bin/head," ""-n"""," ""5"""," ""lecture5.pdf""]", 0x7ffc234a7ea8 /* 50 vars */) = 0
brk,NULL)                               = 0x5562a1992000,,,,
arch_prctl,0x3001 /* ARCH_??? */,,,,
access,/etc/ld.so.preload,,,,
openat,AT_FDCWD, O_RDONLY|O_CLOEXEC) = 3,,,
fstat,3, st_size=69600, ...}) = 0,,
mmap,NULL, PROT_READ, MAP_PRIVATE,3, 0) = 0x7f1e1f62d000
close,3)                                = 0,,,,
openat,AT_FDCWD, O_RDONLY|O_CLOEXEC) = 3,,,
read,3, 832) = 832,,,
pread64,3,784, 64) = 784,,
pread64,3,32, 848) = 32,,
pread64,3,68, 880) = 68,,
fstat,3, st_size=2029592, ...}) = 0,,
mmap,NULL, PROT_READ|PROT_WRITE, MAP_PRIVATE|MAP_ANONYMOUS,-1, 0) = 0x7f1e1f62b000
pread64,3,784, 64) = 784,,
pread64,3,32, 848) = 32,,
pread64,3,68, 880) = 68,,
mmap,NULL, PROT_READ, MAP_PRIVATE|MAP_DENYWRITE,3, 0) = 0x7f1e1f439000
mmap,0x7f1e1f45b000, PROT_READ|PROT_EXEC, MAP_PRIVATE|MAP_FIXED|MAP_DENYWRITE,3, 0x22000) = 0x7f1e1f45b000
mmap,0x7f1e1f5d3000, PROT_READ, MAP_PRIVATE|MAP_FIXED|MAP_DENYWRITE,3, 0x19a000) = 0x7f1e1f5d3000
mmap,0x7f1e1f621000, PROT_READ|PROT_WRITE, MAP_PRIVATE|MAP_FIXED|MAP_DENYWRITE,3, 0x1e7000) = 0x7f1e1f621000
mmap,0x7f1e1f627000, PROT_READ|PROT_WRITE, MAP_PRIVATE|MAP_FIXED|MAP_ANONYMOUS,-1, 0) = 0x7f1e1f627000
close,3)                                = 0,,,,
arch_prctl,ARCH_SET_FS,,,,
mprotect,0x7f1e1f621000, PROT_READ) = 0,,,
mprotect,0x5562a104e000, PROT_READ) = 0,,,
mprotect,0x7f1e1f66b000, PROT_READ) = 0,,,
munmap,0x7f1e1f62d000,,,,
openat,AT_FDCWD, O_RDONLY|O_CLOEXEC) = 3,,,
fstat,3, st_size=5699248, ...}) = 0,,
mmap,NULL, PROT_READ, MAP_PRIVATE,3, 0) = 0x7f1e1eec9000
close,3)                                = 0,,,,
brk,NULL)                               = 0x5562a1992000,,,,
brk,0x5562a19b3000)                     = 0x5562a19b3000,,,,
openat,AT_FDCWD, O_RDONLY|O_CLOEXEC) = 3,,,
fstat,3, st_size=2996, ...}) = 0,,
read,3, 4096) = 2996,,,
read,3, 4096)                       = 0,,,
close,3)                                = 0,,,,
openat,AT_FDCWD, O_RDONLY) = -1 ENOENT (No such file or directory),,,
openat,AT_FDCWD, O_RDONLY) = -1 ENOENT (No such file or directory),,,
openat,AT_FDCWD, O_RDONLY) = -1 ENOENT (No such file or directory),,,
openat,AT_FDCWD, O_RDONLY) = 3,,,
fstat,3, st_size=613, ...}) = 0,,
mmap,NULL, PROT_READ, MAP_PRIVATE,3, 0) = 0x7f1e1f66a000
close,3)                                = 0,,,,
openat,AT_FDCWD, O_RDONLY) = 3,,,
read,3, 8192) = 8192,,,
lseek,3, SEEK_CUR)               = 64,,,
fstat,1, st_rdev=makedev(0x88, 0), ...}) = 0,
write,1, 9)               = 9,,,
write,1, 6)      = 6,,,
write,1, 8)                = 8,,,
write,1, 17)      = 17,,,
write,1, 24) = 24,,,
close,3)                                = 0,,,,
close,1)                                = 0,,,,
close,2)                                = 0,,,,
exit_group,0)                           = ?,,,,
+++ exited with 0 +++,,,,,
