Data,,,,,
execve,/usr/bin/hexdump," ""-b"""," ""sample.txt""]", 0x7ffe61bae240 /* 50 vars */) = 0,
brk,NULL)                               = 0x55a3e4f85000,,,,
arch_prctl,0x3001 /* ARCH_??? */,,,,
access,/etc/ld.so.preload,,,,
openat,AT_FDCWD, O_RDONLY|O_CLOEXEC) = 3,,,
fstat,3, st_size=69600, ...}) = 0,,
mmap,NULL, PROT_READ, MAP_PRIVATE,3, 0) = 0x7f14b047b000
close,3)                                = 0,,,,
openat,AT_FDCWD, O_RDONLY|O_CLOEXEC) = 3,,,
read,3, 832) = 832,,,
fstat,3, st_size=96728, ...}) = 0,,
mmap,NULL, PROT_READ|PROT_WRITE, MAP_PRIVATE|MAP_ANONYMOUS,-1, 0) = 0x7f14b0479000
mmap,NULL, PROT_READ, MAP_PRIVATE|MAP_DENYWRITE,3, 0) = 0x7f14b045f000
mprotect,0x7f14b0463000, PROT_NONE) = 0,,,
mmap,0x7f14b0463000, PROT_READ|PROT_EXEC, MAP_PRIVATE|MAP_FIXED|MAP_DENYWRITE,3, 0x4000) = 0x7f14b0463000
mmap,0x7f14b0472000, PROT_READ, MAP_PRIVATE|MAP_FIXED|MAP_DENYWRITE,3, 0x13000) = 0x7f14b0472000
mmap,0x7f14b0476000, PROT_READ|PROT_WRITE, MAP_PRIVATE|MAP_FIXED|MAP_DENYWRITE,3, 0x16000) = 0x7f14b0476000
mmap,0x7f14b0478000, PROT_READ|PROT_WRITE, MAP_PRIVATE|MAP_FIXED|MAP_ANONYMOUS,-1, 0) = 0x7f14b0478000
close,3)                                = 0,,,,
openat,AT_FDCWD, O_RDONLY|O_CLOEXEC) = 3,,,
read,3, 832) = 832,,,
pread64,3,784, 64) = 784,,
pread64,3,32, 848) = 32,,
pread64,3,68, 880) = 68,,
fstat,3, st_size=2029592, ...}) = 0,,
pread64,3,784, 64) = 784,,
pread64,3,32, 848) = 32,,
pread64,3,68, 880) = 68,,
mmap,NULL, PROT_READ, MAP_PRIVATE|MAP_DENYWRITE,3, 0) = 0x7f14b026d000
mmap,0x7f14b028f000, PROT_READ|PROT_EXEC, MAP_PRIVATE|MAP_FIXED|MAP_DENYWRITE,3, 0x22000) = 0x7f14b028f000
mmap,0x7f14b0407000, PROT_READ, MAP_PRIVATE|MAP_FIXED|MAP_DENYWRITE,3, 0x19a000) = 0x7f14b0407000
mmap,0x7f14b0455000, PROT_READ|PROT_WRITE, MAP_PRIVATE|MAP_FIXED|MAP_DENYWRITE,3, 0x1e7000) = 0x7f14b0455000
mmap,0x7f14b045b000, PROT_READ|PROT_WRITE, MAP_PRIVATE|MAP_FIXED|MAP_ANONYMOUS,-1, 0) = 0x7f14b045b000
close,3)                                = 0,,,,
mmap,NULL, PROT_READ|PROT_WRITE, MAP_PRIVATE|MAP_ANONYMOUS,-1, 0) = 0x7f14b026a000
arch_prctl,ARCH_SET_FS,,,,
mprotect,0x7f14b0455000, PROT_READ) = 0,,,
mprotect,0x7f14b0476000, PROT_READ) = 0,,,
mprotect,0x55a3e3e07000, PROT_READ) = 0,,,
mprotect,0x7f14b04b9000, PROT_READ) = 0,,,
munmap,0x7f14b047b000,,,,
openat,AT_FDCWD, O_RDONLY|O_CLOEXEC) = 3,,,
fstat,3, st_size=5699248, ...}) = 0,,
mmap,NULL, PROT_READ, MAP_PRIVATE,3, 0) = 0x7f14afcfa000
close,3)                                = 0,,,,
brk,NULL)                               = 0x55a3e4f85000,,,,
brk,0x55a3e4fa6000)                     = 0x55a3e4fa6000,,,,
openat,AT_FDCWD, O_RDONLY) = 3,,,
dup3,3, 0)                           = 0,,,
close,3)                                = 0,,,,
fstat,0, st_size=71, ...}) = 0,,
read,0, 4096) = 71,,,
fstat,1, st_rdev=makedev(0x88, 0), ...}) = 0,
write,1, 72) = 72,,,
write,1, 72) = 72,,,
write,1, 72) = 72,,,
write,1, 72) = 72,,,
read,0, 4096)                       = 0,,,
write,1, 72) = 72,,,
write,1, 8)                = 8,,,
exit_group,0)                           = ?,,,,
+++ exited with 0 +++,,,,,
