Data,,,,
execve,"/usr/bin/host, [""host"", ""142.250.207.228""], 0x7ffcbd5af508 /* 50 vars */) = 0",,,
brk,NULL)                               = 0x5576d1252000,,,
arch_prctl,"0x3001 /* ARCH_??? */, 0x7fff60eb8d10) = -1 EINVAL ",Invalid argument),,
access,"/etc/ld.so.preload, R_OK)      = -1 ENOENT ",No such file or directory),,
openat,"AT_FDCWD, ""/etc/ld.so.cache"", O_RDONLY|O_CLOEXEC) = 3",,,
fstat,"3, {st_mode=S_IFREG|0644, st_size=69600, ...}) = 0",,,
mmap,"NULL, 69600, PROT_READ, MAP_PRIVATE, 3, 0) = 0x7f8f721ed000",,,
close,3)                                = 0,,,
openat,"AT_FDCWD, ""/lib/x86_64-linux-gnu/libdns.so.1601"", O_RDONLY|O_CLOEXEC) = 3",,,
read,"3, ""\177ELF\2\1\1\0\0\0\0\0\0\0\0\0\3\0>\0\1\0\0\0@\220\2\0\0\0\0\0""..., 832) = 832",,,
fstat,"3, {st_mode=S_IFREG|0644, st_size=2197992, ...}) = 0",,,
mmap,"NULL, 8192, PROT_READ|PROT_WRITE, MAP_PRIVATE|MAP_ANONYMOUS, -1, 0) = 0x7f8f721eb000",,,
mmap,"NULL, 2202880, PROT_READ, MAP_PRIVATE|MAP_DENYWRITE, 3, 0) = 0x7f8f71fd1000",,,
mprotect,"0x7f8f71ff6000, 2019328, PROT_NONE) = 0",,,
mmap,"0x7f8f71ff6000, 1593344, PROT_READ|PROT_EXEC, MAP_PRIVATE|MAP_FIXED|MAP_DENYWRITE, 3, 0x25000) = 0x7f8f71ff6000",,,
mmap,"0x7f8f7217b000, 421888, PROT_READ, MAP_PRIVATE|MAP_FIXED|MAP_DENYWRITE, 3, 0x1aa000) = 0x7f8f7217b000",,,
mmap,"0x7f8f721e3000, 32768, PROT_READ|PROT_WRITE, MAP_PRIVATE|MAP_FIXED|MAP_DENYWRITE, 3, 0x211000) = 0x7f8f721e3000",,,
close,3)                                = 0,,,
openat,"AT_FDCWD, ""/lib/x86_64-linux-gnu/libirs.so.1600"", O_RDONLY|O_CLOEXEC) = 3",,,
read,"3, ""\177ELF\2\1\1\0\0\0\0\0\0\0\0\0\3\0>\0\1\0\0\0\200<\0\0\0\0\0\0""..., 832) = 832",,,
fstat,"3, {st_mode=S_IFREG|0644, st_size=47432, ...}) = 0",,,
mmap,"NULL, 49192, PROT_READ, MAP_PRIVATE|MAP_DENYWRITE, 3, 0) = 0x7f8f71fc4000",,,
mmap,"0x7f8f71fc7000, 24576, PROT_READ|PROT_EXEC, MAP_PRIVATE|MAP_FIXED|MAP_DENYWRITE, 3, 0x3000) = 0x7f8f71fc7000",,,
mmap,"0x7f8f71fcd000, 8192, PROT_READ, MAP_PRIVATE|MAP_FIXED|MAP_DENYWRITE, 3, 0x9000) = 0x7f8f71fcd000",,,
mmap,"0x7f8f71fcf000, 8192, PROT_READ|PROT_WRITE, MAP_PRIVATE|MAP_FIXED|MAP_DENYWRITE, 3, 0xa000) = 0x7f8f71fcf000",,,
close,3)                                = 0,,,
openat,"AT_FDCWD, ""/lib/x86_64-linux-gnu/libbind9.so.1600"", O_RDONLY|O_CLOEXEC) = 3",,,
read,"3, ""\177ELF\2\1\1\0\0\0\0\0\0\0\0\0\3\0>\0\1\0\0\0\240<\0\0\0\0\0\0""..., 832) = 832",,,
fstat,"3, {st_mode=S_IFREG|0644, st_size=80104, ...}) = 0",,,
mmap,"NULL, 81936, PROT_READ, MAP_PRIVATE|MAP_DENYWRITE, 3, 0) = 0x7f8f71faf000",,,
mmap,"0x7f8f71fb2000, 49152, PROT_READ|PROT_EXEC, MAP_PRIVATE|MAP_FIXED|MAP_DENYWRITE, 3, 0x3000) = 0x7f8f71fb2000",,,
mmap,"0x7f8f71fbe000, 16384, PROT_READ, MAP_PRIVATE|MAP_FIXED|MAP_DENYWRITE, 3, 0xf000) = 0x7f8f71fbe000",,,
mmap,"0x7f8f71fc2000, 8192, PROT_READ|PROT_WRITE, MAP_PRIVATE|MAP_FIXED|MAP_DENYWRITE, 3, 0x12000) = 0x7f8f71fc2000",,,
close,3)                                = 0,,,
openat,"AT_FDCWD, ""/lib/x86_64-linux-gnu/libisccfg.so.1600"", O_RDONLY|O_CLOEXEC) = 3",,,
read,"3, ""\177ELF\2\1\1\0\0\0\0\0\0\0\0\0\3\0>\0\1\0\0\0\240K\1\0\0\0\0\0""..., 832) = 832",,,
fstat,"3, {st_mode=S_IFREG|0644, st_size=210528, ...}) = 0",,,
mmap,"NULL, 218632, PROT_READ, MAP_PRIVATE|MAP_DENYWRITE, 3, 0) = 0x7f8f71f79000",,,
mmap,"0x7f8f71f8d000, 61440, PROT_READ|PROT_EXEC, MAP_PRIVATE|MAP_FIXED|MAP_DENYWRITE, 3, 0x14000) = 0x7f8f71f8d000",,,
mmap,"0x7f8f71f9c000, 32768, PROT_READ, MAP_PRIVATE|MAP_FIXED|MAP_DENYWRITE, 3, 0x23000) = 0x7f8f71f9c000",,,
mmap,"0x7f8f71fa4000, 36864, PROT_READ|PROT_WRITE, MAP_PRIVATE|MAP_FIXED|MAP_DENYWRITE, 3, 0x2a000) = 0x7f8f71fa4000",,,
mmap,"0x7f8f71fad000, 5640, PROT_READ|PROT_WRITE, MAP_PRIVATE|MAP_FIXED|MAP_ANONYMOUS, -1, 0) = 0x7f8f71fad000",,,
close,3)                                = 0,,,
openat,"AT_FDCWD, ""/lib/x86_64-linux-gnu/libisc.so.1601"", O_RDONLY|O_CLOEXEC) = 3",,,
read,"3, ""\177ELF\2\1\1\0\0\0\0\0\0\0\0\0\3\0>\0\1\0\0\0`\37\1\0\0\0\0\0""..., 832) = 832",,,
fstat,"3, {st_mode=S_IFREG|0644, st_size=470936, ...}) = 0",,,
mmap,"NULL, 475248, PROT_READ, MAP_PRIVATE|MAP_DENYWRITE, 3, 0) = 0x7f8f71f04000",,,
mprotect,"0x7f8f71f14000, 401408, PROT_NONE) = 0",,,
mmap,"0x7f8f71f14000, 286720, PROT_READ|PROT_EXEC, MAP_PRIVATE|MAP_FIXED|MAP_DENYWRITE, 3, 0x10000) = 0x7f8f71f14000",,,
mmap,"0x7f8f71f5a000, 110592, PROT_READ, MAP_PRIVATE|MAP_FIXED|MAP_DENYWRITE, 3, 0x56000) = 0x7f8f71f5a000",,,
mmap,"0x7f8f71f76000, 8192, PROT_READ|PROT_WRITE, MAP_PRIVATE|MAP_FIXED|MAP_DENYWRITE, 3, 0x71000) = 0x7f8f71f76000",,,
mmap,"0x7f8f71f78000, 112, PROT_READ|PROT_WRITE, MAP_PRIVATE|MAP_FIXED|MAP_ANONYMOUS, -1, 0) = 0x7f8f71f78000",,,
close,3)                                = 0,,,
openat,"AT_FDCWD, ""/lib/x86_64-linux-gnu/libcrypto.so.1.1"", O_RDONLY|O_CLOEXEC) = 3",,,
read,"3, ""\177ELF\2\1\1\0\0\0\0\0\0\0\0\0\3\0>\0\1\0\0\0\0\220\7\0\0\0\0\0""..., 832) = 832",,,
fstat,"3, {st_mode=S_IFREG|0644, st_size=2958176, ...}) = 0",,,
mmap,"NULL, 2977696, PROT_READ, MAP_PRIVATE|MAP_DENYWRITE, 3, 0) = 0x7f8f71c2d000",,,
mmap,"0x7f8f71ca5000, 1687552, PROT_READ|PROT_EXEC, MAP_PRIVATE|MAP_FIXED|MAP_DENYWRITE, 3, 0x78000) = 0x7f8f71ca5000",,,
mmap,"0x7f8f71e41000, 593920, PROT_READ, MAP_PRIVATE|MAP_FIXED|MAP_DENYWRITE, 3, 0x214000) = 0x7f8f71e41000",,,
mmap,"0x7f8f71ed2000, 188416, PROT_READ|PROT_WRITE, MAP_PRIVATE|MAP_FIXED|MAP_DENYWRITE, 3, 0x2a4000) = 0x7f8f71ed2000",,,
mmap,"0x7f8f71f00000, 16288, PROT_READ|PROT_WRITE, MAP_PRIVATE|MAP_FIXED|MAP_ANONYMOUS, -1, 0) = 0x7f8f71f00000",,,
close,3)                                = 0,,,
openat,"AT_FDCWD, ""/lib/x86_64-linux-gnu/libidn2.so.0"", O_RDONLY|O_CLOEXEC) = 3",,,
read,"3, ""\177ELF\2\1\1\0\0\0\0\0\0\0\0\0\3\0>\0\1\0\0\0\240$\0\0\0\0\0\0""..., 832) = 832",,,
fstat,"3, {st_mode=S_IFREG|0644, st_size=129096, ...}) = 0",,,
mmap,"NULL, 8192, PROT_READ|PROT_WRITE, MAP_PRIVATE|MAP_ANONYMOUS, -1, 0) = 0x7f8f71c2b000",,,
mmap,"NULL, 131096, PROT_READ, MAP_PRIVATE|MAP_DENYWRITE, 3, 0) = 0x7f8f71c0a000",,,
mprotect,"0x7f8f71c0c000, 118784, PROT_NONE) = 0",,,
mmap,"0x7f8f71c0c000, 20480, PROT_READ|PROT_EXEC, MAP_PRIVATE|MAP_FIXED|MAP_DENYWRITE, 3, 0x2000) = 0x7f8f71c0c000",,,
mmap,"0x7f8f71c11000, 94208, PROT_READ, MAP_PRIVATE|MAP_FIXED|MAP_DENYWRITE, 3, 0x7000) = 0x7f8f71c11000",,,
mmap,"0x7f8f71c29000, 8192, PROT_READ|PROT_WRITE, MAP_PRIVATE|MAP_FIXED|MAP_DENYWRITE, 3, 0x1e000) = 0x7f8f71c29000",,,
close,3)                                = 0,,,
openat,"AT_FDCWD, ""/lib/x86_64-linux-gnu/libpthread.so.0"", O_RDONLY|O_CLOEXEC) = 3",,,
read,"3, ""\177ELF\2\1\1\0\0\0\0\0\0\0\0\0\3\0>\0\1\0\0\0\220q\0\0\0\0\0\0""..., 832) = 832",,,
pread64,"3, ""\4\0\0\0\24\0\0\0\3\0\0\0GNU\0{E6\364\34\332\245\210\204\10\350-\0106\343=""..., 68, 824) = 68",,,
fstat,"3, {st_mode=S_IFREG|0755, st_size=157224, ...}) = 0",,,
pread64,"3, ""\4\0\0\0\24\0\0\0\3\0\0\0GNU\0{E6\364\34\332\245\210\204\10\350-\0106\343=""..., 68, 824) = 68",,,
mmap,"NULL, 140408, PROT_READ, MAP_PRIVATE|MAP_DENYWRITE, 3, 0) = 0x7f8f71be7000",,,
mmap,"0x7f8f71bed000, 69632, PROT_READ|PROT_EXEC, MAP_PRIVATE|MAP_FIXED|MAP_DENYWRITE, 3, 0x6000) = 0x7f8f71bed000",,,
mmap,"0x7f8f71bfe000, 24576, PROT_READ, MAP_PRIVATE|MAP_FIXED|MAP_DENYWRITE, 3, 0x17000) = 0x7f8f71bfe000",,,
mmap,"0x7f8f71c04000, 8192, PROT_READ|PROT_WRITE, MAP_PRIVATE|MAP_FIXED|MAP_DENYWRITE, 3, 0x1c000) = 0x7f8f71c04000",,,
mmap,"0x7f8f71c06000, 13432, PROT_READ|PROT_WRITE, MAP_PRIVATE|MAP_FIXED|MAP_ANONYMOUS, -1, 0) = 0x7f8f71c06000",,,
close,3)                                = 0,,,
openat,"AT_FDCWD, ""/lib/x86_64-linux-gnu/libc.so.6"", O_RDONLY|O_CLOEXEC) = 3",,,
read,"3, ""\177ELF\2\1\1\3\0\0\0\0\0\0\0\0\3\0>\0\1\0\0\0\300A\2\0\0\0\0\0""..., 832) = 832",,,
pread64,"3, ""\6\0\0\0\4\0\0\0@\0\0\0\0\0\0\0@\0\0\0\0\0\0\0@\0\0\0\0\0\0\0""..., 784, 64) = 784",,,
pread64,"3, ""\4\0\0\0\20\0\0\0\5\0\0\0GNU\0\2\0\0\300\4\0\0\0\3\0\0\0\0\0\0\0"", 32, 848) = 32",,,
pread64,"3, ""\4\0\0\0\24\0\0\0\3\0\0\0GNU\0\30x\346\264ur\f|Q\226\236i\253-'o""..., 68, 880) = 68",,,
fstat,"3, {st_mode=S_IFREG|0755, st_size=2029592, ...}) = 0",,,
pread64,"3, ""\6\0\0\0\4\0\0\0@\0\0\0\0\0\0\0@\0\0\0\0\0\0\0@\0\0\0\0\0\0\0""..., 784, 64) = 784",,,
pread64,"3, ""\4\0\0\0\20\0\0\0\5\0\0\0GNU\0\2\0\0\300\4\0\0\0\3\0\0\0\0\0\0\0"", 32, 848) = 32",,,
pread64,"3, ""\4\0\0\0\24\0\0\0\3\0\0\0GNU\0\30x\346\264ur\f|Q\226\236i\253-'o""..., 68, 880) = 68",,,
mmap,"NULL, 2037344, PROT_READ, MAP_PRIVATE|MAP_DENYWRITE, 3, 0) = 0x7f8f719f5000",,,
mmap,"0x7f8f71a17000, 1540096, PROT_READ|PROT_EXEC, MAP_PRIVATE|MAP_FIXED|MAP_DENYWRITE, 3, 0x22000) = 0x7f8f71a17000",,,
mmap,"0x7f8f71b8f000, 319488, PROT_READ, MAP_PRIVATE|MAP_FIXED|MAP_DENYWRITE, 3, 0x19a000) = 0x7f8f71b8f000",,,
mmap,"0x7f8f71bdd000, 24576, PROT_READ|PROT_WRITE, MAP_PRIVATE|MAP_FIXED|MAP_DENYWRITE, 3, 0x1e7000) = 0x7f8f71bdd000",,,
mmap,"0x7f8f71be3000, 13920, PROT_READ|PROT_WRITE, MAP_PRIVATE|MAP_FIXED|MAP_ANONYMOUS, -1, 0) = 0x7f8f71be3000",,,
close,3)                                = 0,,,
openat,"AT_FDCWD, ""/lib/x86_64-linux-gnu/libjson-c.so.4"", O_RDONLY|O_CLOEXEC) = 3",,,
read,"3, ""\177ELF\2\1\1\0\0\0\0\0\0\0\0\0\3\0>\0\1\0\0\0\0F\0\0\0\0\0\0""..., 832) = 832",,,
fstat,"3, {st_mode=S_IFREG|0644, st_size=67912, ...}) = 0",,,
mmap,"NULL, 70120, PROT_READ, MAP_PRIVATE|MAP_DENYWRITE, 3, 0) = 0x7f8f719e3000",,,
mprotect,"0x7f8f719e7000, 49152, PROT_NONE) = 0",,,
mmap,"0x7f8f719e7000, 32768, PROT_READ|PROT_EXEC, MAP_PRIVATE|MAP_FIXED|MAP_DENYWRITE, 3, 0x4000) = 0x7f8f719e7000",,,
mmap,"0x7f8f719ef000, 12288, PROT_READ, MAP_PRIVATE|MAP_FIXED|MAP_DENYWRITE, 3, 0xc000) = 0x7f8f719ef000",,,
mmap,"0x7f8f719f3000, 8192, PROT_READ|PROT_WRITE, MAP_PRIVATE|MAP_FIXED|MAP_DENYWRITE, 3, 0xf000) = 0x7f8f719f3000",,,
close,3)                                = 0,,,
openat,"AT_FDCWD, ""/lib/x86_64-linux-gnu/libxml2.so.2"", O_RDONLY|O_CLOEXEC) = 3",,,
read,"3, ""\177ELF\2\1\1\0\0\0\0\0\0\0\0\0\3\0>\0\1\0\0\0P\336\2\0\0\0\0\0""..., 832) = 832",,,
fstat,"3, {st_mode=S_IFREG|0644, st_size=1799408, ...}) = 0",,,
mmap,"NULL, 1806584, PROT_READ, MAP_PRIVATE|MAP_DENYWRITE, 3, 0) = 0x7f8f71829000",,,
mmap,"0x7f8f71856000, 1220608, PROT_READ|PROT_EXEC, MAP_PRIVATE|MAP_FIXED|MAP_DENYWRITE, 3, 0x2d000) = 0x7f8f71856000",,,
mmap,"0x7f8f71980000, 356352, PROT_READ, MAP_PRIVATE|MAP_FIXED|MAP_DENYWRITE, 3, 0x157000) = 0x7f8f71980000",,,
mmap,"0x7f8f719d7000, 40960, PROT_READ|PROT_WRITE, MAP_PRIVATE|MAP_FIXED|MAP_DENYWRITE, 3, 0x1ad000) = 0x7f8f719d7000",,,
mmap,"0x7f8f719e1000, 4344, PROT_READ|PROT_WRITE, MAP_PRIVATE|MAP_FIXED|MAP_ANONYMOUS, -1, 0) = 0x7f8f719e1000",,,
close,3)                                = 0,,,
openat,"AT_FDCWD, ""/lib/x86_64-linux-gnu/libgssapi_krb5.so.2"", O_RDONLY|O_CLOEXEC) = 3",,,
read,"3, ""\177ELF\2\1\1\0\0\0\0\0\0\0\0\0\3\0>\0\1\0\0\0P\321\0\0\0\0\0\0""..., 832) = 832",,,
fstat,"3, {st_mode=S_IFREG|0644, st_size=309712, ...}) = 0",,,
mmap,"NULL, 312128, PROT_READ, MAP_PRIVATE|MAP_DENYWRITE, 3, 0) = 0x7f8f717dc000",,,
mmap,"0x7f8f717e7000, 204800, PROT_READ|PROT_EXEC, MAP_PRIVATE|MAP_FIXED|MAP_DENYWRITE, 3, 0xb000) = 0x7f8f717e7000",,,
mmap,"0x7f8f71819000, 49152, PROT_READ, MAP_PRIVATE|MAP_FIXED|MAP_DENYWRITE, 3, 0x3d000) = 0x7f8f71819000",,,
mmap,"0x7f8f71825000, 16384, PROT_READ|PROT_WRITE, MAP_PRIVATE|MAP_FIXED|MAP_DENYWRITE, 3, 0x48000) = 0x7f8f71825000",,,
close,3)                                = 0,,,
openat,"AT_FDCWD, ""/lib/x86_64-linux-gnu/libkrb5.so.3"", O_RDONLY|O_CLOEXEC) = 3",,,
read,"3, ""\177ELF\2\1\1\0\0\0\0\0\0\0\0\0\3\0>\0\1\0\0\0 ?\2\0\0\0\0\0""..., 832) = 832",,,
fstat,"3, {st_mode=S_IFREG|0644, st_size=902016, ...}) = 0",,,
mmap,"NULL, 8192, PROT_READ|PROT_WRITE, MAP_PRIVATE|MAP_ANONYMOUS, -1, 0) = 0x7f8f717da000",,,
mmap,"NULL, 904640, PROT_READ, MAP_PRIVATE|MAP_DENYWRITE, 3, 0) = 0x7f8f716fd000",,,
mprotect,"0x7f8f7171f000, 700416, PROT_NONE) = 0",,,
mmap,"0x7f8f7171f000, 397312, PROT_READ|PROT_EXEC, MAP_PRIVATE|MAP_FIXED|MAP_DENYWRITE, 3, 0x22000) = 0x7f8f7171f000",,,
mmap,"0x7f8f71780000, 299008, PROT_READ, MAP_PRIVATE|MAP_FIXED|MAP_DENYWRITE, 3, 0x83000) = 0x7f8f71780000",,,
mmap,"0x7f8f717ca000, 65536, PROT_READ|PROT_WRITE, MAP_PRIVATE|MAP_FIXED|MAP_DENYWRITE, 3, 0xcc000) = 0x7f8f717ca000",,,
close,3)                                = 0,,,
openat,"AT_FDCWD, ""/lib/x86_64-linux-gnu/libmaxminddb.so.0"", O_RDONLY|O_CLOEXEC) = 3",,,
read,"3, ""\177ELF\2\1\1\0\0\0\0\0\0\0\0\0\3\0>\0\1\0\0\0\0\23\0\0\0\0\0\0""..., 832) = 832",,,
fstat,"3, {st_mode=S_IFREG|0644, st_size=22520, ...}) = 0",,,
mmap,"NULL, 24592, PROT_READ, MAP_PRIVATE|MAP_DENYWRITE, 3, 0) = 0x7f8f716f6000",,,
mmap,"0x7f8f716f7000, 12288, PROT_READ|PROT_EXEC, MAP_PRIVATE|MAP_FIXED|MAP_DENYWRITE, 3, 0x1000) = 0x7f8f716f7000",,,
mmap,"0x7f8f716fa000, 4096, PROT_READ, MAP_PRIVATE|MAP_FIXED|MAP_DENYWRITE, 3, 0x4000) = 0x7f8f716fa000",,,
mmap,"0x7f8f716fb000, 8192, PROT_READ|PROT_WRITE, MAP_PRIVATE|MAP_FIXED|MAP_DENYWRITE, 3, 0x4000) = 0x7f8f716fb000",,,
close,3)                                = 0,,,
openat,"AT_FDCWD, ""/lib/x86_64-linux-gnu/liblmdb.so.0"", O_RDONLY|O_CLOEXEC) = 3",,,
read,"3, ""\177ELF\2\1\1\0\0\0\0\0\0\0\0\0\3\0>\0\1\0\0\0@8\0\0\0\0\0\0""..., 832) = 832",,,
fstat,"3, {st_mode=S_IFREG|0644, st_size=92304, ...}) = 0",,,
mmap,"NULL, 94224, PROT_READ, MAP_PRIVATE|MAP_DENYWRITE, 3, 0) = 0x7f8f716de000",,,
mmap,"0x7f8f716e1000, 65536, PROT_READ|PROT_EXEC, MAP_PRIVATE|MAP_FIXED|MAP_DENYWRITE, 3, 0x3000) = 0x7f8f716e1000",,,
mmap,"0x7f8f716f1000, 12288, PROT_READ, MAP_PRIVATE|MAP_FIXED|MAP_DENYWRITE, 3, 0x13000) = 0x7f8f716f1000",,,
mmap,"0x7f8f716f4000, 8192, PROT_READ|PROT_WRITE, MAP_PRIVATE|MAP_FIXED|MAP_DENYWRITE, 3, 0x15000) = 0x7f8f716f4000",,,
close,3)                                = 0,,,
openat,"AT_FDCWD, ""/lib/x86_64-linux-gnu/libdl.so.2"", O_RDONLY|O_CLOEXEC) = 3",,,
read,"3, ""\177ELF\2\1\1\0\0\0\0\0\0\0\0\0\3\0>\0\1\0\0\0 \22\0\0\0\0\0\0""..., 832) = 832",,,
fstat,"3, {st_mode=S_IFREG|0644, st_size=18848, ...}) = 0",,,
mmap,"NULL, 20752, PROT_READ, MAP_PRIVATE|MAP_DENYWRITE, 3, 0) = 0x7f8f716d8000",,,
mmap,"0x7f8f716d9000, 8192, PROT_READ|PROT_EXEC, MAP_PRIVATE|MAP_FIXED|MAP_DENYWRITE, 3, 0x1000) = 0x7f8f716d9000",,,
mmap,"0x7f8f716db000, 4096, PROT_READ, MAP_PRIVATE|MAP_FIXED|MAP_DENYWRITE, 3, 0x3000) = 0x7f8f716db000",,,
mmap,"0x7f8f716dc000, 8192, PROT_READ|PROT_WRITE, MAP_PRIVATE|MAP_FIXED|MAP_DENYWRITE, 3, 0x3000) = 0x7f8f716dc000",,,
close,3)                                = 0,,,
openat,"AT_FDCWD, ""/lib/x86_64-linux-gnu/libns.so.1601"", O_RDONLY|O_CLOEXEC) = 3",,,
read,"3, ""\177ELF\2\1\1\0\0\0\0\0\0\0\0\0\3\0>\0\1\0\0\0 \325\0\0\0\0\0\0""..., 832) = 832",,,
fstat,"3, {st_mode=S_IFREG|0644, st_size=303944, ...}) = 0",,,
mmap,"NULL, 306328, PROT_READ, MAP_PRIVATE|MAP_DENYWRITE, 3, 0) = 0x7f8f7168d000",,,
mmap,"0x7f8f71697000, 204800, PROT_READ|PROT_EXEC, MAP_PRIVATE|MAP_FIXED|MAP_DENYWRITE, 3, 0xa000) = 0x7f8f71697000",,,
mmap,"0x7f8f716c9000, 49152, PROT_READ, MAP_PRIVATE|MAP_FIXED|MAP_DENYWRITE, 3, 0x3c000) = 0x7f8f716c9000",,,
mmap,"0x7f8f716d5000, 12288, PROT_READ|PROT_WRITE, MAP_PRIVATE|MAP_FIXED|MAP_DENYWRITE, 3, 0x47000) = 0x7f8f716d5000",,,
close,3)                                = 0,,,
openat,"AT_FDCWD, ""/lib/x86_64-linux-gnu/libuv.so.1"", O_RDONLY|O_CLOEXEC) = 3",,,
read,"3, ""\177ELF\2\1\1\0\0\0\0\0\0\0\0\0\3\0>\0\1\0\0\0000\250\0\0\0\0\0\0""..., 832) = 832",,,
fstat,"3, {st_mode=S_IFREG|0644, st_size=194648, ...}) = 0",,,
mmap,"NULL, 8192, PROT_READ|PROT_WRITE, MAP_PRIVATE|MAP_ANONYMOUS, -1, 0) = 0x7f8f7168b000",,,
mmap,"NULL, 198376, PROT_READ, MAP_PRIVATE|MAP_DENYWRITE, 3, 0) = 0x7f8f7165a000",,,
mprotect,"0x7f8f71663000, 155648, PROT_NONE) = 0",,,
mmap,"0x7f8f71663000, 110592, PROT_READ|PROT_EXEC, MAP_PRIVATE|MAP_FIXED|MAP_DENYWRITE, 3, 0x9000) = 0x7f8f71663000",,,
mmap,"0x7f8f7167e000, 40960, PROT_READ, MAP_PRIVATE|MAP_FIXED|MAP_DENYWRITE, 3, 0x24000) = 0x7f8f7167e000",,,
mmap,"0x7f8f71689000, 8192, PROT_READ|PROT_WRITE, MAP_PRIVATE|MAP_FIXED|MAP_DENYWRITE, 3, 0x2e000) = 0x7f8f71689000",,,
close,3)                                = 0,,,
openat,"AT_FDCWD, ""/lib/x86_64-linux-gnu/libunistring.so.2"", O_RDONLY|O_CLOEXEC) = 3",,,
read,"3, ""\177ELF\2\1\1\0\0\0\0\0\0\0\0\0\3\0>\0\1\0\0\0@\10\1\0\0\0\0\0""..., 832) = 832",,,
fstat,"3, {st_mode=S_IFREG|0644, st_size=1575112, ...}) = 0",,,
mmap,"NULL, 1579272, PROT_READ, MAP_PRIVATE|MAP_DENYWRITE, 3, 0) = 0x7f8f714d8000",,,
mprotect,"0x7f8f714e8000, 1499136, PROT_NONE) = 0",,,
mmap,"0x7f8f714e8000, 221184, PROT_READ|PROT_EXEC, MAP_PRIVATE|MAP_FIXED|MAP_DENYWRITE, 3, 0x10000) = 0x7f8f714e8000",,,
mmap,"0x7f8f7151e000, 1273856, PROT_READ, MAP_PRIVATE|MAP_FIXED|MAP_DENYWRITE, 3, 0x46000) = 0x7f8f7151e000",,,
mmap,"0x7f8f71656000, 16384, PROT_READ|PROT_WRITE, MAP_PRIVATE|MAP_FIXED|MAP_DENYWRITE, 3, 0x17d000) = 0x7f8f71656000",,,
close,3)                                = 0,,,
openat,"AT_FDCWD, ""/lib/x86_64-linux-gnu/libicuuc.so.66"", O_RDONLY|O_CLOEXEC) = 3",,,
read,"3, ""\177ELF\2\1\1\0\0\0\0\0\0\0\0\0\3\0>\0\1\0\0\0 Y\6\0\0\0\0\0""..., 832) = 832",,,
fstat,"3, {st_mode=S_IFREG|0644, st_size=1976648, ...}) = 0",,,
mmap,"NULL, 1987008, PROT_READ, MAP_PRIVATE|MAP_DENYWRITE, 3, 0) = 0x7f8f712f2000",,,
mprotect,"0x7f8f71357000, 1490944, PROT_NONE) = 0",,,
mmap,"0x7f8f71357000, 937984, PROT_READ|PROT_EXEC, MAP_PRIVATE|MAP_FIXED|MAP_DENYWRITE, 3, 0x65000) = 0x7f8f71357000",,,
mmap,"0x7f8f7143c000, 548864, PROT_READ, MAP_PRIVATE|MAP_FIXED|MAP_DENYWRITE, 3, 0x14a000) = 0x7f8f7143c000",,,
mmap,"0x7f8f714c3000, 77824, PROT_READ|PROT_WRITE, MAP_PRIVATE|MAP_FIXED|MAP_DENYWRITE, 3, 0x1d0000) = 0x7f8f714c3000",,,
mmap,"0x7f8f714d6000, 4544, PROT_READ|PROT_WRITE, MAP_PRIVATE|MAP_FIXED|MAP_ANONYMOUS, -1, 0) = 0x7f8f714d6000",,,
close,3)                                = 0,,,
openat,"AT_FDCWD, ""/lib/x86_64-linux-gnu/libz.so.1"", O_RDONLY|O_CLOEXEC) = 3",,,
read,"3, ""\177ELF\2\1\1\3\0\0\0\0\0\0\0\0\3\0>\0\1\0\0\0\200\""\0\0\0\0\0\0""..., 832) = 832",,,
fstat,"3, {st_mode=S_IFREG|0644, st_size=108936, ...}) = 0",,,
mmap,"NULL, 110776, PROT_READ, MAP_PRIVATE|MAP_DENYWRITE, 3, 0) = 0x7f8f712d6000",,,
mprotect,"0x7f8f712d8000, 98304, PROT_NONE) = 0",,,
mmap,"0x7f8f712d8000, 69632, PROT_READ|PROT_EXEC, MAP_PRIVATE|MAP_FIXED|MAP_DENYWRITE, 3, 0x2000) = 0x7f8f712d8000",,,
mmap,"0x7f8f712e9000, 24576, PROT_READ, MAP_PRIVATE|MAP_FIXED|MAP_DENYWRITE, 3, 0x13000) = 0x7f8f712e9000",,,
mmap,"0x7f8f712f0000, 8192, PROT_READ|PROT_WRITE, MAP_PRIVATE|MAP_FIXED|MAP_DENYWRITE, 3, 0x19000) = 0x7f8f712f0000",,,
close,3)                                = 0,,,
openat,"AT_FDCWD, ""/lib/x86_64-linux-gnu/liblzma.so.5"", O_RDONLY|O_CLOEXEC) = 3",,,
read,"3, ""\177ELF\2\1\1\0\0\0\0\0\0\0\0\0\3\0>\0\1\0\0\0\3003\0\0\0\0\0\0""..., 832) = 832",,,
fstat,"3, {st_mode=S_IFREG|0644, st_size=162264, ...}) = 0",,,
mmap,"NULL, 164104, PROT_READ, MAP_PRIVATE|MAP_DENYWRITE, 3, 0) = 0x7f8f712ad000",,,
mprotect,"0x7f8f712b0000, 147456, PROT_NONE) = 0",,,
mmap,"0x7f8f712b0000, 98304, PROT_READ|PROT_EXEC, MAP_PRIVATE|MAP_FIXED|MAP_DENYWRITE, 3, 0x3000) = 0x7f8f712b0000",,,
mmap,"0x7f8f712c8000, 45056, PROT_READ, MAP_PRIVATE|MAP_FIXED|MAP_DENYWRITE, 3, 0x1b000) = 0x7f8f712c8000",,,
mmap,"0x7f8f712d4000, 8192, PROT_READ|PROT_WRITE, MAP_PRIVATE|MAP_FIXED|MAP_DENYWRITE, 3, 0x26000) = 0x7f8f712d4000",,,
close,3)                                = 0,,,
openat,"AT_FDCWD, ""/lib/x86_64-linux-gnu/libm.so.6"", O_RDONLY|O_CLOEXEC) = 3",,,
read,"3, ""\177ELF\2\1\1\3\0\0\0\0\0\0\0\0\3\0>\0\1\0\0\0\300\323\0\0\0\0\0\0""..., 832) = 832",,,
fstat,"3, {st_mode=S_IFREG|0644, st_size=1369384, ...}) = 0",,,
mmap,"NULL, 1368336, PROT_READ, MAP_PRIVATE|MAP_DENYWRITE, 3, 0) = 0x7f8f7115e000",,,
mmap,"0x7f8f7116b000, 684032, PROT_READ|PROT_EXEC, MAP_PRIVATE|MAP_FIXED|MAP_DENYWRITE, 3, 0xd000) = 0x7f8f7116b000",,,
mmap,"0x7f8f71212000, 626688, PROT_READ, MAP_PRIVATE|MAP_FIXED|MAP_DENYWRITE, 3, 0xb4000) = 0x7f8f71212000",,,
mmap,"0x7f8f712ab000, 8192, PROT_READ|PROT_WRITE, MAP_PRIVATE|MAP_FIXED|MAP_DENYWRITE, 3, 0x14c000) = 0x7f8f712ab000",,,
close,3)                                = 0,,,
openat,"AT_FDCWD, ""/lib/x86_64-linux-gnu/libk5crypto.so.3"", O_RDONLY|O_CLOEXEC) = 3",,,
read,"3, ""\177ELF\2\1\1\0\0\0\0\0\0\0\0\0\3\0>\0\1\0\0\0\240D\0\0\0\0\0\0""..., 832) = 832",,,
fstat,"3, {st_mode=S_IFREG|0644, st_size=191040, ...}) = 0",,,
mmap,"NULL, 8192, PROT_READ|PROT_WRITE, MAP_PRIVATE|MAP_ANONYMOUS, -1, 0) = 0x7f8f7115c000",,,
mmap,"NULL, 196696, PROT_READ, MAP_PRIVATE|MAP_DENYWRITE, 3, 0) = 0x7f8f7112b000",,,
mprotect,"0x7f8f7112f000, 172032, PROT_NONE) = 0",,,
mmap,"0x7f8f7112f000, 114688, PROT_READ|PROT_EXEC, MAP_PRIVATE|MAP_FIXED|MAP_DENYWRITE, 3, 0x4000) = 0x7f8f7112f000",,,
mmap,"0x7f8f7114b000, 53248, PROT_READ, MAP_PRIVATE|MAP_FIXED|MAP_DENYWRITE, 3, 0x20000) = 0x7f8f7114b000",,,
mmap,"0x7f8f71159000, 8192, PROT_READ|PROT_WRITE, MAP_PRIVATE|MAP_FIXED|MAP_DENYWRITE, 3, 0x2d000) = 0x7f8f71159000",,,
mmap,"0x7f8f7115b000, 88, PROT_READ|PROT_WRITE, MAP_PRIVATE|MAP_FIXED|MAP_ANONYMOUS, -1, 0) = 0x7f8f7115b000",,,
close,3)                                = 0,,,
openat,"AT_FDCWD, ""/lib/x86_64-linux-gnu/libcom_err.so.2"", O_RDONLY|O_CLOEXEC) = 3",,,
read,"3, ""\177ELF\2\1\1\0\0\0\0\0\0\0\0\0\3\0>\0\1\0\0\0\200$\0\0\0\0\0\0""..., 832) = 832",,,
fstat,"3, {st_mode=S_IFREG|0644, st_size=22600, ...}) = 0",,,
mmap,"NULL, 24744, PROT_READ, MAP_PRIVATE|MAP_DENYWRITE, 3, 0) = 0x7f8f71124000",,,
mmap,"0x7f8f71126000, 8192, PROT_READ|PROT_EXEC, MAP_PRIVATE|MAP_FIXED|MAP_DENYWRITE, 3, 0x2000) = 0x7f8f71126000",,,
mmap,"0x7f8f71128000, 4096, PROT_READ, MAP_PRIVATE|MAP_FIXED|MAP_DENYWRITE, 3, 0x4000) = 0x7f8f71128000",,,
mmap,"0x7f8f71129000, 8192, PROT_READ|PROT_WRITE, MAP_PRIVATE|MAP_FIXED|MAP_DENYWRITE, 3, 0x4000) = 0x7f8f71129000",,,
close,3)                                = 0,,,
openat,"AT_FDCWD, ""/lib/x86_64-linux-gnu/libkrb5support.so.0"", O_RDONLY|O_CLOEXEC) = 3",,,
read,"3, ""\177ELF\2\1\1\0\0\0\0\0\0\0\0\0\3\0>\0\1\0\0\0\3605\0\0\0\0\0\0""..., 832) = 832",,,
fstat,"3, {st_mode=S_IFREG|0644, st_size=56096, ...}) = 0",,,
mmap,"NULL, 58344, PROT_READ, MAP_PRIVATE|MAP_DENYWRITE, 3, 0) = 0x7f8f71115000",,,
mmap,"0x7f8f71118000, 28672, PROT_READ|PROT_EXEC, MAP_PRIVATE|MAP_FIXED|MAP_DENYWRITE, 3, 0x3000) = 0x7f8f71118000",,,
mmap,"0x7f8f7111f000, 12288, PROT_READ, MAP_PRIVATE|MAP_FIXED|MAP_DENYWRITE, 3, 0xa000) = 0x7f8f7111f000",,,
mmap,"0x7f8f71122000, 8192, PROT_READ|PROT_WRITE, MAP_PRIVATE|MAP_FIXED|MAP_DENYWRITE, 3, 0xc000) = 0x7f8f71122000",,,
close,3)                                = 0,,,
openat,"AT_FDCWD, ""/lib/x86_64-linux-gnu/libkeyutils.so.1"", O_RDONLY|O_CLOEXEC) = 3",,,
read,"3, ""\177ELF\2\1\1\0\0\0\0\0\0\0\0\0\3\0>\0\1\0\0\0@\""\0\0\0\0\0\0""..., 832) = 832",,,
fstat,"3, {st_mode=S_IFREG|0644, st_size=22600, ...}) = 0",,,
mmap,"NULL, 24592, PROT_READ, MAP_PRIVATE|MAP_DENYWRITE, 3, 0) = 0x7f8f7110e000",,,
mmap,"0x7f8f71110000, 8192, PROT_READ|PROT_EXEC, MAP_PRIVATE|MAP_FIXED|MAP_DENYWRITE, 3, 0x2000) = 0x7f8f71110000",,,
mmap,"0x7f8f71112000, 4096, PROT_READ, MAP_PRIVATE|MAP_FIXED|MAP_DENYWRITE, 3, 0x4000) = 0x7f8f71112000",,,
mmap,"0x7f8f71113000, 8192, PROT_READ|PROT_WRITE, MAP_PRIVATE|MAP_FIXED|MAP_DENYWRITE, 3, 0x4000) = 0x7f8f71113000",,,
close,3)                                = 0,,,
openat,"AT_FDCWD, ""/lib/x86_64-linux-gnu/libresolv.so.2"", O_RDONLY|O_CLOEXEC) = 3",,,
read,"3, ""\177ELF\2\1\1\0\0\0\0\0\0\0\0\0\3\0>\0\1\0\0\0 G\0\0\0\0\0\0""..., 832) = 832",,,
fstat,"3, {st_mode=S_IFREG|0644, st_size=101352, ...}) = 0",,,
mmap,"NULL, 113280, PROT_READ, MAP_PRIVATE|MAP_DENYWRITE, 3, 0) = 0x7f8f710f2000",,,
mmap,"0x7f8f710f6000, 65536, PROT_READ|PROT_EXEC, MAP_PRIVATE|MAP_FIXED|MAP_DENYWRITE, 3, 0x4000) = 0x7f8f710f6000",,,
mmap,"0x7f8f71106000, 16384, PROT_READ, MAP_PRIVATE|MAP_FIXED|MAP_DENYWRITE, 3, 0x14000) = 0x7f8f71106000",,,
mmap,"0x7f8f7110a000, 8192, PROT_READ|PROT_WRITE, MAP_PRIVATE|MAP_FIXED|MAP_DENYWRITE, 3, 0x17000) = 0x7f8f7110a000",,,
mmap,"0x7f8f7110c000, 6784, PROT_READ|PROT_WRITE, MAP_PRIVATE|MAP_FIXED|MAP_ANONYMOUS, -1, 0) = 0x7f8f7110c000",,,
close,3)                                = 0,,,
openat,"AT_FDCWD, ""/lib/x86_64-linux-gnu/libicudata.so.66"", O_RDONLY|O_CLOEXEC) = 3",,,
read,"3, ""\177ELF\2\1\1\0\0\0\0\0\0\0\0\0\3\0>\0\1\0\0\0@\20\0\0\0\0\0\0""..., 832) = 832",,,
fstat,"3, {st_mode=S_IFREG|0644, st_size=28046896, ...}) = 0",,,
mmap,"NULL, 8192, PROT_READ|PROT_WRITE, MAP_PRIVATE|MAP_ANONYMOUS, -1, 0) = 0x7f8f710f0000",,,
mmap,"NULL, 28049424, PROT_READ, MAP_PRIVATE|MAP_DENYWRITE, 3, 0) = 0x7f8f6f62f000",,,
mmap,"0x7f8f6f630000, 4096, PROT_READ|PROT_EXEC, MAP_PRIVATE|MAP_FIXED|MAP_DENYWRITE, 3, 0x1000) = 0x7f8f6f630000",,,
mmap,"0x7f8f6f631000, 28037120, PROT_READ, MAP_PRIVATE|MAP_FIXED|MAP_DENYWRITE, 3, 0x2000) = 0x7f8f6f631000",,,
mmap,"0x7f8f710ee000, 8192, PROT_READ|PROT_WRITE, MAP_PRIVATE|MAP_FIXED|MAP_DENYWRITE, 3, 0x1abe000) = 0x7f8f710ee000",,,
close,3)                                = 0,,,
openat,"AT_FDCWD, ""/lib/x86_64-linux-gnu/libstdc++.so.6"", O_RDONLY|O_CLOEXEC) = 3",,,
read,"3, ""\177ELF\2\1\1\3\0\0\0\0\0\0\0\0\3\0>\0\1\0\0\0`\341\t\0\0\0\0\0""..., 832) = 832",,,
fstat,"3, {st_mode=S_IFREG|0644, st_size=1956992, ...}) = 0",,,
mmap,"NULL, 1972224, PROT_READ, MAP_PRIVATE|MAP_DENYWRITE, 3, 0) = 0x7f8f6f44d000",,,
mprotect,"0x7f8f6f4e3000, 1290240, PROT_NONE) = 0",,,
mmap,"0x7f8f6f4e3000, 987136, PROT_READ|PROT_EXEC, MAP_PRIVATE|MAP_FIXED|MAP_DENYWRITE, 3, 0x96000) = 0x7f8f6f4e3000",,,
mmap,"0x7f8f6f5d4000, 299008, PROT_READ, MAP_PRIVATE|MAP_FIXED|MAP_DENYWRITE, 3, 0x187000) = 0x7f8f6f5d4000",,,
mmap,"0x7f8f6f61e000, 57344, PROT_READ|PROT_WRITE, MAP_PRIVATE|MAP_FIXED|MAP_DENYWRITE, 3, 0x1d0000) = 0x7f8f6f61e000",,,
mmap,"0x7f8f6f62c000, 10240, PROT_READ|PROT_WRITE, MAP_PRIVATE|MAP_FIXED|MAP_ANONYMOUS, -1, 0) = 0x7f8f6f62c000",,,
close,3)                                = 0,,,
openat,"AT_FDCWD, ""/lib/x86_64-linux-gnu/libgcc_s.so.1"", O_RDONLY|O_CLOEXEC) = 3",,,
read,"3, ""\177ELF\2\1\1\0\0\0\0\0\0\0\0\0\3\0>\0\1\0\0\0\3405\0\0\0\0\0\0""..., 832) = 832",,,
fstat,"3, {st_mode=S_IFREG|0644, st_size=104984, ...}) = 0",,,
mmap,"NULL, 107592, PROT_READ, MAP_PRIVATE|MAP_DENYWRITE, 3, 0) = 0x7f8f6f432000",,,
mmap,"0x7f8f6f435000, 73728, PROT_READ|PROT_EXEC, MAP_PRIVATE|MAP_FIXED|MAP_DENYWRITE, 3, 0x3000) = 0x7f8f6f435000",,,
mmap,"0x7f8f6f447000, 16384, PROT_READ, MAP_PRIVATE|MAP_FIXED|MAP_DENYWRITE, 3, 0x15000) = 0x7f8f6f447000",,,
mmap,"0x7f8f6f44b000, 8192, PROT_READ|PROT_WRITE, MAP_PRIVATE|MAP_FIXED|MAP_DENYWRITE, 3, 0x18000) = 0x7f8f6f44b000",,,
close,3)                                = 0,,,
mmap,"NULL, 8192, PROT_READ|PROT_WRITE, MAP_PRIVATE|MAP_ANONYMOUS, -1, 0) = 0x7f8f6f430000",,,
mmap,"NULL, 8192, PROT_READ|PROT_WRITE, MAP_PRIVATE|MAP_ANONYMOUS, -1, 0) = 0x7f8f6f42e000",,,
arch_prctl,"ARCH_SET_FS, 0x7f8f6f42f540) = 0",,,
mprotect,"0x7f8f71bdd000, 16384, PROT_READ) = 0",,,
mprotect,"0x7f8f6f44b000, 4096, PROT_READ) = 0",,,
mprotect,"0x7f8f712ab000, 4096, PROT_READ) = 0",,,
mmap,"NULL, 8192, PROT_READ|PROT_WRITE, MAP_PRIVATE|MAP_ANONYMOUS, -1, 0) = 0x7f8f6f42c000",,,
mprotect,"0x7f8f6f61e000, 45056, PROT_READ) = 0",,,
mprotect,"0x7f8f710ee000, 4096, PROT_READ) = 0",,,
mprotect,"0x7f8f7110a000, 4096, PROT_READ) = 0",,,
mprotect,"0x7f8f71113000, 4096, PROT_READ) = 0",,,
mprotect,"0x7f8f716dc000, 4096, PROT_READ) = 0",,,
mprotect,"0x7f8f71122000, 4096, PROT_READ) = 0",,,
mprotect,"0x7f8f71c04000, 4096, PROT_READ) = 0",,,
mprotect,"0x7f8f71129000, 4096, PROT_READ) = 0",,,
mprotect,"0x7f8f71159000, 4096, PROT_READ) = 0",,,
mprotect,"0x7f8f712d4000, 4096, PROT_READ) = 0",,,
mprotect,"0x7f8f712f0000, 4096, PROT_READ) = 0",,,
mprotect,"0x7f8f714c3000, 73728, PROT_READ) = 0",,,
mprotect,"0x7f8f71656000, 12288, PROT_READ) = 0",,,
mprotect,"0x7f8f71689000, 4096, PROT_READ) = 0",,,
mprotect,"0x7f8f71ed2000, 180224, PROT_READ) = 0",,,
mprotect,"0x7f8f71f76000, 4096, PROT_READ) = 0",,,
mprotect,"0x7f8f719f3000, 4096, PROT_READ) = 0",,,
mprotect,"0x7f8f719d7000, 36864, PROT_READ) = 0",,,
mprotect,"0x7f8f716d5000, 8192, PROT_READ) = 0",,,
mprotect,"0x7f8f716f4000, 4096, PROT_READ) = 0",,,
mprotect,"0x7f8f716fb000, 4096, PROT_READ) = 0",,,
mprotect,"0x7f8f717ca000, 57344, PROT_READ) = 0",,,
mprotect,"0x7f8f71825000, 8192, PROT_READ) = 0",,,
mprotect,"0x7f8f71c29000, 4096, PROT_READ) = 0",,,
mprotect,"0x7f8f721e3000, 12288, PROT_READ) = 0",,,
mprotect,"0x7f8f71fa4000, 4096, PROT_READ) = 0",,,
mprotect,"0x7f8f71fc2000, 4096, PROT_READ) = 0",,,
mprotect,"0x7f8f71fcf000, 4096, PROT_READ) = 0",,,
mprotect,"0x5576cfc9c000, 4096, PROT_READ) = 0",,,
mprotect,"0x7f8f7222b000, 4096, PROT_READ) = 0",,,
munmap,"0x7f8f721ed000, 69600)           = 0",,,
set_tid_address,0x7f8f6f42f810)         = 5904,,,
set_robust_list,"0x7f8f6f42f820, 24)     = 0",,,
rt_sigaction,"SIGRTMIN, {sa_handler=0x7f8f71bedbf0, sa_mask=[], sa_flags=SA_RESTORER|SA_SIGINFO, sa_restorer=0x7f8f71bfb420}, NULL, 8) = 0",,,
rt_sigaction,"SIGRT_1, {sa_handler=0x7f8f71bedc90, sa_mask=[], sa_flags=SA_RESTORER|SA_RESTART|SA_SIGINFO, sa_restorer=0x7f8f71bfb420}, NULL, 8) = 0",,,
rt_sigprocmask,"SIG_UNBLOCK, [RTMIN RT_1], NULL, 8) = 0",,,
prlimit64,"0, RLIMIT_STACK, NULL, {rlim_cur=8192*1024, rlim_max=RLIM64_INFINITY}) = 0",,,
brk,NULL)                               = 0x5576d1252000,,,
brk,0x5576d1273000)                     = 0x5576d1273000,,,
futex,"0x7f8f71f7804c, FUTEX_WAKE_PRIVATE, 2147483647) = 0",,,
rt_sigaction,"SIGPIPE, {sa_handler=SIG_IGN, sa_mask=~[RTMIN RT_1], sa_flags=SA_RESTORER, sa_restorer=0x7f8f71bfb420}, NULL, 8) = 0",,,
rt_sigaction,"SIGHUP, {sa_handler=SIG_DFL, sa_mask=~[RTMIN RT_1], sa_flags=SA_RESTORER, sa_restorer=0x7f8f71bfb420}, NULL, 8) = 0",,,
rt_sigaction,"SIGTERM, {sa_handler=SIG_DFL, sa_mask=~[RTMIN RT_1], sa_flags=SA_RESTORER, sa_restorer=0x7f8f71bfb420}, NULL, 8) = 0",,,
rt_sigaction,"SIGINT, {sa_handler=SIG_DFL, sa_mask=~[RTMIN RT_1], sa_flags=SA_RESTORER, sa_restorer=0x7f8f71bfb420}, NULL, 8) = 0",,,
rt_sigprocmask,"SIG_BLOCK, [HUP INT TERM], NULL, 8) = 0",,,
futex,"0x7f8f71f77a00, FUTEX_WAKE_PRIVATE, 2147483647) = 0",,,
futex,"0x7f8f721ea48c, FUTEX_WAKE_PRIVATE, 2147483647) = 0",,,
socket,"AF_INET, SOCK_STREAM, IPPROTO_IP) = 3",,,
close,3)                                = 0,,,
socket,"AF_INET6, SOCK_STREAM, IPPROTO_IP) = 3",,,
getsockname,"3, {sa_family=AF_INET6, sin6_port=htons","0), sin6_flowinfo=htonl","0), inet_pton","AF_INET6, ""::"", &sin6_addr), sin6_scope_id=0}, [28]) = 0"
close,3)                                = 0,,,
socket,"AF_UNIX, SOCK_STREAM, 0)         = 3",,,
close,3)                                = 0,,,
futex,"0x7f8f71f78034, FUTEX_WAKE_PRIVATE, 2147483647) = 0",,,
futex,"0x7f8f71f77968, FUTEX_WAKE_PRIVATE, 2147483647) = 0",,,
mmap,"NULL, 266240, PROT_READ|PROT_WRITE, MAP_PRIVATE|MAP_ANONYMOUS, -1, 0) = 0x7f8f6f3eb000",,,
mmap,"NULL, 8392704, PROT_NONE, MAP_PRIVATE|MAP_ANONYMOUS|MAP_STACK, -1, 0) = 0x7f8f6ebea000",,,
mprotect,"0x7f8f6ebeb000, 8388608, PROT_READ|PROT_WRITE) = 0",,,
clone,"child_stack=0x7f8f6f3e9eb0, flags=CLONE_VM|CLONE_FS|CLONE_FILES|CLONE_SIGHAND|CLONE_THREAD|CLONE_SYSVSEM|CLONE_SETTLS|CLONE_PARENT_SETTID|CLONE_CHILD_CLEARTID, parent_tid=[5905], tls=0x7f8f6f3ea700, child_tidptr=0x7f8f6f3ea9d0) = 5905",,,
openat,"AT_FDCWD, ""/proc/self/task/5905/comm"", O_RDWR) = 3",,,
write,"3, ""isc-worker0000"", 14)          = 14",,,
close,3)                                = 0,,,
futex,"0x7f8f6f3f0020, FUTEX_WAKE_PRIVATE, 1) = 1",,,
mmap,"NULL, 8392704, PROT_NONE, MAP_PRIVATE|MAP_ANONYMOUS|MAP_STACK, -1, 0) = 0x7f8f6e3e9000",,,
mprotect,"0x7f8f6e3ea000, 8388608, PROT_READ|PROT_WRITE) = 0",,,
brk,0x5576d1294000)                     = 0x5576d1294000,,,
clone,"child_stack=0x7f8f6ebe8eb0, flags=CLONE_VM|CLONE_FS|CLONE_FILES|CLONE_SIGHAND|CLONE_THREAD|CLONE_SYSVSEM|CLONE_SETTLS|CLONE_PARENT_SETTID|CLONE_CHILD_CLEARTID, parent_tid=[5906], tls=0x7f8f6ebe9700, child_tidptr=0x7f8f6ebe99d0) = 5906",,,
openat,"AT_FDCWD, ""/proc/self/task/5906/comm"", O_RDWR) = 3",,,
write,"3, ""isc-timer"", 9)                = 9",,,
close,3)                                = 0,,,
mmap,"NULL, 172032, PROT_READ|PROT_WRITE, MAP_PRIVATE|MAP_ANONYMOUS, -1, 0) = 0x7f8f6e3bf000",,,
pipe,"[3, 4])                            = 0",,,
fcntl,"3, F_GETFL)                       = 0 ",flags O_RDONLY),,
fcntl,"3, F_SETFL, O_RDONLY|O_NONBLOCK)  = 0",,,
brk,0x5576d12c7000)                     = 0x5576d12c7000,,,
epoll_create,2048)                      = 5,,,
epoll_ctl,"5, EPOLL_CTL_ADD, 3, {EPOLLIN, {u32=3, u64=3}}) = 0",,,
mmap,"NULL, 8392704, PROT_NONE, MAP_PRIVATE|MAP_ANONYMOUS|MAP_STACK, -1, 0) = 0x7f8f6dbbe000",,,
mprotect,"0x7f8f6dbbf000, 8388608, PROT_READ|PROT_WRITE) = 0",,,
clone,"child_stack=0x7f8f6e3bdeb0, flags=CLONE_VM|CLONE_FS|CLONE_FILES|CLONE_SIGHAND|CLONE_THREAD|CLONE_SYSVSEM|CLONE_SETTLS|CLONE_PARENT_SETTID|CLONE_CHILD_CLEARTID, parent_tid=[5907], tls=0x7f8f6e3be700, child_tidptr=0x7f8f6e3be9d0) = 5907",,,
openat,"AT_FDCWD, ""/proc/self/task/5907/comm"", O_RDWR) = 6",,,
write,"6, ""isc-socket-0"", 12)            = 12",,,
close,6)                                = 0,,,
futex,"0x7f8f721eacc0, FUTEX_WAKE_PRIVATE, 2147483647) = 0",,,
futex,"0x7f8f71f02818, FUTEX_WAKE_PRIVATE, 2147483647) = 0",,,
futex,"0x7f8f71f0280c, FUTEX_WAKE_PRIVATE, 2147483647) = 0",,,
futex,"0x7f8f71f02804, FUTEX_WAKE_PRIVATE, 2147483647) = 0",,,
futex,"0x7f8f71effc5c, FUTEX_WAKE_PRIVATE, 2147483647) = 0",,,
futex,"0x7f8f71f026c4, FUTEX_WAKE_PRIVATE, 2147483647) = 0",,,
futex,"0x7f8f71f0265c, FUTEX_WAKE_PRIVATE, 2147483647) = 0",,,
futex,"0x7f8f71f02650, FUTEX_WAKE_PRIVATE, 2147483647) = 0",,,
futex,"0x7f8f71f027fc, FUTEX_WAKE_PRIVATE, 2147483647) = 0",,,
futex,"0x7f8f71f027b8, FUTEX_WAKE_PRIVATE, 2147483647) = 0",,,
futex,"0x7f8f71f027b0, FUTEX_WAKE_PRIVATE, 2147483647) = 0",,,
openat,"AT_FDCWD, ""/usr/lib/ssl/openssl.cnf"", O_RDONLY) = 6",,,
fstat,"6, {st_mode=S_IFREG|0644, st_size=10909, ...}) = 0",,,
read,"6, ""#\n# OpenSSL example configuratio""..., 4096) = 4096",,,
brk,0x5576d12e8000)                     = 0x5576d12e8000,,,
read,"6, ""# WARNING: ancient versions of N""..., 4096) = 4096",,,
read,"6, ""es of the usage of nsCertType. I""..., 4096) = 2717",,,
read,"6, """", 4096)                       = 0",,,
close,6)                                = 0,,,
futex,"0x7f8f71f02948, FUTEX_WAKE_PRIVATE, 2147483647) = 0",,,
getpid,)                                = 5904,,,
getrandom,"\xb1\x63\xf3\x27\xb1\x2e\x83\x1d\x8a\x71\x65\xf6\x5b\x8b\x47\x8e\x69\x56\x83\xb8\x20\x7d\xa3\xce\x86\xb0\x02\x4a\xf6\x29\xe3\x5c, 32, 0) = 32",,,
getpid,)                                = 5904,,,
futex,"0x7f8f71f02918, FUTEX_WAKE_PRIVATE, 2147483647) = 0",,,
openat,"AT_FDCWD, ""/etc/resolv.conf"", O_RDONLY) = 6",,,
fstat,"6, {st_mode=S_IFREG|0644, st_size=717, ...}) = 0",,,
read,"6, ""# This file is managed by man:sy""..., 4096) = 717",,,
read,"6, """", 4096)                       = 0",,,
close,6)                                = 0,,,
openat,"AT_FDCWD, ""/usr/lib/locale/locale-archive"", O_RDONLY|O_CLOEXEC) = 6",,,
fstat,"6, {st_mode=S_IFREG|0644, st_size=5699248, ...}) = 0",,,
mmap,"NULL, 5699248, PROT_READ, MAP_PRIVATE, 6, 0) = 0x7f8f6d64e000",,,
close,6)                                = 0,,,
getpid,)                                = 5904,,,
getpid,)                                = 5904,,,
getpid,)                                = 5904,,,
getpid,)                                = 5904,,,
ioctl,"1, TCGETS, {B38400 opost isig icanon echo ...}) = 0",,,
futex,"0x7f8f6f3f1080, FUTEX_WAKE_PRIVATE, 1) = 1",,,
futex,"0x7f8f6f3f1010, FUTEX_WAKE_PRIVATE, 1) = 1",,,
rt_sigtimedwait,"[HUP INT TERM], 228.207.250.142.in-addr.arpa domain name pointer del12s11-in-f4.1e100.net.",,,
"{si_signo=SIGTERM, si_code=SI_USER, si_pid=5904, si_uid=1000}, NULL, 8) = 15 ",SIGTERM),,,
futex,"0x7f8f6f3f1080, FUTEX_WAKE_PRIVATE, 1) = 1",,,
futex,"0x7f8f6f3f1010, FUTEX_WAKE_PRIVATE, 1) = 1",,,
futex,"0x7f8f6f3f1084, FUTEX_WAKE_PRIVATE, 2147483647) = 1",,,
futex,"0x7f8f6f3f1010, FUTEX_WAKE_PRIVATE, 1) = 1",,,
write,"4, ""\0\0\0\0\377\377\377\377"", 8) = 8",,,
epoll_ctl,"5, EPOLL_CTL_DEL, 3, 0x7fff60eb8bd4) = 0",,,
close,5)                                = 0,,,
munmap,"0x7f8f6e3bf000, 172032)          = 0",,,
futex,"0x7f8f6f3f3098, FUTEX_WAKE_PRIVATE, 1) = 1",,,
futex,"0x7f8f6f3f3020, FUTEX_WAKE_PRIVATE, 1) = 1",,,
munmap,"0x7f8f6f3eb000, 266240)          = 0",,,
exit_group,0)                           = ?,,,
+++ exited with 0 +++,,,,
