Data,,,,,,
execve,/usr/bin/id," ""-u"""," ""keshav""]", 0x7ffd8b426e60 /* 50 vars */) = 0,,
brk,NULL)                               = 0x55ebeda41000,,,,,
arch_prctl,0x3001 /* ARCH_??? */,,,,,
access,/etc/ld.so.preload,,,,,
openat,AT_FDCWD, O_RDONLY|O_CLOEXEC) = 3,,,,
fstat,3, st_size=69600, ...}) = 0,,,
mmap,NULL, PROT_READ, MAP_PRIVATE,3, 0) = 0x7f9a260de000,
close,3)                                = 0,,,,,
openat,AT_FDCWD, O_RDONLY|O_CLOEXEC) = 3,,,,
read,3, 832) = 832,,,,
fstat,3, st_size=163200, ...}) = 0,,,
mmap,NULL, PROT_READ|PROT_WRITE, MAP_PRIVATE|MAP_ANONYMOUS,-1, 0) = 0x7f9a260dc000,
mmap,NULL, PROT_READ, MAP_PRIVATE|MAP_DENYWRITE,3, 0) = 0x7f9a260b1000,
mprotect,0x7f9a260b7000, PROT_NONE) = 0,,,,
mmap,0x7f9a260b7000, PROT_READ|PROT_EXEC, MAP_PRIVATE|MAP_FIXED|MAP_DENYWRITE,3, 0x6000) = 0x7f9a260b7000,
mmap,0x7f9a260d0000, PROT_READ, MAP_PRIVATE|MAP_FIXED|MAP_DENYWRITE,3, 0x1f000) = 0x7f9a260d0000,
mmap,0x7f9a260d8000, PROT_READ|PROT_WRITE, MAP_PRIVATE|MAP_FIXED|MAP_DENYWRITE,3, 0x26000) = 0x7f9a260d8000,
mmap,0x7f9a260da000, PROT_READ|PROT_WRITE, MAP_PRIVATE|MAP_FIXED|MAP_ANONYMOUS,-1, 0) = 0x7f9a260da000,
close,3)                                = 0,,,,,
openat,AT_FDCWD, O_RDONLY|O_CLOEXEC) = 3,,,,
read,3, 832) = 832,,,,
pread64,3,784, 64) = 784,,,
pread64,3,32, 848) = 32,,,
pread64,3,68, 880) = 68,,,
fstat,3, st_size=2029592, ...}) = 0,,,
pread64,3,784, 64) = 784,,,
pread64,3,32, 848) = 32,,,
pread64,3,68, 880) = 68,,,
mmap,NULL, PROT_READ, MAP_PRIVATE|MAP_DENYWRITE,3, 0) = 0x7f9a25ebf000,
mmap,0x7f9a25ee1000, PROT_READ|PROT_EXEC, MAP_PRIVATE|MAP_FIXED|MAP_DENYWRITE,3, 0x22000) = 0x7f9a25ee1000,
mmap,0x7f9a26059000, PROT_READ, MAP_PRIVATE|MAP_FIXED|MAP_DENYWRITE,3, 0x19a000) = 0x7f9a26059000,
mmap,0x7f9a260a7000, PROT_READ|PROT_WRITE, MAP_PRIVATE|MAP_FIXED|MAP_DENYWRITE,3, 0x1e7000) = 0x7f9a260a7000,
mmap,0x7f9a260ad000, PROT_READ|PROT_WRITE, MAP_PRIVATE|MAP_FIXED|MAP_ANONYMOUS,-1, 0) = 0x7f9a260ad000,
close,3)                                = 0,,,,,
openat,AT_FDCWD, O_RDONLY|O_CLOEXEC) = 3,,,,
read,3, 832) = 832,,,,
fstat,3, st_size=588488, ...}) = 0,,,
mmap,NULL, PROT_READ, MAP_PRIVATE|MAP_DENYWRITE,3, 0) = 0x7f9a25e2e000,
mmap,0x7f9a25e30000, PROT_READ|PROT_EXEC, MAP_PRIVATE|MAP_FIXED|MAP_DENYWRITE,3, 0x2000) = 0x7f9a25e30000,
mmap,0x7f9a25e95000, PROT_READ, MAP_PRIVATE|MAP_FIXED|MAP_DENYWRITE,3, 0x67000) = 0x7f9a25e95000,
mmap,0x7f9a25ebd000, PROT_READ|PROT_WRITE, MAP_PRIVATE|MAP_FIXED|MAP_DENYWRITE,3, 0x8e000) = 0x7f9a25ebd000,
close,3)                                = 0,,,,,
openat,AT_FDCWD, O_RDONLY|O_CLOEXEC) = 3,,,,
read,3, 832) = 832,,,,
fstat,3, st_size=18848, ...}) = 0,,,
mmap,NULL, PROT_READ, MAP_PRIVATE|MAP_DENYWRITE,3, 0) = 0x7f9a25e28000,
mmap,0x7f9a25e29000, PROT_READ|PROT_EXEC, MAP_PRIVATE|MAP_FIXED|MAP_DENYWRITE,3, 0x1000) = 0x7f9a25e29000,
mmap,0x7f9a25e2b000, PROT_READ, MAP_PRIVATE|MAP_FIXED|MAP_DENYWRITE,3, 0x3000) = 0x7f9a25e2b000,
mmap,0x7f9a25e2c000, PROT_READ|PROT_WRITE, MAP_PRIVATE|MAP_FIXED|MAP_DENYWRITE,3, 0x3000) = 0x7f9a25e2c000,
close,3)                                = 0,,,,,
openat,AT_FDCWD, O_RDONLY|O_CLOEXEC) = 3,,,,
read,3, 832) = 832,,,,
pread64,3,68, 824) = 68,,,
fstat,3, st_size=157224, ...}) = 0,,,
pread64,3,68, 824) = 68,,,
mmap,NULL, PROT_READ, MAP_PRIVATE|MAP_DENYWRITE,3, 0) = 0x7f9a25e05000,
mmap,0x7f9a25e0b000, PROT_READ|PROT_EXEC, MAP_PRIVATE|MAP_FIXED|MAP_DENYWRITE,3, 0x6000) = 0x7f9a25e0b000,
mmap,0x7f9a25e1c000, PROT_READ, MAP_PRIVATE|MAP_FIXED|MAP_DENYWRITE,3, 0x17000) = 0x7f9a25e1c000,
mmap,0x7f9a25e22000, PROT_READ|PROT_WRITE, MAP_PRIVATE|MAP_FIXED|MAP_DENYWRITE,3, 0x1c000) = 0x7f9a25e22000,
mmap,0x7f9a25e24000, PROT_READ|PROT_WRITE, MAP_PRIVATE|MAP_FIXED|MAP_ANONYMOUS,-1, 0) = 0x7f9a25e24000,
close,3)                                = 0,,,,,
mmap,NULL, PROT_READ|PROT_WRITE, MAP_PRIVATE|MAP_ANONYMOUS,-1, 0) = 0x7f9a25e03000,
arch_prctl,ARCH_SET_FS,,,,,
mprotect,0x7f9a260a7000, PROT_READ) = 0,,,,
mprotect,0x7f9a25e22000, PROT_READ) = 0,,,,
mprotect,0x7f9a25e2c000, PROT_READ) = 0,,,,
mprotect,0x7f9a25ebd000, PROT_READ) = 0,,,,
mprotect,0x7f9a260d8000, PROT_READ) = 0,,,,
mprotect,0x55ebed40f000, PROT_READ) = 0,,,,
mprotect,0x7f9a2611c000, PROT_READ) = 0,,,,
munmap,0x7f9a260de000,,,,,
set_tid_address,0x7f9a25e046d0)         = 12022,,,,,
set_robust_list,0x7f9a25e046e0,,,,,
rt_sigaction,SIGRTMIN, sa_mask=[], sa_flags=SA_RESTORER|SA_SIGINFO, sa_restorer=0x7f9a25e19420}, NULL, 8) = 0
rt_sigaction,SIGRT_1, sa_mask=[], sa_flags=SA_RESTORER|SA_RESTART|SA_SIGINFO, sa_restorer=0x7f9a25e19420}, NULL, 8) = 0
rt_sigprocmask,SIG_UNBLOCK, NULL, 8) = 0,,,
prlimit64,0, NULL, {rlim_cur=8192*1024, rlim_max=RLIM64_INFINITY}) = 0,,
statfs,/sys/fs/selinux,,,,,
statfs,/selinux,,,,,
brk,NULL)                               = 0x55ebeda41000,,,,,
brk,0x55ebeda62000)                     = 0x55ebeda62000,,,,,
openat,AT_FDCWD, O_RDONLY|O_CLOEXEC) = 3,,,,
fstat,3, st_size=0, ...}) = 0,,,
read,3, 1024) = 387,,,,
read,3, 1024)                       = 0,,,,
close,3)                                = 0,,,,,
access,/etc/selinux/config,,,,,
openat,AT_FDCWD, O_RDONLY|O_CLOEXEC) = 3,,,,
fstat,3, st_size=5699248, ...}) = 0,,,
mmap,NULL, PROT_READ, MAP_PRIVATE,3, 0) = 0x7f9a25893000,
close,3)                                = 0,,,,,
socket,AF_UNIX, 0) = 3,,,,
connect,3," sun_path=""/var/run/nscd/socket""}", 110) = -1 ENOENT (No such file or directory),,,
close,3)                                = 0,,,,,
socket,AF_UNIX, 0) = 3,,,,
connect,3," sun_path=""/var/run/nscd/socket""}", 110) = -1 ENOENT (No such file or directory),,,
close,3)                                = 0,,,,,
openat,AT_FDCWD, O_RDONLY|O_CLOEXEC) = 3,,,,
fstat,3, st_size=542, ...}) = 0,,,
read,3, 4096) = 542,,,,
read,3, 4096)                       = 0,,,,
close,3)                                = 0,,,,,
openat,AT_FDCWD, O_RDONLY|O_CLOEXEC) = 3,,,,
fstat,3, st_size=69600, ...}) = 0,,,
mmap,NULL, PROT_READ, MAP_PRIVATE,3, 0) = 0x7f9a260de000,
close,3)                                = 0,,,,,
openat,AT_FDCWD, O_RDONLY|O_CLOEXEC) = 3,,,,
read,3, 832) = 832,,,,
fstat,3, st_size=51856, ...}) = 0,,,
mmap,NULL, PROT_READ, MAP_PRIVATE|MAP_DENYWRITE,3, 0) = 0x7f9a2587f000,
mmap,0x7f9a25882000, PROT_READ|PROT_EXEC, MAP_PRIVATE|MAP_FIXED|MAP_DENYWRITE,3, 0x3000) = 0x7f9a25882000,
mmap,0x7f9a25889000, PROT_READ, MAP_PRIVATE|MAP_FIXED|MAP_DENYWRITE,3, 0xa000) = 0x7f9a25889000,
mmap,0x7f9a2588b000, PROT_READ|PROT_WRITE, MAP_PRIVATE|MAP_FIXED|MAP_DENYWRITE,3, 0xb000) = 0x7f9a2588b000,
mmap,0x7f9a2588d000, PROT_READ|PROT_WRITE, MAP_PRIVATE|MAP_FIXED|MAP_ANONYMOUS,-1, 0) = 0x7f9a2588d000,
close,3)                                = 0,,,,,
mprotect,0x7f9a2588b000, PROT_READ) = 0,,,,
munmap,0x7f9a260de000,,,,,
openat,AT_FDCWD, O_RDONLY|O_CLOEXEC) = 3,,,,
lseek,3, SEEK_CUR)                   = 0,,,,
fstat,3, st_size=2929, ...}) = 0,,,
read,3, 4096) = 2929,,,,
close,3)                                = 0,,,,,
openat,AT_FDCWD, O_RDONLY|O_CLOEXEC) = 3,,,,
lseek,3, SEEK_CUR)                   = 0,,,,
fstat,3, st_size=2929, ...}) = 0,,,
read,3, 4096) = 2929,,,,
close,3)                                = 0,,,,,
fstat,1, st_rdev=makedev(0x88, 0), ...}) = 0,,
write,1, 5)                   = 5,,,,
close,1)                                = 0,,,,,
close,2)                                = 0,,,,,
exit_group,0)                           = ?,,,,,
+++ exited with 0 +++,,,,,,
