Data,,,,,,
execve,/usr/bin/install," ""--version""]", 0x7ffce171d5e8 /* 50 vars */) = 0,,,
brk,NULL)                               = 0x5626e9bf5000,,,,,
arch_prctl,0x3001 /* ARCH_??? */,,,,,
access,/etc/ld.so.preload,,,,,
openat,AT_FDCWD, O_RDONLY|O_CLOEXEC) = 3,,,,
fstat,3, st_size=69600, ...}) = 0,,,
mmap,NULL, PROT_READ, MAP_PRIVATE,3, 0) = 0x7f6058e78000,
close,3)                                = 0,,,,,
openat,AT_FDCWD, O_RDONLY|O_CLOEXEC) = 3,,,,
read,3, 832) = 832,,,,
fstat,3, st_size=163200, ...}) = 0,,,
mmap,NULL, PROT_READ|PROT_WRITE, MAP_PRIVATE|MAP_ANONYMOUS,-1, 0) = 0x7f6058e76000,
mmap,NULL, PROT_READ, MAP_PRIVATE|MAP_DENYWRITE,3, 0) = 0x7f6058e4b000,
mprotect,0x7f6058e51000, PROT_NONE) = 0,,,,
mmap,0x7f6058e51000, PROT_READ|PROT_EXEC, MAP_PRIVATE|MAP_FIXED|MAP_DENYWRITE,3, 0x6000) = 0x7f6058e51000,
mmap,0x7f6058e6a000, PROT_READ, MAP_PRIVATE|MAP_FIXED|MAP_DENYWRITE,3, 0x1f000) = 0x7f6058e6a000,
mmap,0x7f6058e72000, PROT_READ|PROT_WRITE, MAP_PRIVATE|MAP_FIXED|MAP_DENYWRITE,3, 0x26000) = 0x7f6058e72000,
mmap,0x7f6058e74000, PROT_READ|PROT_WRITE, MAP_PRIVATE|MAP_FIXED|MAP_ANONYMOUS,-1, 0) = 0x7f6058e74000,
close,3)                                = 0,,,,,
openat,AT_FDCWD, O_RDONLY|O_CLOEXEC) = 3,,,,
read,3, 832) = 832,,,,
fstat,3, st_size=39088, ...}) = 0,,,
mmap,NULL, PROT_READ, MAP_PRIVATE|MAP_DENYWRITE,3, 0) = 0x7f6058e40000,
mmap,0x7f6058e42000, PROT_READ|PROT_EXEC, MAP_PRIVATE|MAP_FIXED|MAP_DENYWRITE,3, 0x2000) = 0x7f6058e42000,
mmap,0x7f6058e47000, PROT_READ, MAP_PRIVATE|MAP_FIXED|MAP_DENYWRITE,3, 0x7000) = 0x7f6058e47000,
mmap,0x7f6058e49000, PROT_READ|PROT_WRITE, MAP_PRIVATE|MAP_FIXED|MAP_DENYWRITE,3, 0x8000) = 0x7f6058e49000,
close,3)                                = 0,,,,,
openat,AT_FDCWD, O_RDONLY|O_CLOEXEC) = 3,,,,
read,3, 832) = 832,,,,
fstat,3, st_size=26696, ...}) = 0,,,
mmap,NULL, PROT_READ, MAP_PRIVATE|MAP_DENYWRITE,3, 0) = 0x7f6058e38000,
mmap,0x7f6058e3a000, PROT_READ|PROT_EXEC, MAP_PRIVATE|MAP_FIXED|MAP_DENYWRITE,3, 0x2000) = 0x7f6058e3a000,
mmap,0x7f6058e3d000, PROT_READ, MAP_PRIVATE|MAP_FIXED|MAP_DENYWRITE,3, 0x5000) = 0x7f6058e3d000,
mmap,0x7f6058e3e000, PROT_READ|PROT_WRITE, MAP_PRIVATE|MAP_FIXED|MAP_DENYWRITE,3, 0x5000) = 0x7f6058e3e000,
close,3)                                = 0,,,,,
openat,AT_FDCWD, O_RDONLY|O_CLOEXEC) = 3,,,,
read,3, 832) = 832,,,,
pread64,3,784, 64) = 784,,,
pread64,3,32, 848) = 32,,,
pread64,3,68, 880) = 68,,,
fstat,3, st_size=2029592, ...}) = 0,,,
pread64,3,784, 64) = 784,,,
pread64,3,32, 848) = 32,,,
pread64,3,68, 880) = 68,,,
mmap,NULL, PROT_READ, MAP_PRIVATE|MAP_DENYWRITE,3, 0) = 0x7f6058c46000,
mmap,0x7f6058c68000, PROT_READ|PROT_EXEC, MAP_PRIVATE|MAP_FIXED|MAP_DENYWRITE,3, 0x22000) = 0x7f6058c68000,
mmap,0x7f6058de0000, PROT_READ, MAP_PRIVATE|MAP_FIXED|MAP_DENYWRITE,3, 0x19a000) = 0x7f6058de0000,
mmap,0x7f6058e2e000, PROT_READ|PROT_WRITE, MAP_PRIVATE|MAP_FIXED|MAP_DENYWRITE,3, 0x1e7000) = 0x7f6058e2e000,
mmap,0x7f6058e34000, PROT_READ|PROT_WRITE, MAP_PRIVATE|MAP_FIXED|MAP_ANONYMOUS,-1, 0) = 0x7f6058e34000,
close,3)                                = 0,,,,,
openat,AT_FDCWD, O_RDONLY|O_CLOEXEC) = 3,,,,
read,3, 832) = 832,,,,
fstat,3, st_size=588488, ...}) = 0,,,
mmap,NULL, PROT_READ, MAP_PRIVATE|MAP_DENYWRITE,3, 0) = 0x7f6058bb5000,
mmap,0x7f6058bb7000, PROT_READ|PROT_EXEC, MAP_PRIVATE|MAP_FIXED|MAP_DENYWRITE,3, 0x2000) = 0x7f6058bb7000,
mmap,0x7f6058c1c000, PROT_READ, MAP_PRIVATE|MAP_FIXED|MAP_DENYWRITE,3, 0x67000) = 0x7f6058c1c000,
mmap,0x7f6058c44000, PROT_READ|PROT_WRITE, MAP_PRIVATE|MAP_FIXED|MAP_DENYWRITE,3, 0x8e000) = 0x7f6058c44000,
close,3)                                = 0,,,,,
openat,AT_FDCWD, O_RDONLY|O_CLOEXEC) = 3,,,,
read,3, 832) = 832,,,,
fstat,3, st_size=18848, ...}) = 0,,,
mmap,NULL, PROT_READ, MAP_PRIVATE|MAP_DENYWRITE,3, 0) = 0x7f6058baf000,
mmap,0x7f6058bb0000, PROT_READ|PROT_EXEC, MAP_PRIVATE|MAP_FIXED|MAP_DENYWRITE,3, 0x1000) = 0x7f6058bb0000,
mmap,0x7f6058bb2000, PROT_READ, MAP_PRIVATE|MAP_FIXED|MAP_DENYWRITE,3, 0x3000) = 0x7f6058bb2000,
mmap,0x7f6058bb3000, PROT_READ|PROT_WRITE, MAP_PRIVATE|MAP_FIXED|MAP_DENYWRITE,3, 0x3000) = 0x7f6058bb3000,
close,3)                                = 0,,,,,
openat,AT_FDCWD, O_RDONLY|O_CLOEXEC) = 3,,,,
read,3, 832) = 832,,,,
pread64,3,68, 824) = 68,,,
fstat,3, st_size=157224, ...}) = 0,,,
mmap,NULL, PROT_READ|PROT_WRITE, MAP_PRIVATE|MAP_ANONYMOUS,-1, 0) = 0x7f6058bad000,
pread64,3,68, 824) = 68,,,
mmap,NULL, PROT_READ, MAP_PRIVATE|MAP_DENYWRITE,3, 0) = 0x7f6058b8a000,
mmap,0x7f6058b90000, PROT_READ|PROT_EXEC, MAP_PRIVATE|MAP_FIXED|MAP_DENYWRITE,3, 0x6000) = 0x7f6058b90000,
mmap,0x7f6058ba1000, PROT_READ, MAP_PRIVATE|MAP_FIXED|MAP_DENYWRITE,3, 0x17000) = 0x7f6058ba1000,
mmap,0x7f6058ba7000, PROT_READ|PROT_WRITE, MAP_PRIVATE|MAP_FIXED|MAP_DENYWRITE,3, 0x1c000) = 0x7f6058ba7000,
mmap,0x7f6058ba9000, PROT_READ|PROT_WRITE, MAP_PRIVATE|MAP_FIXED|MAP_ANONYMOUS,-1, 0) = 0x7f6058ba9000,
close,3)                                = 0,,,,,
mmap,NULL, PROT_READ|PROT_WRITE, MAP_PRIVATE|MAP_ANONYMOUS,-1, 0) = 0x7f6058b87000,
arch_prctl,ARCH_SET_FS,,,,,
mprotect,0x7f6058e2e000, PROT_READ) = 0,,,,
mprotect,0x7f6058ba7000, PROT_READ) = 0,,,,
mprotect,0x7f6058bb3000, PROT_READ) = 0,,,,
mprotect,0x7f6058c44000, PROT_READ) = 0,,,,
mprotect,0x7f6058e3e000, PROT_READ) = 0,,,,
mprotect,0x7f6058e49000, PROT_READ) = 0,,,,
mprotect,0x7f6058e72000, PROT_READ) = 0,,,,
mprotect,0x5626e7d45000, PROT_READ) = 0,,,,
mprotect,0x7f6058eb6000, PROT_READ) = 0,,,,
munmap,0x7f6058e78000,,,,,
set_tid_address,0x7f6058b87ad0)         = 2830,,,,,
set_robust_list,0x7f6058b87ae0,,,,,
rt_sigaction,SIGRTMIN, sa_mask=[], sa_flags=SA_RESTORER|SA_SIGINFO, sa_restorer=0x7f6058b9e420}, NULL, 8) = 0
rt_sigaction,SIGRT_1, sa_mask=[], sa_flags=SA_RESTORER|SA_RESTART|SA_SIGINFO, sa_restorer=0x7f6058b9e420}, NULL, 8) = 0
rt_sigprocmask,SIG_UNBLOCK, NULL, 8) = 0,,,
prlimit64,0, NULL, {rlim_cur=8192*1024, rlim_max=RLIM64_INFINITY}) = 0,,
statfs,/sys/fs/selinux,,,,,
statfs,/selinux,,,,,
brk,NULL)                               = 0x5626e9bf5000,,,,,
brk,0x5626e9c16000)                     = 0x5626e9c16000,,,,,
openat,AT_FDCWD, O_RDONLY|O_CLOEXEC) = 3,,,,
fstat,3, st_size=0, ...}) = 0,,,
read,3, 1024) = 387,,,,
read,3, 1024)                       = 0,,,,
close,3)                                = 0,,,,,
access,/etc/selinux/config,,,,,
openat,AT_FDCWD, O_RDONLY|O_CLOEXEC) = 3,,,,
fstat,3, st_size=5699248, ...}) = 0,,,
mmap,NULL, PROT_READ, MAP_PRIVATE,3, 0) = 0x7f6058617000,
close,3)                                = 0,,,,,
geteuid,)                               = 1000,,,,,
umask,000)                              = 002,,,,,
fstat,1, st_rdev=makedev(0x88, 0), ...}) = 0,,
write,1, 29) = 29,,,,
openat,AT_FDCWD, O_RDONLY|O_CLOEXEC) = 3,,,,
fstat,3, st_size=2996, ...}) = 0,,,
read,3, 4096) = 2996,,,,
read,3, 4096)                       = 0,,,,
close,3)                                = 0,,,,,
openat,AT_FDCWD, O_RDONLY) = -1 ENOENT (No such file or directory),,,,
openat,AT_FDCWD, O_RDONLY) = -1 ENOENT (No such file or directory),,,,
openat,AT_FDCWD, O_RDONLY) = -1 ENOENT (No such file or directory),,,,
openat,AT_FDCWD, O_RDONLY) = 3,,,,
fstat,3, st_size=613, ...}) = 0,,,
mmap,NULL, PROT_READ, MAP_PRIVATE,3, 0) = 0x7f6058eb5000,
close,3)                                = 0,,,,,
write,1, 252) = 252,,,,
write,1, 28) = 28,,,,
lseek,0, SEEK_CUR)                   = -1 ESPIPE (Illegal seek),,,,
close,0)                                = 0,,,,,
close,1)                                = 0,,,,,
close,2)                                = 0,,,,,
exit_group,0)                           = ?,,,,,
+++ exited with 0 +++,,,,,,
