Data,,,,,
execve,/usr/bin/lastlog," ""-u"""," ""keshav""]", 0x7ffc72633860 /* 50 vars */) = 0,
brk,NULL)                               = 0x563add726000,,,,
arch_prctl,0x3001 /* ARCH_??? */,,,,
access,/etc/ld.so.preload,,,,
openat,AT_FDCWD, O_RDONLY|O_CLOEXEC) = 3,,,
fstat,3, st_size=69600, ...}) = 0,,
mmap,NULL, PROT_READ, MAP_PRIVATE,3, 0) = 0x7f4b9cf2c000
close,3)                                = 0,,,,
openat,AT_FDCWD, O_RDONLY|O_CLOEXEC) = 3,,,
read,3, 832) = 832,,,
fstat,3, st_size=133200, ...}) = 0,,
mmap,NULL, PROT_READ|PROT_WRITE, MAP_PRIVATE|MAP_ANONYMOUS,-1, 0) = 0x7f4b9cf2a000
mmap,NULL, PROT_READ, MAP_PRIVATE|MAP_DENYWRITE,3, 0) = 0x7f4b9cefe000
mprotect,0x7f4b9cf01000, PROT_NONE) = 0,,,
mmap,0x7f4b9cf01000, PROT_READ|PROT_EXEC, MAP_PRIVATE|MAP_FIXED|MAP_DENYWRITE,3, 0x3000) = 0x7f4b9cf01000
mmap,0x7f4b9cf09000, PROT_READ, MAP_PRIVATE|MAP_FIXED|MAP_DENYWRITE,3, 0xb000) = 0x7f4b9cf09000
mmap,0x7f4b9cf1e000, PROT_READ|PROT_WRITE, MAP_PRIVATE|MAP_FIXED|MAP_DENYWRITE,3, 0x1f000) = 0x7f4b9cf1e000
mmap,0x7f4b9cf20000, PROT_READ|PROT_WRITE, MAP_PRIVATE|MAP_FIXED|MAP_ANONYMOUS,-1, 0) = 0x7f4b9cf20000
close,3)                                = 0,,,,
openat,AT_FDCWD, O_RDONLY|O_CLOEXEC) = 3,,,
read,3, 832) = 832,,,
pread64,3,784, 64) = 784,,
pread64,3,32, 848) = 32,,
pread64,3,68, 880) = 68,,
fstat,3, st_size=2029592, ...}) = 0,,
pread64,3,784, 64) = 784,,
pread64,3,32, 848) = 32,,
pread64,3,68, 880) = 68,,
mmap,NULL, PROT_READ, MAP_PRIVATE|MAP_DENYWRITE,3, 0) = 0x7f4b9cd0c000
mmap,0x7f4b9cd2e000, PROT_READ|PROT_EXEC, MAP_PRIVATE|MAP_FIXED|MAP_DENYWRITE,3, 0x22000) = 0x7f4b9cd2e000
mmap,0x7f4b9cea6000, PROT_READ, MAP_PRIVATE|MAP_FIXED|MAP_DENYWRITE,3, 0x19a000) = 0x7f4b9cea6000
mmap,0x7f4b9cef4000, PROT_READ|PROT_WRITE, MAP_PRIVATE|MAP_FIXED|MAP_DENYWRITE,3, 0x1e7000) = 0x7f4b9cef4000
mmap,0x7f4b9cefa000, PROT_READ|PROT_WRITE, MAP_PRIVATE|MAP_FIXED|MAP_ANONYMOUS,-1, 0) = 0x7f4b9cefa000
close,3)                                = 0,,,,
openat,AT_FDCWD, O_RDONLY|O_CLOEXEC) = 3,,,
read,3, 832) = 832,,,
fstat,3, st_size=27064, ...}) = 0,,
mmap,NULL, PROT_READ, MAP_PRIVATE|MAP_DENYWRITE,3, 0) = 0x7f4b9cd04000
mmap,0x7f4b9cd06000, PROT_READ|PROT_EXEC, MAP_PRIVATE|MAP_FIXED|MAP_DENYWRITE,3, 0x2000) = 0x7f4b9cd06000
mmap,0x7f4b9cd09000, PROT_READ, MAP_PRIVATE|MAP_FIXED|MAP_DENYWRITE,3, 0x5000) = 0x7f4b9cd09000
mmap,0x7f4b9cd0a000, PROT_READ|PROT_WRITE, MAP_PRIVATE|MAP_FIXED|MAP_DENYWRITE,3, 0x5000) = 0x7f4b9cd0a000
close,3)                                = 0,,,,
mmap,NULL, PROT_READ|PROT_WRITE, MAP_PRIVATE|MAP_ANONYMOUS,-1, 0) = 0x7f4b9cd01000
arch_prctl,ARCH_SET_FS,,,,
mprotect,0x7f4b9cef4000, PROT_READ) = 0,,,
mprotect,0x7f4b9cd0a000, PROT_READ) = 0,,,
mprotect,0x7f4b9cf1e000, PROT_READ) = 0,,,
mprotect,0x563adceb1000, PROT_READ) = 0,,,
mprotect,0x7f4b9cf6a000, PROT_READ) = 0,,,
munmap,0x7f4b9cf2c000,,,,
openat,AT_FDCWD, O_RDONLY|O_CLOEXEC) = 3,,,
fstat,3, st_size=5699248, ...}) = 0,,
mmap,NULL, PROT_READ, MAP_PRIVATE,3, 0) = 0x7f4b9c791000
close,3)                                = 0,,,,
brk,NULL)                               = 0x563add726000,,,,
brk,0x563add747000)                     = 0x563add747000,,,,
socket,AF_NETLINK, NETLINK_AUDIT) = 3,,,
fcntl,3, FD_CLOEXEC)           = 0,,,
socket,AF_UNIX, 0) = 4,,,
connect,4," sun_path=""/var/run/nscd/socket""}", 110) = -1 ENOENT (No such file or directory),,
close,4)                                = 0,,,,
socket,AF_UNIX, 0) = 4,,,
connect,4," sun_path=""/var/run/nscd/socket""}", 110) = -1 ENOENT (No such file or directory),,
close,4)                                = 0,,,,
openat,AT_FDCWD, O_RDONLY|O_CLOEXEC) = 4,,,
fstat,4, st_size=542, ...}) = 0,,
read,4, 4096) = 542,,,
read,4, 4096)                       = 0,,,
close,4)                                = 0,,,,
openat,AT_FDCWD, O_RDONLY|O_CLOEXEC) = 4,,,
fstat,4, st_size=69600, ...}) = 0,,
mmap,NULL, PROT_READ, MAP_PRIVATE,4, 0) = 0x7f4b9cf2c000
close,4)                                = 0,,,,
openat,AT_FDCWD, O_RDONLY|O_CLOEXEC) = 4,,,
read,4, 832) = 832,,,
fstat,4, st_size=51856, ...}) = 0,,
mmap,NULL, PROT_READ, MAP_PRIVATE|MAP_DENYWRITE,4, 0) = 0x7f4b9c77d000
mmap,0x7f4b9c780000, PROT_READ|PROT_EXEC, MAP_PRIVATE|MAP_FIXED|MAP_DENYWRITE,4, 0x3000) = 0x7f4b9c780000
mmap,0x7f4b9c787000, PROT_READ, MAP_PRIVATE|MAP_FIXED|MAP_DENYWRITE,4, 0xa000) = 0x7f4b9c787000
mmap,0x7f4b9c789000, PROT_READ|PROT_WRITE, MAP_PRIVATE|MAP_FIXED|MAP_DENYWRITE,4, 0xb000) = 0x7f4b9c789000
mmap,0x7f4b9c78b000, PROT_READ|PROT_WRITE, MAP_PRIVATE|MAP_FIXED|MAP_ANONYMOUS,-1, 0) = 0x7f4b9c78b000
close,4)                                = 0,,,,
mprotect,0x7f4b9c789000, PROT_READ) = 0,,,
munmap,0x7f4b9cf2c000,,,,
openat,AT_FDCWD, O_RDONLY|O_CLOEXEC) = 4,,,
lseek,4, SEEK_CUR)                   = 0,,,
fstat,4, st_size=2976, ...}) = 0,,
read,4, 4096) = 2976,,,
close,4)                                = 0,,,,
openat,AT_FDCWD, O_RDONLY) = 4,,,
fstat,4, st_size=292584, ...}) = 0,,
openat,AT_FDCWD, O_RDONLY) = 5,,,
fstat,5, st_size=10550, ...}) = 0,,
read,5, 4096) = 4096,,,
read,5, 4096) = 4096,,,
read,5, 4096) = 2358,,,
read,5, 4096)                       = 0,,,
close,5)                                = 0,,,,
openat,AT_FDCWD, O_RDONLY|O_CLOEXEC) = 5,,,
lseek,5, SEEK_CUR)                   = 0,,,
fstat,5, st_size=2976, ...}) = 0,,
read,5, 4096) = 2976,,,
close,5)                                = 0,,,,
fstat,4, st_size=292584, ...}) = 0,,
lseek,4, SEEK_SET)              = 290816,,,
read,4, 1184) = 1184,,,
read,4, 4096) = 584,,,
openat,AT_FDCWD, O_RDONLY|O_CLOEXEC) = 5,,,
fstat,5, st_size=2996, ...}) = 0,,
read,5, 4096) = 2996,,,
read,5, 4096)                       = 0,,,
close,5)                                = 0,,,,
openat,AT_FDCWD, O_RDONLY) = -1 ENOENT (No such file or directory),,,
openat,AT_FDCWD, O_RDONLY) = -1 ENOENT (No such file or directory),,,
openat,AT_FDCWD, O_RDONLY) = -1 ENOENT (No such file or directory),,,
openat,AT_FDCWD, O_RDONLY) = -1 ENOENT (No such file or directory),,,
fstat,1, st_rdev=makedev(0x88, 0), ...}) = 0,
write,1, 50) = 50,,,
openat,AT_FDCWD, O_RDONLY|O_CLOEXEC) = 5,,,
fstat,5, st_size=303, ...}) = 0,,
fstat,5, st_size=303, ...}) = 0,,
read,5, 4096) = 303,,,
lseek,5, SEEK_CUR)                = 124,,,
read,5, 4096) = 179,,,
close,5)                                = 0,,,,
write,1, 63) = 63,,,
close,4)                                = 0,,,,
exit_group,0)                           = ?,,,,
+++ exited with 0 +++,,,,,
