Data,,,,,,,,
execve,/usr/bin/less,," ""sample.txt""]", 0x7fff1ff0bbc0 /* 50 vars */) = 0,,,,
brk,NULL)                               = 0x55f0c1247000,,,,,,,
arch_prctl,0x3001 /* ARCH_??? */,,,,,,,
access,/etc/ld.so.preload,,,,,,,
openat,AT_FDCWD,,,,,,,
fstat,3,, ...}) = 0,,,,,
mmap,NULL,, MAP_PRIVATE,3, 0) = 0x7f7d837b1000,,,
close,3)                                = 0,,,,,,,
openat,AT_FDCWD,,,,,,,
read,3,,,,,,,
fstat,3,, ...}) = 0,,,,,
mmap,NULL,, MAP_PRIVATE|MAP_ANONYMOUS,-1, 0) = 0x7f7d837af000,,,
mmap,NULL,, MAP_PRIVATE|MAP_DENYWRITE,3, 0) = 0x7f7d8377f000,,,
mmap,0x7f7d8378d000,, MAP_PRIVATE|MAP_FIXED|MAP_DENYWRITE,3, 0xe000) = 0x7f7d8378d000,,,
mmap,0x7f7d8379c000,, MAP_PRIVATE|MAP_FIXED|MAP_DENYWRITE,3, 0x1d000) = 0x7f7d8379c000,,,
mmap,0x7f7d837aa000,, MAP_PRIVATE|MAP_FIXED|MAP_DENYWRITE,3, 0x2a000) = 0x7f7d837aa000,,,
close,3)                                = 0,,,,,,,
openat,AT_FDCWD,,,,,,,
read,3,,,,,,,
pread64,3,, 64) = 784,,,,,
pread64,3,, 848) = 32,,,,,
pread64,3,, 880) = 68,,,,,
fstat,3,, ...}) = 0,,,,,
pread64,3,, 64) = 784,,,,,
pread64,3,, 848) = 32,,,,,
pread64,3,, 880) = 68,,,,,
mmap,NULL,, MAP_PRIVATE|MAP_DENYWRITE,3, 0) = 0x7f7d8358d000,,,
mmap,0x7f7d835af000,, MAP_PRIVATE|MAP_FIXED|MAP_DENYWRITE,3, 0x22000) = 0x7f7d835af000,,,
mmap,0x7f7d83727000,, MAP_PRIVATE|MAP_FIXED|MAP_DENYWRITE,3, 0x19a000) = 0x7f7d83727000,,,
mmap,0x7f7d83775000,, MAP_PRIVATE|MAP_FIXED|MAP_DENYWRITE,3, 0x1e7000) = 0x7f7d83775000,,,
mmap,0x7f7d8377b000,, MAP_PRIVATE|MAP_FIXED|MAP_ANONYMOUS,-1, 0) = 0x7f7d8377b000,,,
close,3)                                = 0,,,,,,,
mmap,NULL,, MAP_PRIVATE|MAP_ANONYMOUS,-1, 0) = 0x7f7d8358a000,,,
arch_prctl,ARCH_SET_FS,,,,,,,
mprotect,0x7f7d83775000,,,,,,,
mprotect,0x7f7d837aa000,,,,,,,
mprotect,0x55f0c0195000,,,,,,,
mprotect,0x7f7d837ef000,,,,,,,
munmap,0x7f7d837b1000,,,,,,,
ioctl,1,,,,,,,
brk,NULL)                               = 0x55f0c1247000,,,,,,,
brk,0x55f0c1268000)                     = 0x55f0c1268000,,,,,,,
openat,AT_FDCWD,,,,,,,
openat,AT_FDCWD,,,,,,,
openat,AT_FDCWD,,,,,,,
ioctl,1,,,,,,,
stat,/home/keshav/.terminfo,,,,,,,
stat,/etc/terminfo,, ...}) = 0,,,,,
stat,/lib/terminfo,, ...}) = 0,,,,,
stat,/usr/share/terminfo,, ...}) = 0,,,,,
access,/etc/terminfo/x/xterm-256color,,,,,,,
access,/lib/terminfo/x/xterm-256color,,,,,,,
openat,AT_FDCWD,,,,,,,
fstat,3,, ...}) = 0,,,,,
read,3,,,,,,,
read,3,,,,,,,
close,3)                                = 0,,,,,,,
ioctl,1,,,,,,,
ioctl,1,,,,,,,
ioctl,1,,,,,,,
ioctl,1,,,,,,,
ioctl,1,, ws_col=79, ws_xpixel=0, ws_ypixel=0}) = 0,,,
ioctl,2,, ws_col=79, ws_xpixel=0, ws_ypixel=0}) = 0,,,
openat,AT_FDCWD,,,,,,,
fstat,3,, ...}) = 0,,,,,
mmap,NULL,, MAP_PRIVATE,3, 0) = 0x7f7d8301a000,,,
close,3)                                = 0,,,,,,,
openat,AT_FDCWD,,,,,,,
getcwd,/home/keshav/Keshav_demo,,,,,,,
lstat,/home/keshav/Keshav_demo/sample.txt,, ...}) = 0,,,,,
getcwd,/home/keshav/Keshav_demo,,,,,,,
lstat,/home/keshav/Keshav_demo/sample.txt,, ...}) = 0,,,,,
openat,AT_FDCWD,,,,,,,
ioctl,3,,,,,,,
fsync,3)                                = -1 EINVAL ,Invalid argument),,,,,,
ioctl,3,,,,,,,
ioctl,3,,,,,,,
ioctl,3,,,,,,,
rt_sigaction,SIGINT,, sa_flags=SA_RESTORER|SA_RESTART, sa_restorer=0x7f7d835d0090}, {sa_handler=SIG_DFL, sa_mask=[], sa_flags=0}, 8) = 0
rt_sigaction,SIGTSTP,, sa_flags=SA_RESTORER|SA_RESTART, sa_restorer=0x7f7d835d0090}, {sa_handler=SIG_DFL, sa_mask=[], sa_flags=0}, 8) = 0
rt_sigaction,SIGWINCH,, sa_flags=SA_RESTORER|SA_RESTART, sa_restorer=0x7f7d835d0090}, {sa_handler=SIG_DFL, sa_mask=[], sa_flags=0}, 8) = 0
rt_sigaction,SIGQUIT,, sa_flags=SA_RESTORER|SA_RESTART, sa_restorer=0x7f7d835d0090}, {sa_handler=SIG_DFL, sa_mask=[], sa_flags=0}, 8) = 0
rt_sigaction,SIGTERM,, sa_flags=SA_RESTORER|SA_RESTART, sa_restorer=0x7f7d835d0090}, {sa_handler=SIG_DFL, sa_mask=[], sa_flags=0}, 8) = 0
pipe2,[4,,,,,,,
prlimit64,0,, {rlim_cur=1024, rlim_max=1024*1024}) = 0,,,,
prlimit64,0,, {rlim_cur=1024, rlim_max=1024*1024}) = 0,,,,
mmap,NULL,, MAP_PRIVATE|MAP_ANONYMOUS|MAP_STACK,-1, 0) = 0x7f7d837b9000,,,
rt_sigprocmask,SIG_BLOCK,, 8)   = 0,,,,,
clone,child_stack=0x7f7d837c1ff0,,,,,,,
munmap,0x7f7d837b9000,,,,,,,
rt_sigprocmask,SIG_SETMASK,, 8) = 0,,,,,
close,5)                                = 0,,,,,,,
fcntl,4,,,,,,,
read,4,,,,,,,
--- SIGCHLD {si_signo=SIGCHLD,,, si_uid=1000, si_status=0, si_utime=0, si_stime=0} ---,,
close,4)                                = 0,,,,,,,
wait4,6479,, NULL) = 6479,,,,,
stat,sample.txt,, ...}) = 0,,,,,
stat,sample.txt,, ...}) = 0,,,,,
openat,AT_FDCWD,,,,,,,
lseek,4,,,,,,,
lseek,4,,,,,,,
read,4,,,,,,,
lseek,4,,,,,,,
fstat,4,, ...}) = 0,,,,,
lseek,4,,,,,,,
stat,sample.txt,, ...}) = 0,,,,,
write,1,,,,,,,
read,4,,,,,,,
write,1,,,,,,,
read,3,,,,,,,
write,1,,,,,,,
write,1,,,,,,,
read,3,,,,,,,
write,1,,,,,,,
write,1,,,,,,,
read,3,,,,,,,
write,1,,,,,,,
write,1,,,,,,,
read,3,,,,,,,
write,1,,,,,,,
write,1,,,,,,,
read,3,,,,,,,
read,3,,,,,,,
write,1,,,,,,,
read,3,,,,,,,
write,1,,,,,,,
read,3,,,,,,,
write,1,,,,,,,
read,3,,,,,,,
write,1,,,,,,,
read,3,,,,,,,
write,1,,,,,,,
read,3,,,,,,,
write,1,,,,,,,
read,3,,,,,,,
write,1,,,,,,,
write,1,,,,,,,
read,3,,,,,,,
write,1,,,,,,,
read,3,,,,,,,
close,4)                                = 0,,,,,,,
write,1,,,,,,,
fsync,3)                                = -1 EINVAL ,Invalid argument),,,,,,
ioctl,3,,,,,,,
ioctl,3,,,,,,,
ioctl,3,,,,,,,
exit_group,0)                           = ?,,,,,,,
+++ exited with 0 +++,,,,,,,,
