Data,,,,,,
execve,/usr/bin/ls," ""-l""]", 0x7ffe63eb0998 /* 50 vars */) = 0,,,
brk,NULL)                               = 0x5590d69ac000,,,,,
arch_prctl,0x3001 /* ARCH_??? */,,,,,
access,/etc/ld.so.preload,,,,,
openat,AT_FDCWD, O_RDONLY|O_CLOEXEC) = 3,,,,
fstat,3, st_size=69600, ...}) = 0,,,
mmap,NULL, PROT_READ, MAP_PRIVATE,3, 0) = 0x7f189d547000,
close,3)                                = 0,,,,,
openat,AT_FDCWD, O_RDONLY|O_CLOEXEC) = 3,,,,
read,3, 832) = 832,,,,
fstat,3, st_size=163200, ...}) = 0,,,
mmap,NULL, PROT_READ|PROT_WRITE, MAP_PRIVATE|MAP_ANONYMOUS,-1, 0) = 0x7f189d545000,
mmap,NULL, PROT_READ, MAP_PRIVATE|MAP_DENYWRITE,3, 0) = 0x7f189d51a000,
mprotect,0x7f189d520000, PROT_NONE) = 0,,,,
mmap,0x7f189d520000, PROT_READ|PROT_EXEC, MAP_PRIVATE|MAP_FIXED|MAP_DENYWRITE,3, 0x6000) = 0x7f189d520000,
mmap,0x7f189d539000, PROT_READ, MAP_PRIVATE|MAP_FIXED|MAP_DENYWRITE,3, 0x1f000) = 0x7f189d539000,
mmap,0x7f189d541000, PROT_READ|PROT_WRITE, MAP_PRIVATE|MAP_FIXED|MAP_DENYWRITE,3, 0x26000) = 0x7f189d541000,
mmap,0x7f189d543000, PROT_READ|PROT_WRITE, MAP_PRIVATE|MAP_FIXED|MAP_ANONYMOUS,-1, 0) = 0x7f189d543000,
close,3)                                = 0,,,,,
openat,AT_FDCWD, O_RDONLY|O_CLOEXEC) = 3,,,,
read,3, 832) = 832,,,,
pread64,3,784, 64) = 784,,,
pread64,3,32, 848) = 32,,,
pread64,3,68, 880) = 68,,,
fstat,3, st_size=2029592, ...}) = 0,,,
pread64,3,784, 64) = 784,,,
pread64,3,32, 848) = 32,,,
pread64,3,68, 880) = 68,,,
mmap,NULL, PROT_READ, MAP_PRIVATE|MAP_DENYWRITE,3, 0) = 0x7f189d328000,
mmap,0x7f189d34a000, PROT_READ|PROT_EXEC, MAP_PRIVATE|MAP_FIXED|MAP_DENYWRITE,3, 0x22000) = 0x7f189d34a000,
mmap,0x7f189d4c2000, PROT_READ, MAP_PRIVATE|MAP_FIXED|MAP_DENYWRITE,3, 0x19a000) = 0x7f189d4c2000,
mmap,0x7f189d510000, PROT_READ|PROT_WRITE, MAP_PRIVATE|MAP_FIXED|MAP_DENYWRITE,3, 0x1e7000) = 0x7f189d510000,
mmap,0x7f189d516000, PROT_READ|PROT_WRITE, MAP_PRIVATE|MAP_FIXED|MAP_ANONYMOUS,-1, 0) = 0x7f189d516000,
close,3)                                = 0,,,,,
openat,AT_FDCWD, O_RDONLY|O_CLOEXEC) = 3,,,,
read,3, 832) = 832,,,,
fstat,3, st_size=588488, ...}) = 0,,,
mmap,NULL, PROT_READ, MAP_PRIVATE|MAP_DENYWRITE,3, 0) = 0x7f189d297000,
mmap,0x7f189d299000, PROT_READ|PROT_EXEC, MAP_PRIVATE|MAP_FIXED|MAP_DENYWRITE,3, 0x2000) = 0x7f189d299000,
mmap,0x7f189d2fe000, PROT_READ, MAP_PRIVATE|MAP_FIXED|MAP_DENYWRITE,3, 0x67000) = 0x7f189d2fe000,
mmap,0x7f189d326000, PROT_READ|PROT_WRITE, MAP_PRIVATE|MAP_FIXED|MAP_DENYWRITE,3, 0x8e000) = 0x7f189d326000,
close,3)                                = 0,,,,,
openat,AT_FDCWD, O_RDONLY|O_CLOEXEC) = 3,,,,
read,3, 832) = 832,,,,
fstat,3, st_size=18848, ...}) = 0,,,
mmap,NULL, PROT_READ, MAP_PRIVATE|MAP_DENYWRITE,3, 0) = 0x7f189d291000,
mmap,0x7f189d292000, PROT_READ|PROT_EXEC, MAP_PRIVATE|MAP_FIXED|MAP_DENYWRITE,3, 0x1000) = 0x7f189d292000,
mmap,0x7f189d294000, PROT_READ, MAP_PRIVATE|MAP_FIXED|MAP_DENYWRITE,3, 0x3000) = 0x7f189d294000,
mmap,0x7f189d295000, PROT_READ|PROT_WRITE, MAP_PRIVATE|MAP_FIXED|MAP_DENYWRITE,3, 0x3000) = 0x7f189d295000,
close,3)                                = 0,,,,,
openat,AT_FDCWD, O_RDONLY|O_CLOEXEC) = 3,,,,
read,3, 832) = 832,,,,
pread64,3,68, 824) = 68,,,
fstat,3, st_size=157224, ...}) = 0,,,
pread64,3,68, 824) = 68,,,
mmap,NULL, PROT_READ, MAP_PRIVATE|MAP_DENYWRITE,3, 0) = 0x7f189d26e000,
mmap,0x7f189d274000, PROT_READ|PROT_EXEC, MAP_PRIVATE|MAP_FIXED|MAP_DENYWRITE,3, 0x6000) = 0x7f189d274000,
mmap,0x7f189d285000, PROT_READ, MAP_PRIVATE|MAP_FIXED|MAP_DENYWRITE,3, 0x17000) = 0x7f189d285000,
mmap,0x7f189d28b000, PROT_READ|PROT_WRITE, MAP_PRIVATE|MAP_FIXED|MAP_DENYWRITE,3, 0x1c000) = 0x7f189d28b000,
mmap,0x7f189d28d000, PROT_READ|PROT_WRITE, MAP_PRIVATE|MAP_FIXED|MAP_ANONYMOUS,-1, 0) = 0x7f189d28d000,
close,3)                                = 0,,,,,
mmap,NULL, PROT_READ|PROT_WRITE, MAP_PRIVATE|MAP_ANONYMOUS,-1, 0) = 0x7f189d26c000,
arch_prctl,ARCH_SET_FS,,,,,
mprotect,0x7f189d510000, PROT_READ) = 0,,,,
mprotect,0x7f189d28b000, PROT_READ) = 0,,,,
mprotect,0x7f189d295000, PROT_READ) = 0,,,,
mprotect,0x7f189d326000, PROT_READ) = 0,,,,
mprotect,0x7f189d541000, PROT_READ) = 0,,,,
mprotect,0x5590d6308000, PROT_READ) = 0,,,,
mprotect,0x7f189d585000, PROT_READ) = 0,,,,
munmap,0x7f189d547000,,,,,
set_tid_address,0x7f189d26d6d0)         = 2882,,,,,
set_robust_list,0x7f189d26d6e0,,,,,
rt_sigaction,SIGRTMIN, sa_mask=[], sa_flags=SA_RESTORER|SA_SIGINFO, sa_restorer=0x7f189d282420}, NULL, 8) = 0
rt_sigaction,SIGRT_1, sa_mask=[], sa_flags=SA_RESTORER|SA_RESTART|SA_SIGINFO, sa_restorer=0x7f189d282420}, NULL, 8) = 0
rt_sigprocmask,SIG_UNBLOCK, NULL, 8) = 0,,,
prlimit64,0, NULL, {rlim_cur=8192*1024, rlim_max=RLIM64_INFINITY}) = 0,,
statfs,/sys/fs/selinux,,,,,
statfs,/selinux,,,,,
brk,NULL)                               = 0x5590d69ac000,,,,,
brk,0x5590d69cd000)                     = 0x5590d69cd000,,,,,
openat,AT_FDCWD, O_RDONLY|O_CLOEXEC) = 3,,,,
fstat,3, st_size=0, ...}) = 0,,,
read,3, 1024) = 387,,,,
read,3, 1024)                       = 0,,,,
close,3)                                = 0,,,,,
access,/etc/selinux/config,,,,,
openat,AT_FDCWD, O_RDONLY|O_CLOEXEC) = 3,,,,
fstat,3, st_size=5699248, ...}) = 0,,,
mmap,NULL, PROT_READ, MAP_PRIVATE,3, 0) = 0x7f189ccfc000,
close,3)                                = 0,,,,,
ioctl,1, {B38400 opost isig icanon echo ...}) = 0,,,,
ioctl,1, {ws_row=24, ws_col=80, ws_xpixel=0, ws_ypixel=0}) = 0,
openat,AT_FDCWD, O_RDONLY|O_CLOEXEC) = 3,,,,
fstat,3, st_size=2996, ...}) = 0,,,
read,3, 4096) = 2996,,,,
read,3, 4096)                       = 0,,,,
close,3)                                = 0,,,,,
openat,AT_FDCWD, O_RDONLY) = -1 ENOENT (No such file or directory),,,,
openat,AT_FDCWD, O_RDONLY) = -1 ENOENT (No such file or directory),,,,
openat,AT_FDCWD, O_RDONLY) = 3,,,,
fstat,3, st_size=27002, ...}) = 0,,,
mmap,NULL, PROT_READ, MAP_SHARED,3, 0) = 0x7f189d551000,
close,3)                                = 0,,,,,
futex,0x7f189d515954, 2147483647) = 0,,,,
openat,AT_FDCWD, O_RDONLY|O_NONBLOCK|O_CLOEXEC|O_DIRECTORY) = 3,,,,
fstat,3, st_size=4096, ...}) = 0,,,
getdents64,3, 32768)   = 208,,,,
lstat,ls.csv, st_size=8212, ...}) = 0,,,
lgetxattr,ls.csv, 0x5590d69aded0, 255) = -1 ENODATA (No data available),,,
getxattr,ls.csv, NULL, 0) = -1 ENODATA (No data available),,,
socket,AF_UNIX, 0) = 4,,,,
connect,4," sun_path=""/var/run/nscd/socket""}", 110) = -1 ENOENT (No such file or directory),,,
close,4)                                = 0,,,,,
socket,AF_UNIX, 0) = 4,,,,
connect,4," sun_path=""/var/run/nscd/socket""}", 110) = -1 ENOENT (No such file or directory),,,
close,4)                                = 0,,,,,
openat,AT_FDCWD, O_RDONLY|O_CLOEXEC) = 4,,,,
fstat,4, st_size=542, ...}) = 0,,,
read,4, 4096) = 542,,,,
read,4, 4096)                       = 0,,,,
close,4)                                = 0,,,,,
openat,AT_FDCWD, O_RDONLY|O_CLOEXEC) = 4,,,,
fstat,4, st_size=69600, ...}) = 0,,,
mmap,NULL, PROT_READ, MAP_PRIVATE,4, 0) = 0x7f189cceb000,
close,4)                                = 0,,,,,
openat,AT_FDCWD, O_RDONLY|O_CLOEXEC) = 4,,,,
read,4, 832) = 832,,,,
fstat,4, st_size=51856, ...}) = 0,,,
mmap,NULL, PROT_READ, MAP_PRIVATE|MAP_DENYWRITE,4, 0) = 0x7f189ccd7000,
mmap,0x7f189ccda000, PROT_READ|PROT_EXEC, MAP_PRIVATE|MAP_FIXED|MAP_DENYWRITE,4, 0x3000) = 0x7f189ccda000,
mmap,0x7f189cce1000, PROT_READ, MAP_PRIVATE|MAP_FIXED|MAP_DENYWRITE,4, 0xa000) = 0x7f189cce1000,
mmap,0x7f189cce3000, PROT_READ|PROT_WRITE, MAP_PRIVATE|MAP_FIXED|MAP_DENYWRITE,4, 0xb000) = 0x7f189cce3000,
mmap,0x7f189cce5000, PROT_READ|PROT_WRITE, MAP_PRIVATE|MAP_FIXED|MAP_ANONYMOUS,-1, 0) = 0x7f189cce5000,
close,4)                                = 0,,,,,
mprotect,0x7f189cce3000, PROT_READ) = 0,,,,
munmap,0x7f189cceb000,,,,,
openat,AT_FDCWD, O_RDONLY|O_CLOEXEC) = 4,,,,
lseek,4, SEEK_CUR)                   = 0,,,,
fstat,4, st_size=2929, ...}) = 0,,,
read,4, 4096) = 2929,,,,
close,4)                                = 0,,,,,
socket,AF_UNIX, 0) = 4,,,,
connect,4," sun_path=""/var/run/nscd/socket""}", 110) = -1 ENOENT (No such file or directory),,,
close,4)                                = 0,,,,,
socket,AF_UNIX, 0) = 4,,,,
connect,4," sun_path=""/var/run/nscd/socket""}", 110) = -1 ENOENT (No such file or directory),,,
close,4)                                = 0,,,,,
openat,AT_FDCWD, O_RDONLY|O_CLOEXEC) = 4,,,,
lseek,4, SEEK_CUR)                   = 0,,,,
fstat,4, st_size=1121, ...}) = 0,,,
read,4, 4096) = 1121,,,,
close,4)                                = 0,,,,,
lstat,cp.csv, st_size=9906, ...}) = 0,,,
lgetxattr,cp.csv, 0x5590d69ae920, 255) = -1 ENODATA (No data available),,,
getxattr,cp.csv, NULL, 0) = -1 ENODATA (No data available),,,
lstat,sample1.txt, st_size=18, ...}) = 0,,,
lgetxattr,sample1.txt, 0x5590d69bd0a0, 255) = -1 ENODATA (No data available),,,
getxattr,sample1.txt, NULL, 0) = -1 ENODATA (No data available),,,
lstat,sample.txt, st_size=4096, ...}) = 0,,,
lgetxattr,sample.txt, 0x5590d69bd1b0, 255) = -1 ENODATA (No data available),,,
getxattr,sample.txt, NULL, 0) = -1 ENODATA (No data available),,,
lstat,lecture5.pdf, st_size=6669435, ...}) = 0,,,
lgetxattr,lecture5.pdf, 0x5590d69bd2c0, 255) = -1 ENODATA (No data available),,,
getxattr,lecture5.pdf, NULL, 0) = -1 ENODATA (No data available),,,
getdents64,3, 32768)   = 0,,,,
close,3)                                = 0,,,,,
openat,AT_FDCWD, O_RDONLY) = -1 ENOENT (No such file or directory),,,,
openat,AT_FDCWD, O_RDONLY) = -1 ENOENT (No such file or directory),,,,
openat,AT_FDCWD, O_RDONLY) = -1 ENOENT (No such file or directory),,,,
openat,AT_FDCWD, O_RDONLY) = 3,,,,
fstat,3, st_size=613, ...}) = 0,,,
mmap,NULL, PROT_READ, MAP_PRIVATE,3, 0) = 0x7f189d584000,
close,3)                                = 0,,,,,
fstat,1, st_rdev=makedev(0x88, 0), ...}) = 0,,
write,1, 11)            = 11,,,,
openat,AT_FDCWD, O_RDONLY|O_CLOEXEC) = 3,,,,
fstat,3, st_size=303, ...}) = 0,,,
fstat,3, st_size=303, ...}) = 0,,,
read,3, 4096) = 303,,,,
lseek,3, SEEK_CUR)                = 124,,,,
read,3, 4096) = 179,,,,
close,3)                                = 0,,,,,
write,1, 55) = 55,,,,
write,1, 61) = 61,,,,
write,1, 55) = 55,,,,
write,1, 60) = 60,,,,
write,1, 59) = 59,,,,
close,1)                                = 0,,,,,
close,2)                                = 0,,,,,
exit_group,0)                           = ?,,,,,
+++ exited with 0 +++,,,,,,
