Data,,,,,,,,
execve,/usr/bin/man," ""-f"""," ""ls""]", 0x7ffeb57c0410 /* 51 vars */) = 0,,,,
brk,NULL)                               = 0x5632c878b000,,,,,,,
arch_prctl,0x3001 /* ARCH_??? */,,,,,,,
access,/etc/ld.so.preload,,,,,,,
openat,AT_FDCWD, O_RDONLY|O_CLOEXEC) = -1 ENOENT (No such file or directory),,,,,,
stat,/usr/lib/man-db/tls/x86_64/x86_64,,,,,,,
openat,AT_FDCWD, O_RDONLY|O_CLOEXEC) = -1 ENOENT (No such file or directory),,,,,,
stat,/usr/lib/man-db/tls/x86_64,,,,,,,
openat,AT_FDCWD, O_RDONLY|O_CLOEXEC) = -1 ENOENT (No such file or directory),,,,,,
stat,/usr/lib/man-db/tls/x86_64,,,,,,,
openat,AT_FDCWD, O_RDONLY|O_CLOEXEC) = -1 ENOENT (No such file or directory),,,,,,
stat,/usr/lib/man-db/tls,,,,,,,
openat,AT_FDCWD, O_RDONLY|O_CLOEXEC) = -1 ENOENT (No such file or directory),,,,,,
stat,/usr/lib/man-db/x86_64/x86_64,,,,,,,
openat,AT_FDCWD, O_RDONLY|O_CLOEXEC) = -1 ENOENT (No such file or directory),,,,,,
stat,/usr/lib/man-db/x86_64,,,,,,,
openat,AT_FDCWD, O_RDONLY|O_CLOEXEC) = -1 ENOENT (No such file or directory),,,,,,
stat,/usr/lib/man-db/x86_64,,,,,,,
openat,AT_FDCWD, O_RDONLY|O_CLOEXEC) = 3,,,,,,
read,3, 832) = 832,,,,,,
fstat,3, st_size=30712, ...}) = 0,,,,,
mmap,NULL, PROT_READ|PROT_WRITE, MAP_PRIVATE|MAP_ANONYMOUS,-1, 0) = 0x7f65f19e5000,,,
mmap,NULL, PROT_READ, MAP_PRIVATE|MAP_DENYWRITE,3, 0) = 0x7f65f19dc000,,,
mprotect,0x7f65f19de000, PROT_NONE) = 0,,,,,,
mmap,0x7f65f19de000, PROT_READ|PROT_EXEC, MAP_PRIVATE|MAP_FIXED|MAP_DENYWRITE,3, 0x2000) = 0x7f65f19de000,,,
mmap,0x7f65f19e1000, PROT_READ, MAP_PRIVATE|MAP_FIXED|MAP_DENYWRITE,3, 0x5000) = 0x7f65f19e1000,,,
mmap,0x7f65f19e3000, PROT_READ|PROT_WRITE, MAP_PRIVATE|MAP_FIXED|MAP_DENYWRITE,3, 0x6000) = 0x7f65f19e3000,,,
close,3)                                = 0,,,,,,,
openat,AT_FDCWD, O_RDONLY|O_CLOEXEC) = 3,,,,,,
read,3, 832) = 832,,,,,,
fstat,3, st_size=271328, ...}) = 0,,,,,
mmap,NULL, PROT_READ, MAP_PRIVATE|MAP_DENYWRITE,3, 0) = 0x7f65f1999000,,,
mprotect,0x7f65f19a3000, PROT_NONE) = 0,,,,,,
mmap,0x7f65f19a3000, PROT_READ|PROT_EXEC, MAP_PRIVATE|MAP_FIXED|MAP_DENYWRITE,3, 0xa000) = 0x7f65f19a3000,,,
mmap,0x7f65f19cd000, PROT_READ, MAP_PRIVATE|MAP_FIXED|MAP_DENYWRITE,3, 0x34000) = 0x7f65f19cd000,,,
mmap,0x7f65f19da000, PROT_READ|PROT_WRITE, MAP_PRIVATE|MAP_FIXED|MAP_DENYWRITE,3, 0x40000) = 0x7f65f19da000,,,
close,3)                                = 0,,,,,,,
openat,AT_FDCWD, O_RDONLY|O_CLOEXEC) = -1 ENOENT (No such file or directory),,,,,,
openat,AT_FDCWD, O_RDONLY|O_CLOEXEC) = 3,,,,,,
fstat,3, st_size=69600, ...}) = 0,,,,,
mmap,NULL, PROT_READ, MAP_PRIVATE,3, 0) = 0x7f65f1988000,,,
close,3)                                = 0,,,,,,,
openat,AT_FDCWD, O_RDONLY|O_CLOEXEC) = 3,,,,,,
read,3, 832) = 832,,,,,,
fstat,3, st_size=108936, ...}) = 0,,,,,
mmap,NULL, PROT_READ, MAP_PRIVATE|MAP_DENYWRITE,3, 0) = 0x7f65f196c000,,,
mprotect,0x7f65f196e000, PROT_NONE) = 0,,,,,,
mmap,0x7f65f196e000, PROT_READ|PROT_EXEC, MAP_PRIVATE|MAP_FIXED|MAP_DENYWRITE,3, 0x2000) = 0x7f65f196e000,,,
mmap,0x7f65f197f000, PROT_READ, MAP_PRIVATE|MAP_FIXED|MAP_DENYWRITE,3, 0x13000) = 0x7f65f197f000,,,
mmap,0x7f65f1986000, PROT_READ|PROT_WRITE, MAP_PRIVATE|MAP_FIXED|MAP_DENYWRITE,3, 0x19000) = 0x7f65f1986000,,,
close,3)                                = 0,,,,,,,
openat,AT_FDCWD, O_RDONLY|O_CLOEXEC) = -1 ENOENT (No such file or directory),,,,,,
openat,AT_FDCWD, O_RDONLY|O_CLOEXEC) = 3,,,,,,
read,3, 832) = 832,,,,,,
fstat,3, st_size=63488, ...}) = 0,,,,,
mmap,NULL, PROT_READ, MAP_PRIVATE|MAP_DENYWRITE,3, 0) = 0x7f65f195b000,,,
mmap,0x7f65f195e000, PROT_READ|PROT_EXEC, MAP_PRIVATE|MAP_FIXED|MAP_DENYWRITE,3, 0x3000) = 0x7f65f195e000,,,
mmap,0x7f65f1967000, PROT_READ, MAP_PRIVATE|MAP_FIXED|MAP_DENYWRITE,3, 0xc000) = 0x7f65f1967000,,,
mmap,0x7f65f196a000, PROT_READ|PROT_WRITE, MAP_PRIVATE|MAP_FIXED|MAP_DENYWRITE,3, 0xe000) = 0x7f65f196a000,,,
close,3)                                = 0,,,,,,,
openat,AT_FDCWD, O_RDONLY|O_CLOEXEC) = -1 ENOENT (No such file or directory),,,,,,
openat,AT_FDCWD, O_RDONLY|O_CLOEXEC) = 3,,,,,,
read,3, 832) = 832,,,,,,
pread64,3,784, 64) = 784,,,,,
pread64,3,32, 848) = 32,,,,,
pread64,3,68, 880) = 68,,,,,
fstat,3, st_size=2029592, ...}) = 0,,,,,
pread64,3,784, 64) = 784,,,,,
pread64,3,32, 848) = 32,,,,,
pread64,3,68, 880) = 68,,,,,
mmap,NULL, PROT_READ, MAP_PRIVATE|MAP_DENYWRITE,3, 0) = 0x7f65f1769000,,,
mmap,0x7f65f178b000, PROT_READ|PROT_EXEC, MAP_PRIVATE|MAP_FIXED|MAP_DENYWRITE,3, 0x22000) = 0x7f65f178b000,,,
mmap,0x7f65f1903000, PROT_READ, MAP_PRIVATE|MAP_FIXED|MAP_DENYWRITE,3, 0x19a000) = 0x7f65f1903000,,,
mmap,0x7f65f1951000, PROT_READ|PROT_WRITE, MAP_PRIVATE|MAP_FIXED|MAP_DENYWRITE,3, 0x1e7000) = 0x7f65f1951000,,,
mmap,0x7f65f1957000, PROT_READ|PROT_WRITE, MAP_PRIVATE|MAP_FIXED|MAP_ANONYMOUS,-1, 0) = 0x7f65f1957000,,,
close,3)                                = 0,,,,,,,
openat,AT_FDCWD, O_RDONLY|O_CLOEXEC) = -1 ENOENT (No such file or directory),,,,,,
openat,AT_FDCWD, O_RDONLY|O_CLOEXEC) = 3,,,,,,
read,3, 832) = 832,,,,,,
fstat,3, st_size=59576, ...}) = 0,,,,,
mmap,NULL, PROT_READ, MAP_PRIVATE|MAP_DENYWRITE,3, 0) = 0x7f65f1759000,,,
mmap,0x7f65f175c000, PROT_READ|PROT_EXEC, MAP_PRIVATE|MAP_FIXED|MAP_DENYWRITE,3, 0x3000) = 0x7f65f175c000,,,
mmap,0x7f65f1764000, PROT_READ, MAP_PRIVATE|MAP_FIXED|MAP_DENYWRITE,3, 0xb000) = 0x7f65f1764000,,,
mmap,0x7f65f1767000, PROT_READ|PROT_WRITE, MAP_PRIVATE|MAP_FIXED|MAP_DENYWRITE,3, 0xd000) = 0x7f65f1767000,,,
close,3)                                = 0,,,,,,,
openat,AT_FDCWD, O_RDONLY|O_CLOEXEC) = 3,,,,,,
read,3, 832) = 832,,,,,,
fstat,3, st_size=133568, ...}) = 0,,,,,
mmap,NULL, PROT_READ|PROT_WRITE, MAP_PRIVATE|MAP_ANONYMOUS,-1, 0) = 0x7f65f1757000,,,
mmap,NULL, PROT_READ, MAP_PRIVATE|MAP_DENYWRITE,3, 0) = 0x7f65f1735000,,,
mprotect,0x7f65f1737000, PROT_NONE) = 0,,,,,,
mmap,0x7f65f1737000, PROT_READ|PROT_EXEC, MAP_PRIVATE|MAP_FIXED|MAP_DENYWRITE,3, 0x2000) = 0x7f65f1737000,,,
mmap,0x7f65f1746000, PROT_READ, MAP_PRIVATE|MAP_FIXED|MAP_DENYWRITE,3, 0x11000) = 0x7f65f1746000,,,
mmap,0x7f65f1755000, PROT_READ|PROT_WRITE, MAP_PRIVATE|MAP_FIXED|MAP_DENYWRITE,3, 0x1f000) = 0x7f65f1755000,,,
close,3)                                = 0,,,,,,,
mmap,NULL, PROT_READ|PROT_WRITE, MAP_PRIVATE|MAP_ANONYMOUS,-1, 0) = 0x7f65f1732000,,,
arch_prctl,ARCH_SET_FS,,,,,,,
mprotect,0x7f65f1951000, PROT_READ) = 0,,,,,,
mprotect,0x7f65f1755000, PROT_READ) = 0,,,,,,
mprotect,0x7f65f1767000, PROT_READ) = 0,,,,,,
mprotect,0x7f65f196a000, PROT_READ) = 0,,,,,,
mprotect,0x7f65f1986000, PROT_READ) = 0,,,,,,
mprotect,0x7f65f19da000, PROT_READ) = 0,,,,,,
mprotect,0x7f65f19e3000, PROT_READ) = 0,,,,,,
mprotect,0x5632c6e0b000, PROT_READ) = 0,,,,,,
mprotect,0x7f65f1a14000, PROT_READ) = 0,,,,,,
munmap,0x7f65f1988000,,,,,,,
brk,NULL)                               = 0x5632c878b000,,,,,,,
brk,0x5632c87ac000)                     = 0x5632c87ac000,,,,,,,
seccomp,SECCOMP_SET_MODE_STRICT, NULL) = -1 EINVAL (Invalid argument),,,,,,
seccomp,SECCOMP_SET_MODE_FILTER, NULL) = -1 EFAULT (Bad address),,,,,,
seccomp,SECCOMP_SET_MODE_FILTER, NULL) = -1 EFAULT (Bad address),,,,,,
seccomp,SECCOMP_GET_ACTION_AVAIL, [SECCOMP_RET_LOG]) = 0,,,,,,
seccomp,SECCOMP_GET_ACTION_AVAIL, [SECCOMP_RET_KILL_PROCESS]) = 0,,,,,,
seccomp,SECCOMP_SET_MODE_FILTER, NULL) = -1 EFAULT (Bad address),,,,,,
seccomp,SECCOMP_SET_MODE_FILTER, NULL) = -1 EFAULT (Bad address),,,,,,
seccomp,SECCOMP_GET_NOTIF_SIZES, 0x7ffca3137652) = 0,,,,,,
seccomp,SECCOMP_SET_MODE_FILTER, NULL) = -1 EFAULT (Bad address),,,,,,
brk,0x5632c87cd000)                     = 0x5632c87cd000,,,,,,,
brk,0x5632c87ee000)                     = 0x5632c87ee000,,,,,,,
openat,AT_FDCWD, O_RDONLY) = -1 ENOENT (No such file or directory),,,,,,
brk,0x5632c880f000)                     = 0x5632c880f000,,,,,,,
brk,0x5632c8830000)                     = 0x5632c8830000,,,,,,,
umask,022)                              = 002,,,,,,,
openat,AT_FDCWD, O_RDONLY|O_CLOEXEC) = 3,,,,,,
fstat,3, st_size=5699248, ...}) = 0,,,,,
mmap,NULL, PROT_READ, MAP_PRIVATE,3, 0) = 0x7f65f11c2000,,,
close,3)                                = 0,,,,,,,
fcntl,0,,,,,,,
fcntl,1,,,,,,,
fcntl,2,,,,,,,
getuid,)                                = 1000,,,,,,,
geteuid,)                               = 1000,,,,,,,
getgid,)                                = 1000,,,,,,,
getegid,)                               = 1000,,,,,,,
rt_sigaction,SIGHUP, {sa_handler=SIG_DFL, sa_mask=[], sa_flags=0}, 8) = 0,,,
rt_sigaction,SIGHUP, sa_mask=[], sa_flags=SA_RESTORER, sa_restorer=0x7f65f17ac090}, {sa_handler=SIG_DFL, sa_mask=[], sa_flags=0}, 8) = 0
rt_sigaction,SIGINT, {sa_handler=SIG_DFL, sa_mask=[], sa_flags=0}, 8) = 0,,,
rt_sigaction,SIGINT, sa_mask=[], sa_flags=SA_RESTORER, sa_restorer=0x7f65f17ac090}, {sa_handler=SIG_DFL, sa_mask=[], sa_flags=0}, 8) = 0
rt_sigaction,SIGTERM, {sa_handler=SIG_DFL, sa_mask=[], sa_flags=0}, 8) = 0,,,
rt_sigaction,SIGTERM, sa_mask=[], sa_flags=SA_RESTORER, sa_restorer=0x7f65f17ac090}, {sa_handler=SIG_DFL, sa_mask=[], sa_flags=0}, 8) = 0
openat,AT_FDCWD, O_RDONLY) = -1 ENOENT (No such file or directory),,,,,,
openat,AT_FDCWD, O_RDONLY) = 3,,,,,,
fstat,3, st_size=5215, ...}) = 0,,,,,
read,3, 4096) = 4096,,,,,,
brk,0x5632c8851000)                     = 0x5632c8851000,,,,,,,
read,3," and will be concatenated ""...", 4096) = 1119,,,,,
read,3, 4096)                       = 0,,,,,,
close,3)                                = 0,,,,,,,
rt_sigaction,SIGCHLD, sa_mask=[HUP INT TERM CHLD], sa_flags=SA_RESTORER|SA_RESTART|SA_NOCLDSTOP, sa_restorer=0x7f65f17ac090}, NULL, 8) = 0,,
rt_sigprocmask,SIG_BLOCK, [], 8) = 0,,,,,
rt_sigprocmask,SIG_SETMASK, NULL, 8) = 0,,,,,
rt_sigprocmask,SIG_BLOCK, [], 8) = 0,,,,,
clone,child_stack=NULL, child_tidptr=0x7f65f1732a10) = 14324,,,,,,
rt_sigprocmask,SIG_SETMASK, NULL, 8) = 0,,,,,
wait4,-1,0, NULL) = 14324,,,,,
--- SIGCHLD {si_signo=SIGCHLD,, si_pid=14324, si_uid=1000, si_status=0, si_utime=1, si_stime=0} ---,,
rt_sigreturn,{mask=[]})                 = 14324,,,,,,,
wait4,-1, WNOHANG, NULL) = -1 ECHILD (No child processes),,,,,
exit_group,0)                           = ?,,,,,,,
+++ exited with 0 +++,,,,,,,,
