Data,,,,,,
execve,/usr/sbin/mkfs," ""-V"""," ""29""]", 0x7ffc3b8a08a0 /* 50 vars */) = 0,,
brk,NULL)                               = 0x556824023000,,,,,
arch_prctl,0x3001 /* ARCH_??? */,,,,,
access,/etc/ld.so.preload,,,,,
openat,AT_FDCWD, O_RDONLY|O_CLOEXEC) = 3,,,,
fstat,3, st_size=69600, ...}) = 0,,,
mmap,NULL, PROT_READ, MAP_PRIVATE,3, 0) = 0x7f982cae7000,
close,3)                                = 0,,,,,
openat,AT_FDCWD, O_RDONLY|O_CLOEXEC) = 3,,,,
read,3, 832) = 832,,,,
pread64,3,784, 64) = 784,,,
pread64,3,32, 848) = 32,,,
pread64,3,68, 880) = 68,,,
fstat,3, st_size=2029592, ...}) = 0,,,
mmap,NULL, PROT_READ|PROT_WRITE, MAP_PRIVATE|MAP_ANONYMOUS,-1, 0) = 0x7f982cae5000,
pread64,3,784, 64) = 784,,,
pread64,3,32, 848) = 32,,,
pread64,3,68, 880) = 68,,,
mmap,NULL, PROT_READ, MAP_PRIVATE|MAP_DENYWRITE,3, 0) = 0x7f982c8f3000,
mmap,0x7f982c915000, PROT_READ|PROT_EXEC, MAP_PRIVATE|MAP_FIXED|MAP_DENYWRITE,3, 0x22000) = 0x7f982c915000,
mmap,0x7f982ca8d000, PROT_READ, MAP_PRIVATE|MAP_FIXED|MAP_DENYWRITE,3, 0x19a000) = 0x7f982ca8d000,
mmap,0x7f982cadb000, PROT_READ|PROT_WRITE, MAP_PRIVATE|MAP_FIXED|MAP_DENYWRITE,3, 0x1e7000) = 0x7f982cadb000,
mmap,0x7f982cae1000, PROT_READ|PROT_WRITE, MAP_PRIVATE|MAP_FIXED|MAP_ANONYMOUS,-1, 0) = 0x7f982cae1000,
close,3)                                = 0,,,,,
arch_prctl,ARCH_SET_FS,,,,,
mprotect,0x7f982cadb000, PROT_READ) = 0,,,,
mprotect,0x556822783000, PROT_READ) = 0,,,,
mprotect,0x7f982cb25000, PROT_READ) = 0,,,,
munmap,0x7f982cae7000,,,,,
openat,AT_FDCWD, O_RDONLY|O_CLOEXEC) = 3,,,,
fstat,3, st_size=5699248, ...}) = 0,,,
mmap,NULL, PROT_READ, MAP_PRIVATE,3, 0) = 0x7f982c383000,
close,3)                                = 0,,,,,
brk,NULL)                               = 0x556824023000,,,,,
brk,0x556824044000)                     = 0x556824044000,,,,,
openat,AT_FDCWD, O_RDONLY|O_CLOEXEC) = 3,,,,
fstat,3, st_size=2996, ...}) = 0,,,
read,3, 4096) = 2996,,,,
read,3, 4096)                       = 0,,,,
close,3)                                = 0,,,,,
openat,AT_FDCWD, O_RDONLY) = -1 ENOENT (No such file or directory),,,,
openat,AT_FDCWD, O_RDONLY) = -1 ENOENT (No such file or directory),,,,
openat,AT_FDCWD, O_RDONLY) = -1 ENOENT (No such file or directory),,,,
openat,AT_FDCWD, O_RDONLY) = -1 ENOENT (No such file or directory),,,,
fstat,1, st_rdev=makedev(0x88, 0), ...}) = 0,,
write,1, 26) = 26,,,,
write,1, 14)         = 14,,,,
execve,/usr/local/sbin/mkfs.ext2," ""29""]", 0x7fff51020e18 /* 50 vars */) = -1 ENOENT (No such file or directory),,,
execve,/usr/local/bin/mkfs.ext2," ""29""]", 0x7fff51020e18 /* 50 vars */) = -1 ENOENT (No such file or directory),,,
execve,/usr/sbin/mkfs.ext2," ""29""]", 0x7fff51020e18 /* 50 vars */) = 0,,,
brk,NULL)                               = 0x559a7628e000,,,,,
arch_prctl,0x3001 /* ARCH_??? */,,,,,
access,/etc/ld.so.preload,,,,,
openat,AT_FDCWD, O_RDONLY|O_CLOEXEC) = 3,,,,
fstat,3, st_size=69600, ...}) = 0,,,
mmap,NULL, PROT_READ, MAP_PRIVATE,3, 0) = 0x7f1226d3c000,
close,3)                                = 0,,,,,
openat,AT_FDCWD, O_RDONLY|O_CLOEXEC) = 3,,,,
read,3, 832) = 832,,,,
fstat,3, st_size=405968, ...}) = 0,,,
mmap,NULL, PROT_READ|PROT_WRITE, MAP_PRIVATE|MAP_ANONYMOUS,-1, 0) = 0x7f1226d3a000,
mmap,NULL, PROT_READ, MAP_PRIVATE|MAP_DENYWRITE,3, 0) = 0x7f1226cd6000,
mprotect,0x7f1226ce3000, PROT_NONE) = 0,,,,
mmap,0x7f1226ce3000, PROT_READ|PROT_EXEC, MAP_PRIVATE|MAP_FIXED|MAP_DENYWRITE,3, 0xd000) = 0x7f1226ce3000,
mmap,0x7f1226d14000, PROT_READ, MAP_PRIVATE|MAP_FIXED|MAP_DENYWRITE,3, 0x3e000) = 0x7f1226d14000,
mmap,0x7f1226d38000, PROT_READ|PROT_WRITE, MAP_PRIVATE|MAP_FIXED|MAP_DENYWRITE,3, 0x61000) = 0x7f1226d38000,
close,3)                                = 0,,,,,
openat,AT_FDCWD, O_RDONLY|O_CLOEXEC) = 3,,,,
read,3, 832) = 832,,,,
fstat,3, st_size=22600, ...}) = 0,,,
mmap,NULL, PROT_READ, MAP_PRIVATE|MAP_DENYWRITE,3, 0) = 0x7f1226ccf000,
mmap,0x7f1226cd1000, PROT_READ|PROT_EXEC, MAP_PRIVATE|MAP_FIXED|MAP_DENYWRITE,3, 0x2000) = 0x7f1226cd1000,
mmap,0x7f1226cd3000, PROT_READ, MAP_PRIVATE|MAP_FIXED|MAP_DENYWRITE,3, 0x4000) = 0x7f1226cd3000,
mmap,0x7f1226cd4000, PROT_READ|PROT_WRITE, MAP_PRIVATE|MAP_FIXED|MAP_DENYWRITE,3, 0x4000) = 0x7f1226cd4000,
close,3)                                = 0,,,,,
openat,AT_FDCWD, O_RDONLY|O_CLOEXEC) = 3,,,,
read,3, 832) = 832,,,,
fstat,3, st_size=351352, ...}) = 0,,,
mmap,NULL, PROT_READ, MAP_PRIVATE|MAP_DENYWRITE,3, 0) = 0x7f1226c78000,
mprotect,0x7f1226c82000, PROT_NONE) = 0,,,,
mmap,0x7f1226c82000, PROT_READ|PROT_EXEC, MAP_PRIVATE|MAP_FIXED|MAP_DENYWRITE,3, 0xa000) = 0x7f1226c82000,
mmap,0x7f1226cb8000, PROT_READ, MAP_PRIVATE|MAP_FIXED|MAP_DENYWRITE,3, 0x40000) = 0x7f1226cb8000,
mmap,0x7f1226cc9000, PROT_READ|PROT_WRITE, MAP_PRIVATE|MAP_FIXED|MAP_DENYWRITE,3, 0x50000) = 0x7f1226cc9000,
close,3)                                = 0,,,,,
openat,AT_FDCWD, O_RDONLY|O_CLOEXEC) = 3,,,,
read,3, 832) = 832,,,,
fstat,3, st_size=30936, ...}) = 0,,,
mmap,NULL, PROT_READ, MAP_PRIVATE|MAP_DENYWRITE,3, 0) = 0x7f1226c6f000,
mmap,0x7f1226c71000, PROT_READ|PROT_EXEC, MAP_PRIVATE|MAP_FIXED|MAP_DENYWRITE,3, 0x2000) = 0x7f1226c71000,
mmap,0x7f1226c75000, PROT_READ, MAP_PRIVATE|MAP_FIXED|MAP_DENYWRITE,3, 0x6000) = 0x7f1226c75000,
mmap,0x7f1226c76000, PROT_READ|PROT_WRITE, MAP_PRIVATE|MAP_FIXED|MAP_DENYWRITE,3, 0x6000) = 0x7f1226c76000,
close,3)                                = 0,,,,,
openat,AT_FDCWD, O_RDONLY|O_CLOEXEC) = 3,,,,
read,3, 832) = 832,,,,
fstat,3, st_size=40864, ...}) = 0,,,
mmap,NULL, PROT_READ, MAP_PRIVATE|MAP_DENYWRITE,3, 0) = 0x7f1226c64000,
mprotect,0x7f1226c66000, PROT_NONE) = 0,,,,
mmap,0x7f1226c66000, PROT_READ|PROT_EXEC, MAP_PRIVATE|MAP_FIXED|MAP_DENYWRITE,3, 0x2000) = 0x7f1226c66000,
mmap,0x7f1226c6a000, PROT_READ, MAP_PRIVATE|MAP_FIXED|MAP_DENYWRITE,3, 0x6000) = 0x7f1226c6a000,
mmap,0x7f1226c6d000, PROT_READ|PROT_WRITE, MAP_PRIVATE|MAP_FIXED|MAP_DENYWRITE,3, 0x8000) = 0x7f1226c6d000,
close,3)                                = 0,,,,,
openat,AT_FDCWD, O_RDONLY|O_CLOEXEC) = 3,,,,
read,3, 832) = 832,,,,
pread64,3,784, 64) = 784,,,
pread64,3,32, 848) = 32,,,
pread64,3,68, 880) = 68,,,
fstat,3, st_size=2029592, ...}) = 0,,,
pread64,3,784, 64) = 784,,,
pread64,3,32, 848) = 32,,,
pread64,3,68, 880) = 68,,,
mmap,NULL, PROT_READ, MAP_PRIVATE|MAP_DENYWRITE,3, 0) = 0x7f1226a72000,
mmap,0x7f1226a94000, PROT_READ|PROT_EXEC, MAP_PRIVATE|MAP_FIXED|MAP_DENYWRITE,3, 0x22000) = 0x7f1226a94000,
mmap,0x7f1226c0c000, PROT_READ, MAP_PRIVATE|MAP_FIXED|MAP_DENYWRITE,3, 0x19a000) = 0x7f1226c0c000,
mmap,0x7f1226c5a000, PROT_READ|PROT_WRITE, MAP_PRIVATE|MAP_FIXED|MAP_DENYWRITE,3, 0x1e7000) = 0x7f1226c5a000,
mmap,0x7f1226c60000, PROT_READ|PROT_WRITE, MAP_PRIVATE|MAP_FIXED|MAP_ANONYMOUS,-1, 0) = 0x7f1226c60000,
close,3)                                = 0,,,,,
openat,AT_FDCWD, O_RDONLY|O_CLOEXEC) = 3,,,,
read,3, 832) = 832,,,,
pread64,3,68, 824) = 68,,,
fstat,3, st_size=157224, ...}) = 0,,,
mmap,NULL, PROT_READ|PROT_WRITE, MAP_PRIVATE|MAP_ANONYMOUS,-1, 0) = 0x7f1226a70000,
pread64,3,68, 824) = 68,,,
mmap,NULL, PROT_READ, MAP_PRIVATE|MAP_DENYWRITE,3, 0) = 0x7f1226a4d000,
mmap,0x7f1226a53000, PROT_READ|PROT_EXEC, MAP_PRIVATE|MAP_FIXED|MAP_DENYWRITE,3, 0x6000) = 0x7f1226a53000,
mmap,0x7f1226a64000, PROT_READ, MAP_PRIVATE|MAP_FIXED|MAP_DENYWRITE,3, 0x17000) = 0x7f1226a64000,
mmap,0x7f1226a6a000, PROT_READ|PROT_WRITE, MAP_PRIVATE|MAP_FIXED|MAP_DENYWRITE,3, 0x1c000) = 0x7f1226a6a000,
mmap,0x7f1226a6c000, PROT_READ|PROT_WRITE, MAP_PRIVATE|MAP_FIXED|MAP_ANONYMOUS,-1, 0) = 0x7f1226a6c000,
close,3)                                = 0,,,,,
mmap,NULL, PROT_READ|PROT_WRITE, MAP_PRIVATE|MAP_ANONYMOUS,-1, 0) = 0x7f1226a4a000,
arch_prctl,ARCH_SET_FS,,,,,
mprotect,0x7f1226c5a000, PROT_READ) = 0,,,,
mprotect,0x7f1226a6a000, PROT_READ) = 0,,,,
mprotect,0x7f1226c6d000, PROT_READ) = 0,,,,
mprotect,0x7f1226c76000, PROT_READ) = 0,,,,
mprotect,0x7f1226cc9000, PROT_READ) = 0,,,,
mprotect,0x7f1226cd4000, PROT_READ) = 0,,,,
mprotect,0x7f1226d38000, PROT_READ) = 0,,,,
mprotect,0x559a756a3000, PROT_READ) = 0,,,,
mprotect,0x7f1226d7a000, PROT_READ) = 0,,,,
munmap,0x7f1226d3c000,,,,,
set_tid_address,0x7f1226a4aa50)         = 4237,,,,,
set_robust_list,0x7f1226a4aa60,,,,,
rt_sigaction,SIGRTMIN, sa_mask=[], sa_flags=SA_RESTORER|SA_SIGINFO, sa_restorer=0x7f1226a61420}, NULL, 8) = 0
rt_sigaction,SIGRT_1, sa_mask=[], sa_flags=SA_RESTORER|SA_RESTART|SA_SIGINFO, sa_restorer=0x7f1226a61420}, NULL, 8) = 0
rt_sigprocmask,SIG_UNBLOCK, NULL, 8) = 0,,,
prlimit64,0, NULL, {rlim_cur=8192*1024, rlim_max=RLIM64_INFINITY}) = 0,,
openat,AT_FDCWD, O_RDONLY|O_CLOEXEC) = 3,,,,
fstat,3, st_size=5699248, ...}) = 0,,,
mmap,NULL, PROT_READ, MAP_PRIVATE,3, 0) = 0x7f12264da000,
close,3)                                = 0,,,,,
brk,NULL)                               = 0x559a7628e000,,,,,
brk,0x559a762af000)                     = 0x559a762af000,,,,,
openat,AT_FDCWD, O_RDONLY|O_NONBLOCK|O_CLOEXEC|O_DIRECTORY) = -1 ENOTDIR (Not a directory),,,,
openat,AT_FDCWD, O_RDONLY) = 3,,,,
fstat,3, st_size=808, ...}) = 0,,,
read,3, 4096) = 808,,,,
read,3, 4096)                       = 0,,,,
close,3)                                = 0,,,,,
uname,"{sysname=""Linux""", ...}) = 0,,,,
write,2, 28) = 28,,,,
ioctl,0, {B38400 opost isig icanon echo ...}) = 0,,,,
ioctl,1, {B38400 opost isig icanon echo ...}) = 0,,,,
openat,AT_FDCWD, O_RDONLY)        = -1 ENOENT (No such file or directory),,,,
openat,AT_FDCWD, O_RDONLY|O_CLOEXEC) = 3,,,,
fstat,3, st_size=2996, ...}) = 0,,,
read,3, 4096) = 2996,,,,
read,3, 4096)                       = 0,,,,
close,3)                                = 0,,,,,
openat,AT_FDCWD, O_RDONLY) = -1 ENOENT (No such file or directory),,,,
openat,AT_FDCWD, O_RDONLY) = -1 ENOENT (No such file or directory),,,,
openat,AT_FDCWD, O_RDONLY) = -1 ENOENT (No such file or directory),,,,
openat,AT_FDCWD, O_RDONLY) = -1 ENOENT (No such file or directory),,,,
write,2, 54) = 54,,,,
exit_group,1)                           = ?,,,,,
+++ exited with 1 +++,,,,,,
