Data,,,,,,,,,
execve,/usr/bin/more," ""-d"""," ""sample.txt""]", 0x7ffffb37f3b0 /* 50 vars */) = 0,,,,,
brk,NULL)                               = 0x559b54e0d000,,,,,,,,
arch_prctl,0x3001 /* ARCH_??? */,,,,,,,,
access,/etc/ld.so.preload,,,,,,,,
openat,AT_FDCWD, O_RDONLY|O_CLOEXEC) = 3,,,,,,,
fstat,3, st_size=69600, ...}) = 0,,,,,,
mmap,NULL, PROT_READ, MAP_PRIVATE,3, 0) = 0x7f0e8cd61000,,,,
close,3)                                = 0,,,,,,,,
openat,AT_FDCWD, O_RDONLY|O_CLOEXEC) = 3,,,,,,,
read,3, 832) = 832,,,,,,,
fstat,3, st_size=192032, ...}) = 0,,,,,,
mmap,NULL, PROT_READ|PROT_WRITE, MAP_PRIVATE|MAP_ANONYMOUS,-1, 0) = 0x7f0e8cd5f000,,,,
mmap,NULL, PROT_READ, MAP_PRIVATE|MAP_DENYWRITE,3, 0) = 0x7f0e8cd2f000,,,,
mmap,0x7f0e8cd3d000, PROT_READ|PROT_EXEC, MAP_PRIVATE|MAP_FIXED|MAP_DENYWRITE,3, 0xe000) = 0x7f0e8cd3d000,,,,
mmap,0x7f0e8cd4c000, PROT_READ, MAP_PRIVATE|MAP_FIXED|MAP_DENYWRITE,3, 0x1d000) = 0x7f0e8cd4c000,,,,
mmap,0x7f0e8cd5a000, PROT_READ|PROT_WRITE, MAP_PRIVATE|MAP_FIXED|MAP_DENYWRITE,3, 0x2a000) = 0x7f0e8cd5a000,,,,
close,3)                                = 0,,,,,,,,
openat,AT_FDCWD, O_RDONLY|O_CLOEXEC) = 3,,,,,,,
read,3, 832) = 832,,,,,,,
pread64,3,784, 64) = 784,,,,,,
pread64,3,32, 848) = 32,,,,,,
pread64,3,68, 880) = 68,,,,,,
fstat,3, st_size=2029592, ...}) = 0,,,,,,
pread64,3,784, 64) = 784,,,,,,
pread64,3,32, 848) = 32,,,,,,
pread64,3,68, 880) = 68,,,,,,
mmap,NULL, PROT_READ, MAP_PRIVATE|MAP_DENYWRITE,3, 0) = 0x7f0e8cb3d000,,,,
mmap,0x7f0e8cb5f000, PROT_READ|PROT_EXEC, MAP_PRIVATE|MAP_FIXED|MAP_DENYWRITE,3, 0x22000) = 0x7f0e8cb5f000,,,,
mmap,0x7f0e8ccd7000, PROT_READ, MAP_PRIVATE|MAP_FIXED|MAP_DENYWRITE,3, 0x19a000) = 0x7f0e8ccd7000,,,,
mmap,0x7f0e8cd25000, PROT_READ|PROT_WRITE, MAP_PRIVATE|MAP_FIXED|MAP_DENYWRITE,3, 0x1e7000) = 0x7f0e8cd25000,,,,
mmap,0x7f0e8cd2b000, PROT_READ|PROT_WRITE, MAP_PRIVATE|MAP_FIXED|MAP_ANONYMOUS,-1, 0) = 0x7f0e8cd2b000,,,,
close,3)                                = 0,,,,,,,,
mmap,NULL, PROT_READ|PROT_WRITE, MAP_PRIVATE|MAP_ANONYMOUS,-1, 0) = 0x7f0e8cb3a000,,,,
arch_prctl,ARCH_SET_FS,,,,,,,,
mprotect,0x7f0e8cd25000, PROT_READ) = 0,,,,,,,
mprotect,0x7f0e8cd5a000, PROT_READ) = 0,,,,,,,
mprotect,0x559b53124000, PROT_READ) = 0,,,,,,,
mprotect,0x7f0e8cd9f000, PROT_READ) = 0,,,,,,,
munmap,0x7f0e8cd61000,,,,,,,,
openat,AT_FDCWD, O_RDONLY|O_CLOEXEC) = 3,,,,,,,
fstat,3, st_size=5699248, ...}) = 0,,,,,,
mmap,NULL, PROT_READ, MAP_PRIVATE,3, 0) = 0x7f0e8c5ca000,,,,
close,3)                                = 0,,,,,,,,
brk,NULL)                               = 0x559b54e0d000,,,,,,,,
brk,0x559b54e2e000)                     = 0x559b54e2e000,,,,,,,,
ioctl,1, {B38400 opost isig icanon echo ...}) = 0,,,,,,,
ioctl,1, {B38400 opost isig icanon echo ...}) = 0,,,,,,,
stat,/home/keshav/.terminfo,,,,,,,,
stat,/etc/terminfo, st_size=4096, ...}) = 0,,,,,,
stat,/lib/terminfo, st_size=4096, ...}) = 0,,,,,,
stat,/usr/share/terminfo, st_size=4096, ...}) = 0,,,,,,
access,/etc/terminfo/x/xterm-256color,,,,,,,,
access,/lib/terminfo/x/xterm-256color,,,,,,,,
openat,AT_FDCWD, O_RDONLY) = 3,,,,,,,
fstat,3, st_size=3503, ...}) = 0,,,,,,
read,3, 32768) = 3503,,,,,,,
read,3, 28672)                      = 0,,,,,,,
close,3)                                = 0,,,,,,,,
ioctl,1, {B38400 opost isig icanon echo ...}) = 0,,,,,,,
ioctl,1, {B38400 opost isig icanon echo ...}) = 0,,,,,,,
ioctl,1, {B38400 opost isig icanon echo ...}) = 0,,,,,,,
ioctl,1, {B38400 opost isig icanon echo ...}) = 0,,,,,,,
ioctl,1, {ws_row=23, ws_col=79, ws_xpixel=0, ws_ypixel=0}) = 0,,,,
ioctl,1, {ws_row=23, ws_col=79, ws_xpixel=0, ws_ypixel=0}) = 0,,,,
ioctl,0, {B38400 opost isig icanon echo ...}) = 0,,,,,,,
ioctl,2, {B38400 opost isig icanon echo ...}) = 0,,,,,,,
rt_sigaction,SIGQUIT, sa_mask=[QUIT], sa_flags=SA_RESTORER|SA_RESTART, sa_restorer=0x7f0e8cb80090}, {sa_handler=SIG_DFL, sa_mask=[], sa_flags=0}, 8) = 0,
rt_sigaction,SIGINT, sa_mask=[INT], sa_flags=SA_RESTORER|SA_RESTART, sa_restorer=0x7f0e8cb80090}, {sa_handler=SIG_DFL, sa_mask=[], sa_flags=0}, 8) = 0,
rt_sigaction,SIGWINCH, sa_mask=[WINCH], sa_flags=SA_RESTORER|SA_RESTART, sa_restorer=0x7f0e8cb80090}, {sa_handler=SIG_DFL, sa_mask=[], sa_flags=0}, 8) = 0,
rt_sigaction,SIGTSTP, sa_mask=[TSTP], sa_flags=SA_RESTORER|SA_RESTART, sa_restorer=0x7f0e8cb80090}, {sa_handler=SIG_DFL, sa_mask=[], sa_flags=0}, 8) = 0,
rt_sigaction,SIGTSTP, sa_mask=[TSTP], sa_flags=SA_RESTORER|SA_RESTART, sa_restorer=0x7f0e8cb80090}, {sa_handler=SIG_IGN, sa_mask=[TSTP], sa_flags=SA_RESTORER|SA_RESTART, sa_restorer=0x7f0e8cb80090}, 8) = 0
ioctl,2, {B38400 opost isig icanon echo ...}) = 0,,,,,,,
ioctl,2, {B38400 opost isig -icanon -echo ...}) = 0,,,,,,,
ioctl,2, {B38400 opost isig -icanon -echo ...}) = 0,,,,,,,
stat,sample.txt, st_size=0, ...}) = 0,,,,,,
openat,AT_FDCWD, O_RDONLY) = 3,,,,,,,
fstat,3, st_size=0, ...}) = 0,,,,,,
lseek,3, SEEK_SET)                   = 0,,,,,,,
read,3, 4096)                       = 0,,,,,,,
lseek,3, SEEK_SET)                   = 0,,,,,,,
fcntl,3, FD_CLOEXEC)           = 0,,,,,,,
read,3, 4096)                       = 0,,,,,,,
rt_sigprocmask,SIG_BLOCK, [], 8)  = 0,,,,,,
rt_sigprocmask,SIG_BLOCK, [], 8)  = 0,,,,,,
close,3)                                = 0,,,,,,,,
ioctl,2, {B38400 opost isig -icanon -echo ...}) = 0,,,,,,,
ioctl,2, {B38400 opost isig icanon echo ...}) = 0,,,,,,,
ioctl,2, {B38400 opost isig icanon echo ...}) = 0,,,,,,,
close,1)                                = 0,,,,,,,,
close,2)                                = 0,,,,,,,,
exit_group,0)                           = ?,,,,,,,,
+++ exited with 0 +++,,,,,,,,,
