Data,,,,,,
execve,/usr/bin/mv," ""Sample1.txt"""," ""sample.txt""]", 0x7ffd2b5e68a0 /* 50 vars */) = 0,,
brk,NULL)                               = 0x565211cfd000,,,,,
arch_prctl,0x3001 /* ARCH_??? */,,,,,
access,/etc/ld.so.preload,,,,,
openat,AT_FDCWD, O_RDONLY|O_CLOEXEC) = 3,,,,
fstat,3, st_size=69600, ...}) = 0,,,
mmap,NULL, PROT_READ, MAP_PRIVATE,3, 0) = 0x7f6430116000,
close,3)                                = 0,,,,,
openat,AT_FDCWD, O_RDONLY|O_CLOEXEC) = 3,,,,
read,3, 832) = 832,,,,
fstat,3, st_size=163200, ...}) = 0,,,
mmap,NULL, PROT_READ|PROT_WRITE, MAP_PRIVATE|MAP_ANONYMOUS,-1, 0) = 0x7f6430114000,
mmap,NULL, PROT_READ, MAP_PRIVATE|MAP_DENYWRITE,3, 0) = 0x7f64300e9000,
mprotect,0x7f64300ef000, PROT_NONE) = 0,,,,
mmap,0x7f64300ef000, PROT_READ|PROT_EXEC, MAP_PRIVATE|MAP_FIXED|MAP_DENYWRITE,3, 0x6000) = 0x7f64300ef000,
mmap,0x7f6430108000, PROT_READ, MAP_PRIVATE|MAP_FIXED|MAP_DENYWRITE,3, 0x1f000) = 0x7f6430108000,
mmap,0x7f6430110000, PROT_READ|PROT_WRITE, MAP_PRIVATE|MAP_FIXED|MAP_DENYWRITE,3, 0x26000) = 0x7f6430110000,
mmap,0x7f6430112000, PROT_READ|PROT_WRITE, MAP_PRIVATE|MAP_FIXED|MAP_ANONYMOUS,-1, 0) = 0x7f6430112000,
close,3)                                = 0,,,,,
openat,AT_FDCWD, O_RDONLY|O_CLOEXEC) = 3,,,,
read,3, 832) = 832,,,,
fstat,3, st_size=39088, ...}) = 0,,,
mmap,NULL, PROT_READ, MAP_PRIVATE|MAP_DENYWRITE,3, 0) = 0x7f64300de000,
mmap,0x7f64300e0000, PROT_READ|PROT_EXEC, MAP_PRIVATE|MAP_FIXED|MAP_DENYWRITE,3, 0x2000) = 0x7f64300e0000,
mmap,0x7f64300e5000, PROT_READ, MAP_PRIVATE|MAP_FIXED|MAP_DENYWRITE,3, 0x7000) = 0x7f64300e5000,
mmap,0x7f64300e7000, PROT_READ|PROT_WRITE, MAP_PRIVATE|MAP_FIXED|MAP_DENYWRITE,3, 0x8000) = 0x7f64300e7000,
close,3)                                = 0,,,,,
openat,AT_FDCWD, O_RDONLY|O_CLOEXEC) = 3,,,,
read,3, 832) = 832,,,,
fstat,3, st_size=26696, ...}) = 0,,,
mmap,NULL, PROT_READ, MAP_PRIVATE|MAP_DENYWRITE,3, 0) = 0x7f64300d6000,
mmap,0x7f64300d8000, PROT_READ|PROT_EXEC, MAP_PRIVATE|MAP_FIXED|MAP_DENYWRITE,3, 0x2000) = 0x7f64300d8000,
mmap,0x7f64300db000, PROT_READ, MAP_PRIVATE|MAP_FIXED|MAP_DENYWRITE,3, 0x5000) = 0x7f64300db000,
mmap,0x7f64300dc000, PROT_READ|PROT_WRITE, MAP_PRIVATE|MAP_FIXED|MAP_DENYWRITE,3, 0x5000) = 0x7f64300dc000,
close,3)                                = 0,,,,,
openat,AT_FDCWD, O_RDONLY|O_CLOEXEC) = 3,,,,
read,3, 832) = 832,,,,
pread64,3,784, 64) = 784,,,
pread64,3,32, 848) = 32,,,
pread64,3,68, 880) = 68,,,
fstat,3, st_size=2029592, ...}) = 0,,,
pread64,3,784, 64) = 784,,,
pread64,3,32, 848) = 32,,,
pread64,3,68, 880) = 68,,,
mmap,NULL, PROT_READ, MAP_PRIVATE|MAP_DENYWRITE,3, 0) = 0x7f642fee4000,
mmap,0x7f642ff06000, PROT_READ|PROT_EXEC, MAP_PRIVATE|MAP_FIXED|MAP_DENYWRITE,3, 0x22000) = 0x7f642ff06000,
mmap,0x7f643007e000, PROT_READ, MAP_PRIVATE|MAP_FIXED|MAP_DENYWRITE,3, 0x19a000) = 0x7f643007e000,
mmap,0x7f64300cc000, PROT_READ|PROT_WRITE, MAP_PRIVATE|MAP_FIXED|MAP_DENYWRITE,3, 0x1e7000) = 0x7f64300cc000,
mmap,0x7f64300d2000, PROT_READ|PROT_WRITE, MAP_PRIVATE|MAP_FIXED|MAP_ANONYMOUS,-1, 0) = 0x7f64300d2000,
close,3)                                = 0,,,,,
openat,AT_FDCWD, O_RDONLY|O_CLOEXEC) = 3,,,,
read,3, 832) = 832,,,,
fstat,3, st_size=588488, ...}) = 0,,,
mmap,NULL, PROT_READ, MAP_PRIVATE|MAP_DENYWRITE,3, 0) = 0x7f642fe53000,
mmap,0x7f642fe55000, PROT_READ|PROT_EXEC, MAP_PRIVATE|MAP_FIXED|MAP_DENYWRITE,3, 0x2000) = 0x7f642fe55000,
mmap,0x7f642feba000, PROT_READ, MAP_PRIVATE|MAP_FIXED|MAP_DENYWRITE,3, 0x67000) = 0x7f642feba000,
mmap,0x7f642fee2000, PROT_READ|PROT_WRITE, MAP_PRIVATE|MAP_FIXED|MAP_DENYWRITE,3, 0x8e000) = 0x7f642fee2000,
close,3)                                = 0,,,,,
openat,AT_FDCWD, O_RDONLY|O_CLOEXEC) = 3,,,,
read,3, 832) = 832,,,,
fstat,3, st_size=18848, ...}) = 0,,,
mmap,NULL, PROT_READ, MAP_PRIVATE|MAP_DENYWRITE,3, 0) = 0x7f642fe4d000,
mmap,0x7f642fe4e000, PROT_READ|PROT_EXEC, MAP_PRIVATE|MAP_FIXED|MAP_DENYWRITE,3, 0x1000) = 0x7f642fe4e000,
mmap,0x7f642fe50000, PROT_READ, MAP_PRIVATE|MAP_FIXED|MAP_DENYWRITE,3, 0x3000) = 0x7f642fe50000,
mmap,0x7f642fe51000, PROT_READ|PROT_WRITE, MAP_PRIVATE|MAP_FIXED|MAP_DENYWRITE,3, 0x3000) = 0x7f642fe51000,
close,3)                                = 0,,,,,
openat,AT_FDCWD, O_RDONLY|O_CLOEXEC) = 3,,,,
read,3, 832) = 832,,,,
pread64,3,68, 824) = 68,,,
fstat,3, st_size=157224, ...}) = 0,,,
mmap,NULL, PROT_READ|PROT_WRITE, MAP_PRIVATE|MAP_ANONYMOUS,-1, 0) = 0x7f642fe4b000,
pread64,3,68, 824) = 68,,,
mmap,NULL, PROT_READ, MAP_PRIVATE|MAP_DENYWRITE,3, 0) = 0x7f642fe28000,
mmap,0x7f642fe2e000, PROT_READ|PROT_EXEC, MAP_PRIVATE|MAP_FIXED|MAP_DENYWRITE,3, 0x6000) = 0x7f642fe2e000,
mmap,0x7f642fe3f000, PROT_READ, MAP_PRIVATE|MAP_FIXED|MAP_DENYWRITE,3, 0x17000) = 0x7f642fe3f000,
mmap,0x7f642fe45000, PROT_READ|PROT_WRITE, MAP_PRIVATE|MAP_FIXED|MAP_DENYWRITE,3, 0x1c000) = 0x7f642fe45000,
mmap,0x7f642fe47000, PROT_READ|PROT_WRITE, MAP_PRIVATE|MAP_FIXED|MAP_ANONYMOUS,-1, 0) = 0x7f642fe47000,
close,3)                                = 0,,,,,
mmap,NULL, PROT_READ|PROT_WRITE, MAP_PRIVATE|MAP_ANONYMOUS,-1, 0) = 0x7f642fe25000,
arch_prctl,ARCH_SET_FS,,,,,
mprotect,0x7f64300cc000, PROT_READ) = 0,,,,
mprotect,0x7f642fe45000, PROT_READ) = 0,,,,
mprotect,0x7f642fe51000, PROT_READ) = 0,,,,
mprotect,0x7f642fee2000, PROT_READ) = 0,,,,
mprotect,0x7f64300dc000, PROT_READ) = 0,,,,
mprotect,0x7f64300e7000, PROT_READ) = 0,,,,
mprotect,0x7f6430110000, PROT_READ) = 0,,,,
mprotect,0x565211a2f000, PROT_READ) = 0,,,,
mprotect,0x7f6430154000, PROT_READ) = 0,,,,
munmap,0x7f6430116000,,,,,
set_tid_address,0x7f642fe25ad0)         = 3470,,,,,
set_robust_list,0x7f642fe25ae0,,,,,
rt_sigaction,SIGRTMIN, sa_mask=[], sa_flags=SA_RESTORER|SA_SIGINFO, sa_restorer=0x7f642fe3c420}, NULL, 8) = 0
rt_sigaction,SIGRT_1, sa_mask=[], sa_flags=SA_RESTORER|SA_RESTART|SA_SIGINFO, sa_restorer=0x7f642fe3c420}, NULL, 8) = 0
rt_sigprocmask,SIG_UNBLOCK, NULL, 8) = 0,,,
prlimit64,0, NULL, {rlim_cur=8192*1024, rlim_max=RLIM64_INFINITY}) = 0,,
statfs,/sys/fs/selinux,,,,,
statfs,/selinux,,,,,
brk,NULL)                               = 0x565211cfd000,,,,,
brk,0x565211d1e000)                     = 0x565211d1e000,,,,,
openat,AT_FDCWD, O_RDONLY|O_CLOEXEC) = 3,,,,
fstat,3, st_size=0, ...}) = 0,,,
read,3, 1024) = 387,,,,
read,3, 1024)                       = 0,,,,
close,3)                                = 0,,,,,
access,/etc/selinux/config,,,,,
openat,AT_FDCWD, O_RDONLY|O_CLOEXEC) = 3,,,,
fstat,3, st_size=5699248, ...}) = 0,,,
mmap,NULL, PROT_READ, MAP_PRIVATE,3, 0) = 0x7f642f8b5000,
close,3)                                = 0,,,,,
geteuid,)                               = 1000,,,,,
ioctl,0, {B38400 opost isig icanon echo ...}) = 0,,,,
renameat2,AT_FDCWD, AT_FDCWD," ""sample.txt""", RENAME_NOREPLACE) = 0,,
lseek,0, SEEK_CUR)                   = -1 ESPIPE (Illegal seek),,,,
close,0)                                = 0,,,,,
close,1)                                = 0,,,,,
close,2)                                = 0,,,,,
exit_group,0)                           = ?,,,,,
+++ exited with 0 +++,,,,,,
