Data,,,,
execve,"/usr/bin/nc, [""nc"", ""127.0.0.1"", ""1234""], 0x7fffbea2a6e0 /* 50 vars */) = 0",,,
brk,NULL)                               = 0x55e658a4c000,,,
arch_prctl,"0x3001 /* ARCH_??? */, 0x7ffc5329d8d0) = -1 EINVAL ",Invalid argument),,
access,"/etc/ld.so.preload, R_OK)      = -1 ENOENT ",No such file or directory),,
openat,"AT_FDCWD, ""/etc/ld.so.cache"", O_RDONLY|O_CLOEXEC) = 3",,,
fstat,"3, {st_mode=S_IFREG|0644, st_size=69600, ...}) = 0",,,
mmap,"NULL, 69600, PROT_READ, MAP_PRIVATE, 3, 0) = 0x7f91879e1000",,,
close,3)                                = 0,,,
openat,"AT_FDCWD, ""/lib/x86_64-linux-gnu/libbsd.so.0"", O_RDONLY|O_CLOEXEC) = 3",,,
read,"3, ""\177ELF\2\1\1\0\0\0\0\0\0\0\0\0\3\0>\0\1\0\0\0@N\0\0\0\0\0\0""..., 832) = 832",,,
fstat,"3, {st_mode=S_IFREG|0644, st_size=96728, ...}) = 0",,,
mmap,"NULL, 8192, PROT_READ|PROT_WRITE, MAP_PRIVATE|MAP_ANONYMOUS, -1, 0) = 0x7f91879df000",,,
mmap,"NULL, 102768, PROT_READ, MAP_PRIVATE|MAP_DENYWRITE, 3, 0) = 0x7f91879c5000",,,
mprotect,"0x7f91879c9000, 77824, PROT_NONE) = 0",,,
mmap,"0x7f91879c9000, 61440, PROT_READ|PROT_EXEC, MAP_PRIVATE|MAP_FIXED|MAP_DENYWRITE, 3, 0x4000) = 0x7f91879c9000",,,
mmap,"0x7f91879d8000, 12288, PROT_READ, MAP_PRIVATE|MAP_FIXED|MAP_DENYWRITE, 3, 0x13000) = 0x7f91879d8000",,,
mmap,"0x7f91879dc000, 8192, PROT_READ|PROT_WRITE, MAP_PRIVATE|MAP_FIXED|MAP_DENYWRITE, 3, 0x16000) = 0x7f91879dc000",,,
mmap,"0x7f91879de000, 368, PROT_READ|PROT_WRITE, MAP_PRIVATE|MAP_FIXED|MAP_ANONYMOUS, -1, 0) = 0x7f91879de000",,,
close,3)                                = 0,,,
openat,"AT_FDCWD, ""/lib/x86_64-linux-gnu/libresolv.so.2"", O_RDONLY|O_CLOEXEC) = 3",,,
read,"3, ""\177ELF\2\1\1\0\0\0\0\0\0\0\0\0\3\0>\0\1\0\0\0 G\0\0\0\0\0\0""..., 832) = 832",,,
fstat,"3, {st_mode=S_IFREG|0644, st_size=101352, ...}) = 0",,,
mmap,"NULL, 113280, PROT_READ, MAP_PRIVATE|MAP_DENYWRITE, 3, 0) = 0x7f91879a9000",,,
mmap,"0x7f91879ad000, 65536, PROT_READ|PROT_EXEC, MAP_PRIVATE|MAP_FIXED|MAP_DENYWRITE, 3, 0x4000) = 0x7f91879ad000",,,
mmap,"0x7f91879bd000, 16384, PROT_READ, MAP_PRIVATE|MAP_FIXED|MAP_DENYWRITE, 3, 0x14000) = 0x7f91879bd000",,,
mmap,"0x7f91879c1000, 8192, PROT_READ|PROT_WRITE, MAP_PRIVATE|MAP_FIXED|MAP_DENYWRITE, 3, 0x17000) = 0x7f91879c1000",,,
mmap,"0x7f91879c3000, 6784, PROT_READ|PROT_WRITE, MAP_PRIVATE|MAP_FIXED|MAP_ANONYMOUS, -1, 0) = 0x7f91879c3000",,,
close,3)                                = 0,,,
openat,"AT_FDCWD, ""/lib/x86_64-linux-gnu/libc.so.6"", O_RDONLY|O_CLOEXEC) = 3",,,
read,"3, ""\177ELF\2\1\1\3\0\0\0\0\0\0\0\0\3\0>\0\1\0\0\0\300A\2\0\0\0\0\0""..., 832) = 832",,,
pread64,"3, ""\6\0\0\0\4\0\0\0@\0\0\0\0\0\0\0@\0\0\0\0\0\0\0@\0\0\0\0\0\0\0""..., 784, 64) = 784",,,
pread64,"3, ""\4\0\0\0\20\0\0\0\5\0\0\0GNU\0\2\0\0\300\4\0\0\0\3\0\0\0\0\0\0\0"", 32, 848) = 32",,,
pread64,"3, ""\4\0\0\0\24\0\0\0\3\0\0\0GNU\0\30x\346\264ur\f|Q\226\236i\253-'o""..., 68, 880) = 68",,,
fstat,"3, {st_mode=S_IFREG|0755, st_size=2029592, ...}) = 0",,,
pread64,"3, ""\6\0\0\0\4\0\0\0@\0\0\0\0\0\0\0@\0\0\0\0\0\0\0@\0\0\0\0\0\0\0""..., 784, 64) = 784",,,
pread64,"3, ""\4\0\0\0\20\0\0\0\5\0\0\0GNU\0\2\0\0\300\4\0\0\0\3\0\0\0\0\0\0\0"", 32, 848) = 32",,,
pread64,"3, ""\4\0\0\0\24\0\0\0\3\0\0\0GNU\0\30x\346\264ur\f|Q\226\236i\253-'o""..., 68, 880) = 68",,,
mmap,"NULL, 2037344, PROT_READ, MAP_PRIVATE|MAP_DENYWRITE, 3, 0) = 0x7f91877b7000",,,
mmap,"0x7f91877d9000, 1540096, PROT_READ|PROT_EXEC, MAP_PRIVATE|MAP_FIXED|MAP_DENYWRITE, 3, 0x22000) = 0x7f91877d9000",,,
mmap,"0x7f9187951000, 319488, PROT_READ, MAP_PRIVATE|MAP_FIXED|MAP_DENYWRITE, 3, 0x19a000) = 0x7f9187951000",,,
mmap,"0x7f918799f000, 24576, PROT_READ|PROT_WRITE, MAP_PRIVATE|MAP_FIXED|MAP_DENYWRITE, 3, 0x1e7000) = 0x7f918799f000",,,
mmap,"0x7f91879a5000, 13920, PROT_READ|PROT_WRITE, MAP_PRIVATE|MAP_FIXED|MAP_ANONYMOUS, -1, 0) = 0x7f91879a5000",,,
close,3)                                = 0,,,
mmap,"NULL, 12288, PROT_READ|PROT_WRITE, MAP_PRIVATE|MAP_ANONYMOUS, -1, 0) = 0x7f91877b4000",,,
arch_prctl,"ARCH_SET_FS, 0x7f91877b4740) = 0",,,
mprotect,"0x7f918799f000, 16384, PROT_READ) = 0",,,
mprotect,"0x7f91879c1000, 4096, PROT_READ) = 0",,,
mprotect,"0x7f91879dc000, 4096, PROT_READ) = 0",,,
mprotect,"0x55e6582a3000, 4096, PROT_READ) = 0",,,
mprotect,"0x7f9187a1f000, 4096, PROT_READ) = 0",,,
munmap,"0x7f91879e1000, 69600)           = 0",,,
rt_sigaction,"SIGPIPE, {sa_handler=SIG_IGN, sa_mask=[PIPE], sa_flags=SA_RESTORER|SA_RESTART, sa_restorer=0x7f91877fa090}, {sa_handler=SIG_DFL, sa_mask=[], sa_flags=0}, 8) = 0",,,
brk,NULL)                               = 0x55e658a4c000,,,
brk,0x55e658a6d000)                     = 0x55e658a6d000,,,
socket,"AF_UNIX, SOCK_STREAM|SOCK_CLOEXEC|SOCK_NONBLOCK, 0) = 3",,,
connect,"3, {sa_family=AF_UNIX, sun_path=""/var/run/nscd/socket""}, 110) = -1 ENOENT ",No such file or directory),,
close,3)                                = 0,,,
socket,"AF_UNIX, SOCK_STREAM|SOCK_CLOEXEC|SOCK_NONBLOCK, 0) = 3",,,
connect,"3, {sa_family=AF_UNIX, sun_path=""/var/run/nscd/socket""}, 110) = -1 ENOENT ",No such file or directory),,
close,3)                                = 0,,,
openat,"AT_FDCWD, ""/etc/nsswitch.conf"", O_RDONLY|O_CLOEXEC) = 3",,,
fstat,"3, {st_mode=S_IFREG|0644, st_size=542, ...}) = 0",,,
read,"3, ""# /etc/nsswitch.conf\n#\n# Example""..., 4096) = 542",,,
read,"3, """", 4096)                       = 0",,,
close,3)                                = 0,,,
openat,"AT_FDCWD, ""/etc/ld.so.cache"", O_RDONLY|O_CLOEXEC) = 3",,,
fstat,"3, {st_mode=S_IFREG|0644, st_size=69600, ...}) = 0",,,
mmap,"NULL, 69600, PROT_READ, MAP_PRIVATE, 3, 0) = 0x7f91879e1000",,,
close,3)                                = 0,,,
openat,"AT_FDCWD, ""/lib/x86_64-linux-gnu/tls/x86_64/x86_64/libnss_db.so.2"", O_RDONLY|O_CLOEXEC) = -1 ENOENT ",No such file or directory),,
stat,"/lib/x86_64-linux-gnu/tls/x86_64/x86_64, 0x7ffc5329c310) = -1 ENOENT ",No such file or directory),,
openat,"AT_FDCWD, ""/lib/x86_64-linux-gnu/tls/x86_64/libnss_db.so.2"", O_RDONLY|O_CLOEXEC) = -1 ENOENT ",No such file or directory),,
stat,"/lib/x86_64-linux-gnu/tls/x86_64, 0x7ffc5329c310) = -1 ENOENT ",No such file or directory),,
openat,"AT_FDCWD, ""/lib/x86_64-linux-gnu/tls/x86_64/libnss_db.so.2"", O_RDONLY|O_CLOEXEC) = -1 ENOENT ",No such file or directory),,
stat,"/lib/x86_64-linux-gnu/tls/x86_64, 0x7ffc5329c310) = -1 ENOENT ",No such file or directory),,
openat,"AT_FDCWD, ""/lib/x86_64-linux-gnu/tls/libnss_db.so.2"", O_RDONLY|O_CLOEXEC) = -1 ENOENT ",No such file or directory),,
stat,"/lib/x86_64-linux-gnu/tls, 0x7ffc5329c310) = -1 ENOENT ",No such file or directory),,
openat,"AT_FDCWD, ""/lib/x86_64-linux-gnu/x86_64/x86_64/libnss_db.so.2"", O_RDONLY|O_CLOEXEC) = -1 ENOENT ",No such file or directory),,
stat,"/lib/x86_64-linux-gnu/x86_64/x86_64, 0x7ffc5329c310) = -1 ENOENT ",No such file or directory),,
openat,"AT_FDCWD, ""/lib/x86_64-linux-gnu/x86_64/libnss_db.so.2"", O_RDONLY|O_CLOEXEC) = -1 ENOENT ",No such file or directory),,
stat,"/lib/x86_64-linux-gnu/x86_64, 0x7ffc5329c310) = -1 ENOENT ",No such file or directory),,
openat,"AT_FDCWD, ""/lib/x86_64-linux-gnu/x86_64/libnss_db.so.2"", O_RDONLY|O_CLOEXEC) = -1 ENOENT ",No such file or directory),,
stat,"/lib/x86_64-linux-gnu/x86_64, 0x7ffc5329c310) = -1 ENOENT ",No such file or directory),,
openat,"AT_FDCWD, ""/lib/x86_64-linux-gnu/libnss_db.so.2"", O_RDONLY|O_CLOEXEC) = -1 ENOENT ",No such file or directory),,
stat,"/lib/x86_64-linux-gnu, {st_mode=S_IFDIR|0755, st_size=77824, ...}) = 0",,,
openat,"AT_FDCWD, ""/usr/lib/x86_64-linux-gnu/tls/x86_64/x86_64/libnss_db.so.2"", O_RDONLY|O_CLOEXEC) = -1 ENOENT ",No such file or directory),,
stat,"/usr/lib/x86_64-linux-gnu/tls/x86_64/x86_64, 0x7ffc5329c310) = -1 ENOENT ",No such file or directory),,
openat,"AT_FDCWD, ""/usr/lib/x86_64-linux-gnu/tls/x86_64/libnss_db.so.2"", O_RDONLY|O_CLOEXEC) = -1 ENOENT ",No such file or directory),,
stat,"/usr/lib/x86_64-linux-gnu/tls/x86_64, 0x7ffc5329c310) = -1 ENOENT ",No such file or directory),,
openat,"AT_FDCWD, ""/usr/lib/x86_64-linux-gnu/tls/x86_64/libnss_db.so.2"", O_RDONLY|O_CLOEXEC) = -1 ENOENT ",No such file or directory),,
stat,"/usr/lib/x86_64-linux-gnu/tls/x86_64, 0x7ffc5329c310) = -1 ENOENT ",No such file or directory),,
openat,"AT_FDCWD, ""/usr/lib/x86_64-linux-gnu/tls/libnss_db.so.2"", O_RDONLY|O_CLOEXEC) = -1 ENOENT ",No such file or directory),,
stat,"/usr/lib/x86_64-linux-gnu/tls, 0x7ffc5329c310) = -1 ENOENT ",No such file or directory),,
openat,"AT_FDCWD, ""/usr/lib/x86_64-linux-gnu/x86_64/x86_64/libnss_db.so.2"", O_RDONLY|O_CLOEXEC) = -1 ENOENT ",No such file or directory),,
stat,"/usr/lib/x86_64-linux-gnu/x86_64/x86_64, 0x7ffc5329c310) = -1 ENOENT ",No such file or directory),,
openat,"AT_FDCWD, ""/usr/lib/x86_64-linux-gnu/x86_64/libnss_db.so.2"", O_RDONLY|O_CLOEXEC) = -1 ENOENT ",No such file or directory),,
stat,"/usr/lib/x86_64-linux-gnu/x86_64, 0x7ffc5329c310) = -1 ENOENT ",No such file or directory),,
openat,"AT_FDCWD, ""/usr/lib/x86_64-linux-gnu/x86_64/libnss_db.so.2"", O_RDONLY|O_CLOEXEC) = -1 ENOENT ",No such file or directory),,
stat,"/usr/lib/x86_64-linux-gnu/x86_64, 0x7ffc5329c310) = -1 ENOENT ",No such file or directory),,
openat,"AT_FDCWD, ""/usr/lib/x86_64-linux-gnu/libnss_db.so.2"", O_RDONLY|O_CLOEXEC) = -1 ENOENT ",No such file or directory),,
stat,"/usr/lib/x86_64-linux-gnu, {st_mode=S_IFDIR|0755, st_size=77824, ...}) = 0",,,
openat,"AT_FDCWD, ""/lib/tls/x86_64/x86_64/libnss_db.so.2"", O_RDONLY|O_CLOEXEC) = -1 ENOENT ",No such file or directory),,
stat,"/lib/tls/x86_64/x86_64, 0x7ffc5329c310) = -1 ENOENT ",No such file or directory),,
openat,"AT_FDCWD, ""/lib/tls/x86_64/libnss_db.so.2"", O_RDONLY|O_CLOEXEC) = -1 ENOENT ",No such file or directory),,
stat,"/lib/tls/x86_64, 0x7ffc5329c310) = -1 ENOENT ",No such file or directory),,
openat,"AT_FDCWD, ""/lib/tls/x86_64/libnss_db.so.2"", O_RDONLY|O_CLOEXEC) = -1 ENOENT ",No such file or directory),,
stat,"/lib/tls/x86_64, 0x7ffc5329c310) = -1 ENOENT ",No such file or directory),,
openat,"AT_FDCWD, ""/lib/tls/libnss_db.so.2"", O_RDONLY|O_CLOEXEC) = -1 ENOENT ",No such file or directory),,
stat,"/lib/tls, 0x7ffc5329c310)        = -1 ENOENT ",No such file or directory),,
openat,"AT_FDCWD, ""/lib/x86_64/x86_64/libnss_db.so.2"", O_RDONLY|O_CLOEXEC) = -1 ENOENT ",No such file or directory),,
stat,"/lib/x86_64/x86_64, 0x7ffc5329c310) = -1 ENOENT ",No such file or directory),,
openat,"AT_FDCWD, ""/lib/x86_64/libnss_db.so.2"", O_RDONLY|O_CLOEXEC) = -1 ENOENT ",No such file or directory),,
stat,"/lib/x86_64, 0x7ffc5329c310)     = -1 ENOENT ",No such file or directory),,
openat,"AT_FDCWD, ""/lib/x86_64/libnss_db.so.2"", O_RDONLY|O_CLOEXEC) = -1 ENOENT ",No such file or directory),,
stat,"/lib/x86_64, 0x7ffc5329c310)     = -1 ENOENT ",No such file or directory),,
openat,"AT_FDCWD, ""/lib/libnss_db.so.2"", O_RDONLY|O_CLOEXEC) = -1 ENOENT ",No such file or directory),,
stat,"/lib, {st_mode=S_IFDIR|0755, st_size=4096, ...}) = 0",,,
openat,"AT_FDCWD, ""/usr/lib/tls/x86_64/x86_64/libnss_db.so.2"", O_RDONLY|O_CLOEXEC) = -1 ENOENT ",No such file or directory),,
stat,"/usr/lib/tls/x86_64/x86_64, 0x7ffc5329c310) = -1 ENOENT ",No such file or directory),,
openat,"AT_FDCWD, ""/usr/lib/tls/x86_64/libnss_db.so.2"", O_RDONLY|O_CLOEXEC) = -1 ENOENT ",No such file or directory),,
stat,"/usr/lib/tls/x86_64, 0x7ffc5329c310) = -1 ENOENT ",No such file or directory),,
openat,"AT_FDCWD, ""/usr/lib/tls/x86_64/libnss_db.so.2"", O_RDONLY|O_CLOEXEC) = -1 ENOENT ",No such file or directory),,
stat,"/usr/lib/tls/x86_64, 0x7ffc5329c310) = -1 ENOENT ",No such file or directory),,
openat,"AT_FDCWD, ""/usr/lib/tls/libnss_db.so.2"", O_RDONLY|O_CLOEXEC) = -1 ENOENT ",No such file or directory),,
stat,"/usr/lib/tls, 0x7ffc5329c310)    = -1 ENOENT ",No such file or directory),,
openat,"AT_FDCWD, ""/usr/lib/x86_64/x86_64/libnss_db.so.2"", O_RDONLY|O_CLOEXEC) = -1 ENOENT ",No such file or directory),,
stat,"/usr/lib/x86_64/x86_64, 0x7ffc5329c310) = -1 ENOENT ",No such file or directory),,
openat,"AT_FDCWD, ""/usr/lib/x86_64/libnss_db.so.2"", O_RDONLY|O_CLOEXEC) = -1 ENOENT ",No such file or directory),,
stat,"/usr/lib/x86_64, 0x7ffc5329c310) = -1 ENOENT ",No such file or directory),,
openat,"AT_FDCWD, ""/usr/lib/x86_64/libnss_db.so.2"", O_RDONLY|O_CLOEXEC) = -1 ENOENT ",No such file or directory),,
stat,"/usr/lib/x86_64, 0x7ffc5329c310) = -1 ENOENT ",No such file or directory),,
openat,"AT_FDCWD, ""/usr/lib/libnss_db.so.2"", O_RDONLY|O_CLOEXEC) = -1 ENOENT ",No such file or directory),,
stat,"/usr/lib, {st_mode=S_IFDIR|0755, st_size=4096, ...}) = 0",,,
munmap,"0x7f91879e1000, 69600)           = 0",,,
openat,"AT_FDCWD, ""/etc/ld.so.cache"", O_RDONLY|O_CLOEXEC) = 3",,,
fstat,"3, {st_mode=S_IFREG|0644, st_size=69600, ...}) = 0",,,
mmap,"NULL, 69600, PROT_READ, MAP_PRIVATE, 3, 0) = 0x7f91879e1000",,,
close,3)                                = 0,,,
openat,"AT_FDCWD, ""/lib/x86_64-linux-gnu/libnss_files.so.2"", O_RDONLY|O_CLOEXEC) = 3",,,
read,"3, ""\177ELF\2\1\1\0\0\0\0\0\0\0\0\0\3\0>\0\1\0\0\0\3005\0\0\0\0\0\0""..., 832) = 832",,,
fstat,"3, {st_mode=S_IFREG|0644, st_size=51856, ...}) = 0",,,
mmap,"NULL, 79672, PROT_READ, MAP_PRIVATE|MAP_DENYWRITE, 3, 0) = 0x7f91877a0000",,,
mmap,"0x7f91877a3000, 28672, PROT_READ|PROT_EXEC, MAP_PRIVATE|MAP_FIXED|MAP_DENYWRITE, 3, 0x3000) = 0x7f91877a3000",,,
mmap,"0x7f91877aa000, 8192, PROT_READ, MAP_PRIVATE|MAP_FIXED|MAP_DENYWRITE, 3, 0xa000) = 0x7f91877aa000",,,
mmap,"0x7f91877ac000, 8192, PROT_READ|PROT_WRITE, MAP_PRIVATE|MAP_FIXED|MAP_DENYWRITE, 3, 0xb000) = 0x7f91877ac000",,,
mmap,"0x7f91877ae000, 22328, PROT_READ|PROT_WRITE, MAP_PRIVATE|MAP_FIXED|MAP_ANONYMOUS, -1, 0) = 0x7f91877ae000",,,
close,3)                                = 0,,,
mprotect,"0x7f91877ac000, 4096, PROT_READ) = 0",,,
munmap,"0x7f91879e1000, 69600)           = 0",,,
openat,"AT_FDCWD, ""/etc/services"", O_RDONLY|O_CLOEXEC) = 3",,,
lseek,"3, 0, SEEK_CUR)                   = 0",,,
fstat,"3, {st_mode=S_IFREG|0644, st_size=14464, ...}) = 0",,,
read,"3, ""# Network services, Internet sty""..., 4096) = 4096",,,
lseek,"3, 0, SEEK_CUR)                   = 4096",,,
read,"3, ""lient\t546/udp\ndhcpv6-server\t547/""..., 4096) = 4096",,,
lseek,"3, 0, SEEK_CUR)                   = 8192",,,
read,"3, ""er TLS/SSL\namqp\t\t5672/tcp\namqp\t\t""..., 4096) = 4096",,,
lseek,"3, 0, SEEK_CUR)                   = 12288",,,
read,"3, ""ckup system\nafbackup\t2988/udp\naf""..., 4096) = 2176",,,
lseek,"3, 0, SEEK_CUR)                   = 14464",,,
read,"3, """", 4096)                       = 0",,,
close,3)                                = 0,,,
socket,"AF_INET, SOCK_STREAM|SOCK_NONBLOCK, IPPROTO_TCP) = 3",,,
fcntl,"3, F_GETFL)                       = 0x802 ",flags O_RDWR|O_NONBLOCK),,
fcntl,"3, F_SETFL, O_RDWR|O_NONBLOCK)    = 0",,,
connect,"3, {sa_family=AF_INET, sin_port=htons","1234), sin_addr=inet_addr","127.0.0.1)}, 16) = -1 EINPROGRESS ",Operation now in progress)
select,"4, NULL, [3], NULL, NULL)        = 1 ",out [3]),,
getsockopt,"3, SOL_SOCKET, SO_ERROR, [ECONNREFUSED], [4]) = 0",,,
fcntl,"3, F_SETFL, O_RDWR|O_NONBLOCK)    = 0",,,
close,3)                                = 0,,,
exit_group,1)                           = ?,,,
+++ exited with 1 +++,,,,
