Data,,,,,
execve,/usr/bin/od," ""-b"""," ""sample.txt""]", 0x7fff350a62e0 /* 50 vars */) = 0,
brk,NULL)                               = 0x559baaf6e000,,,,
arch_prctl,0x3001 /* ARCH_??? */,,,,
access,/etc/ld.so.preload,,,,
openat,AT_FDCWD, O_RDONLY|O_CLOEXEC) = 3,,,
fstat,3, st_size=69600, ...}) = 0,,
mmap,NULL, PROT_READ, MAP_PRIVATE,3, 0) = 0x7fdceb52e000
close,3)                                = 0,,,,
openat,AT_FDCWD, O_RDONLY|O_CLOEXEC) = 3,,,
read,3, 832) = 832,,,
pread64,3,784, 64) = 784,,
pread64,3,32, 848) = 32,,
pread64,3,68, 880) = 68,,
fstat,3, st_size=2029592, ...}) = 0,,
mmap,NULL, PROT_READ|PROT_WRITE, MAP_PRIVATE|MAP_ANONYMOUS,-1, 0) = 0x7fdceb52c000
pread64,3,784, 64) = 784,,
pread64,3,32, 848) = 32,,
pread64,3,68, 880) = 68,,
mmap,NULL, PROT_READ, MAP_PRIVATE|MAP_DENYWRITE,3, 0) = 0x7fdceb33a000
mmap,0x7fdceb35c000, PROT_READ|PROT_EXEC, MAP_PRIVATE|MAP_FIXED|MAP_DENYWRITE,3, 0x22000) = 0x7fdceb35c000
mmap,0x7fdceb4d4000, PROT_READ, MAP_PRIVATE|MAP_FIXED|MAP_DENYWRITE,3, 0x19a000) = 0x7fdceb4d4000
mmap,0x7fdceb522000, PROT_READ|PROT_WRITE, MAP_PRIVATE|MAP_FIXED|MAP_DENYWRITE,3, 0x1e7000) = 0x7fdceb522000
mmap,0x7fdceb528000, PROT_READ|PROT_WRITE, MAP_PRIVATE|MAP_FIXED|MAP_ANONYMOUS,-1, 0) = 0x7fdceb528000
close,3)                                = 0,,,,
arch_prctl,ARCH_SET_FS,,,,
mprotect,0x7fdceb522000, PROT_READ) = 0,,,
mprotect,0x559ba98b1000, PROT_READ) = 0,,,
mprotect,0x7fdceb56c000, PROT_READ) = 0,,,
munmap,0x7fdceb52e000,,,,
openat,AT_FDCWD, O_RDONLY|O_CLOEXEC) = 3,,,
fstat,3, st_size=5699248, ...}) = 0,,
mmap,NULL, PROT_READ, MAP_PRIVATE,3, 0) = 0x7fdceadca000
close,3)                                = 0,,,,
brk,NULL)                               = 0x559baaf6e000,,,,
brk,0x559baaf8f000)                     = 0x559baaf8f000,,,,
openat,AT_FDCWD, O_RDONLY) = 3,,,
fstat,3, st_size=71, ...}) = 0,,
read,3, 4096) = 71,,,
fstat,1, st_rdev=makedev(0x88, 0), ...}) = 0,
write,1, 72) = 72,,,
write,1, 72) = 72,,,
write,1, 72) = 72,,,
write,1, 72) = 72,,,
read,3, 4096)                       = 0,,,
lseek,3, SEEK_CUR)                   = 71,,,
close,3)                                = 0,,,,
write,1, 36) = 36,,,
write,1, 8)                = 8,,,
close,1)                                = 0,,,,
close,2)                                = 0,,,,
exit_group,0)                           = ?,,,,
+++ exited with 0 +++,,,,,
