Data,,,,,,,,,,,,,,,,,,
execve,/usr/bin/passwd, 0x7ffca2f0d710 /* 50 vars */) = 0,,,,,,,,,,,,,,,,
access,/etc/suid-debug,,,,,,,,,,,,,,,,,
brk,NULL)                               = 0x56001d1a4000,,,,,,,,,,,,,,,,,
arch_prctl,0x3001 /* ARCH_??? */,,,,,,,,,,,,,,,,,
fcntl,0,,,,,,,,,,,,,,,,,
fcntl,1,,,,,,,,,,,,,,,,,
fcntl,2,,,,,,,,,,,,,,,,,
access,/etc/suid-debug,,,,,,,,,,,,,,,,,
access,/etc/ld.so.preload,,,,,,,,,,,,,,,,,
openat,AT_FDCWD, O_RDONLY|O_CLOEXEC) = 3,,,,,,,,,,,,,,,,
fstat,3, st_size=69600, ...}) = 0,,,,,,,,,,,,,,,
mmap,NULL, PROT_READ, MAP_PRIVATE,3, 0) = 0x7f2dc5b59000,,,,,,,,,,,,,
close,3)                                = 0,,,,,,,,,,,,,,,,,
openat,AT_FDCWD, O_RDONLY|O_CLOEXEC) = 3,,,,,,,,,,,,,,,,
read,3, 832) = 832,,,,,,,,,,,,,,,,
fstat,3, st_size=68320, ...}) = 0,,,,,,,,,,,,,,,
mmap,NULL, PROT_READ|PROT_WRITE, MAP_PRIVATE|MAP_ANONYMOUS,-1, 0) = 0x7f2dc5b57000,,,,,,,,,,,,,
mmap,NULL, PROT_READ, MAP_PRIVATE|MAP_DENYWRITE,3, 0) = 0x7f2dc5b45000,,,,,,,,,,,,,
mmap,0x7f2dc5b48000, PROT_READ|PROT_EXEC, MAP_PRIVATE|MAP_FIXED|MAP_DENYWRITE,3, 0x3000) = 0x7f2dc5b48000,,,,,,,,,,,,,
mmap,0x7f2dc5b51000, PROT_READ, MAP_PRIVATE|MAP_FIXED|MAP_DENYWRITE,3, 0xc000) = 0x7f2dc5b51000,,,,,,,,,,,,,
mmap,0x7f2dc5b55000, PROT_READ|PROT_WRITE, MAP_PRIVATE|MAP_FIXED|MAP_DENYWRITE,3, 0xf000) = 0x7f2dc5b55000,,,,,,,,,,,,,
close,3)                                = 0,,,,,,,,,,,,,,,,,
openat,AT_FDCWD, O_RDONLY|O_CLOEXEC) = 3,,,,,,,,,,,,,,,,
read,3, 832) = 832,,,,,,,,,,,,,,,,
fstat,3, st_size=14728, ...}) = 0,,,,,,,,,,,,,,,
mmap,NULL, PROT_READ, MAP_PRIVATE|MAP_DENYWRITE,3, 0) = 0x7f2dc5b40000,,,,,,,,,,,,,
mmap,0x7f2dc5b41000, PROT_READ|PROT_EXEC, MAP_PRIVATE|MAP_FIXED|MAP_DENYWRITE,3, 0x1000) = 0x7f2dc5b41000,,,,,,,,,,,,,
mmap,0x7f2dc5b42000, PROT_READ, MAP_PRIVATE|MAP_FIXED|MAP_DENYWRITE,3, 0x2000) = 0x7f2dc5b42000,,,,,,,,,,,,,
mmap,0x7f2dc5b43000, PROT_READ|PROT_WRITE, MAP_PRIVATE|MAP_FIXED|MAP_DENYWRITE,3, 0x2000) = 0x7f2dc5b43000,,,,,,,,,,,,,
close,3)                                = 0,,,,,,,,,,,,,,,,,
openat,AT_FDCWD, O_RDONLY|O_CLOEXEC) = 3,,,,,,,,,,,,,,,,
read,3, 832) = 832,,,,,,,,,,,,,,,,
fstat,3, st_size=133200, ...}) = 0,,,,,,,,,,,,,,,
mmap,NULL, PROT_READ, MAP_PRIVATE|MAP_DENYWRITE,3, 0) = 0x7f2dc5b14000,,,,,,,,,,,,,
mprotect,0x7f2dc5b17000, PROT_NONE) = 0,,,,,,,,,,,,,,,,
mmap,0x7f2dc5b17000, PROT_READ|PROT_EXEC, MAP_PRIVATE|MAP_FIXED|MAP_DENYWRITE,3, 0x3000) = 0x7f2dc5b17000,,,,,,,,,,,,,
mmap,0x7f2dc5b1f000, PROT_READ, MAP_PRIVATE|MAP_FIXED|MAP_DENYWRITE,3, 0xb000) = 0x7f2dc5b1f000,,,,,,,,,,,,,
mmap,0x7f2dc5b34000, PROT_READ|PROT_WRITE, MAP_PRIVATE|MAP_FIXED|MAP_DENYWRITE,3, 0x1f000) = 0x7f2dc5b34000,,,,,,,,,,,,,
mmap,0x7f2dc5b36000, PROT_READ|PROT_WRITE, MAP_PRIVATE|MAP_FIXED|MAP_ANONYMOUS,-1, 0) = 0x7f2dc5b36000,,,,,,,,,,,,,
close,3)                                = 0,,,,,,,,,,,,,,,,,
openat,AT_FDCWD, O_RDONLY|O_CLOEXEC) = 3,,,,,,,,,,,,,,,,
read,3, 832) = 832,,,,,,,,,,,,,,,,
fstat,3, st_size=163200, ...}) = 0,,,,,,,,,,,,,,,
mmap,NULL, PROT_READ, MAP_PRIVATE|MAP_DENYWRITE,3, 0) = 0x7f2dc5ae9000,,,,,,,,,,,,,
mprotect,0x7f2dc5aef000, PROT_NONE) = 0,,,,,,,,,,,,,,,,
mmap,0x7f2dc5aef000, PROT_READ|PROT_EXEC, MAP_PRIVATE|MAP_FIXED|MAP_DENYWRITE,3, 0x6000) = 0x7f2dc5aef000,,,,,,,,,,,,,
mmap,0x7f2dc5b08000, PROT_READ, MAP_PRIVATE|MAP_FIXED|MAP_DENYWRITE,3, 0x1f000) = 0x7f2dc5b08000,,,,,,,,,,,,,
mmap,0x7f2dc5b10000, PROT_READ|PROT_WRITE, MAP_PRIVATE|MAP_FIXED|MAP_DENYWRITE,3, 0x26000) = 0x7f2dc5b10000,,,,,,,,,,,,,
mmap,0x7f2dc5b12000, PROT_READ|PROT_WRITE, MAP_PRIVATE|MAP_FIXED|MAP_ANONYMOUS,-1, 0) = 0x7f2dc5b12000,,,,,,,,,,,,,
close,3)                                = 0,,,,,,,,,,,,,,,,,
openat,AT_FDCWD, O_RDONLY|O_CLOEXEC) = 3,,,,,,,,,,,,,,,,
read,3, 832) = 832,,,,,,,,,,,,,,,,
pread64,3,784, 64) = 784,,,,,,,,,,,,,,,
pread64,3,32, 848) = 32,,,,,,,,,,,,,,,
pread64,3,68, 880) = 68,,,,,,,,,,,,,,,
fstat,3, st_size=2029592, ...}) = 0,,,,,,,,,,,,,,,
pread64,3,784, 64) = 784,,,,,,,,,,,,,,,
pread64,3,32, 848) = 32,,,,,,,,,,,,,,,
pread64,3,68, 880) = 68,,,,,,,,,,,,,,,
mmap,NULL, PROT_READ, MAP_PRIVATE|MAP_DENYWRITE,3, 0) = 0x7f2dc58f7000,,,,,,,,,,,,,
mmap,0x7f2dc5919000, PROT_READ|PROT_EXEC, MAP_PRIVATE|MAP_FIXED|MAP_DENYWRITE,3, 0x22000) = 0x7f2dc5919000,,,,,,,,,,,,,
mmap,0x7f2dc5a91000, PROT_READ, MAP_PRIVATE|MAP_FIXED|MAP_DENYWRITE,3, 0x19a000) = 0x7f2dc5a91000,,,,,,,,,,,,,
mmap,0x7f2dc5adf000, PROT_READ|PROT_WRITE, MAP_PRIVATE|MAP_FIXED|MAP_DENYWRITE,3, 0x1e7000) = 0x7f2dc5adf000,,,,,,,,,,,,,
mmap,0x7f2dc5ae5000, PROT_READ|PROT_WRITE, MAP_PRIVATE|MAP_FIXED|MAP_ANONYMOUS,-1, 0) = 0x7f2dc5ae5000,,,,,,,,,,,,,
close,3)                                = 0,,,,,,,,,,,,,,,,,
openat,AT_FDCWD, O_RDONLY|O_CLOEXEC) = 3,,,,,,,,,,,,,,,,
read,3, 832) = 832,,,,,,,,,,,,,,,,
fstat,3, st_size=18848, ...}) = 0,,,,,,,,,,,,,,,
mmap,NULL, PROT_READ, MAP_PRIVATE|MAP_DENYWRITE,3, 0) = 0x7f2dc58f1000,,,,,,,,,,,,,
mmap,0x7f2dc58f2000, PROT_READ|PROT_EXEC, MAP_PRIVATE|MAP_FIXED|MAP_DENYWRITE,3, 0x1000) = 0x7f2dc58f2000,,,,,,,,,,,,,
mmap,0x7f2dc58f4000, PROT_READ, MAP_PRIVATE|MAP_FIXED|MAP_DENYWRITE,3, 0x3000) = 0x7f2dc58f4000,,,,,,,,,,,,,
mmap,0x7f2dc58f5000, PROT_READ|PROT_WRITE, MAP_PRIVATE|MAP_FIXED|MAP_DENYWRITE,3, 0x3000) = 0x7f2dc58f5000,,,,,,,,,,,,,
close,3)                                = 0,,,,,,,,,,,,,,,,,
openat,AT_FDCWD, O_RDONLY|O_CLOEXEC) = 3,,,,,,,,,,,,,,,,
read,3, 832) = 832,,,,,,,,,,,,,,,,
fstat,3, st_size=27064, ...}) = 0,,,,,,,,,,,,,,,
mmap,NULL, PROT_READ|PROT_WRITE, MAP_PRIVATE|MAP_ANONYMOUS,-1, 0) = 0x7f2dc58ef000,,,,,,,,,,,,,
mmap,NULL, PROT_READ, MAP_PRIVATE|MAP_DENYWRITE,3, 0) = 0x7f2dc58e7000,,,,,,,,,,,,,
mmap,0x7f2dc58e9000, PROT_READ|PROT_EXEC, MAP_PRIVATE|MAP_FIXED|MAP_DENYWRITE,3, 0x2000) = 0x7f2dc58e9000,,,,,,,,,,,,,
mmap,0x7f2dc58ec000, PROT_READ, MAP_PRIVATE|MAP_FIXED|MAP_DENYWRITE,3, 0x5000) = 0x7f2dc58ec000,,,,,,,,,,,,,
mmap,0x7f2dc58ed000, PROT_READ|PROT_WRITE, MAP_PRIVATE|MAP_FIXED|MAP_DENYWRITE,3, 0x5000) = 0x7f2dc58ed000,,,,,,,,,,,,,
close,3)                                = 0,,,,,,,,,,,,,,,,,
openat,AT_FDCWD, O_RDONLY|O_CLOEXEC) = 3,,,,,,,,,,,,,,,,
read,3, 832) = 832,,,,,,,,,,,,,,,,
fstat,3, st_size=588488, ...}) = 0,,,,,,,,,,,,,,,
mmap,NULL, PROT_READ, MAP_PRIVATE|MAP_DENYWRITE,3, 0) = 0x7f2dc5856000,,,,,,,,,,,,,
mmap,0x7f2dc5858000, PROT_READ|PROT_EXEC, MAP_PRIVATE|MAP_FIXED|MAP_DENYWRITE,3, 0x2000) = 0x7f2dc5858000,,,,,,,,,,,,,
mmap,0x7f2dc58bd000, PROT_READ, MAP_PRIVATE|MAP_FIXED|MAP_DENYWRITE,3, 0x67000) = 0x7f2dc58bd000,,,,,,,,,,,,,
mmap,0x7f2dc58e5000, PROT_READ|PROT_WRITE, MAP_PRIVATE|MAP_FIXED|MAP_DENYWRITE,3, 0x8e000) = 0x7f2dc58e5000,,,,,,,,,,,,,
close,3)                                = 0,,,,,,,,,,,,,,,,,
openat,AT_FDCWD, O_RDONLY|O_CLOEXEC) = 3,,,,,,,,,,,,,,,,
read,3, 832) = 832,,,,,,,,,,,,,,,,
pread64,3,68, 824) = 68,,,,,,,,,,,,,,,
fstat,3, st_size=157224, ...}) = 0,,,,,,,,,,,,,,,
pread64,3,68, 824) = 68,,,,,,,,,,,,,,,
mmap,NULL, PROT_READ, MAP_PRIVATE|MAP_DENYWRITE,3, 0) = 0x7f2dc5833000,,,,,,,,,,,,,
mmap,0x7f2dc5839000, PROT_READ|PROT_EXEC, MAP_PRIVATE|MAP_FIXED|MAP_DENYWRITE,3, 0x6000) = 0x7f2dc5839000,,,,,,,,,,,,,
mmap,0x7f2dc584a000, PROT_READ, MAP_PRIVATE|MAP_FIXED|MAP_DENYWRITE,3, 0x17000) = 0x7f2dc584a000,,,,,,,,,,,,,
mmap,0x7f2dc5850000, PROT_READ|PROT_WRITE, MAP_PRIVATE|MAP_FIXED|MAP_DENYWRITE,3, 0x1c000) = 0x7f2dc5850000,,,,,,,,,,,,,
mmap,0x7f2dc5852000, PROT_READ|PROT_WRITE, MAP_PRIVATE|MAP_FIXED|MAP_ANONYMOUS,-1, 0) = 0x7f2dc5852000,,,,,,,,,,,,,
close,3)                                = 0,,,,,,,,,,,,,,,,,
mmap,NULL, PROT_READ|PROT_WRITE, MAP_PRIVATE|MAP_ANONYMOUS,-1, 0) = 0x7f2dc5831000,,,,,,,,,,,,,
arch_prctl,ARCH_SET_FS,,,,,,,,,,,,,,,,,
mprotect,0x7f2dc5adf000, PROT_READ) = 0,,,,,,,,,,,,,,,,
mprotect,0x7f2dc5850000, PROT_READ) = 0,,,,,,,,,,,,,,,,
mprotect,0x7f2dc58e5000, PROT_READ) = 0,,,,,,,,,,,,,,,,
mprotect,0x7f2dc58ed000, PROT_READ) = 0,,,,,,,,,,,,,,,,
mprotect,0x7f2dc58f5000, PROT_READ) = 0,,,,,,,,,,,,,,,,
mprotect,0x7f2dc5b10000, PROT_READ) = 0,,,,,,,,,,,,,,,,
mprotect,0x7f2dc5b34000, PROT_READ) = 0,,,,,,,,,,,,,,,,
mprotect,0x7f2dc5b55000, PROT_READ) = 0,,,,,,,,,,,,,,,,
mprotect,0x7f2dc5b43000, PROT_READ) = 0,,,,,,,,,,,,,,,,
mprotect,0x56001ba00000, PROT_READ) = 0,,,,,,,,,,,,,,,,
mprotect,0x7f2dc5b97000, PROT_READ) = 0,,,,,,,,,,,,,,,,
munmap,0x7f2dc5b59000,,,,,,,,,,,,,,,,,
set_tid_address,0x7f2dc5831f50)         = 12231,,,,,,,,,,,,,,,,,
set_robust_list,0x7f2dc5831f60,,,,,,,,,,,,,,,,,
rt_sigaction,SIGRTMIN, sa_mask=[], sa_flags=SA_RESTORER|SA_SIGINFO, sa_restorer=0x7f2dc5847420}, NULL, 8) = 0,,,,,,,,,,,,
rt_sigaction,SIGRT_1, sa_mask=[], sa_flags=SA_RESTORER|SA_RESTART|SA_SIGINFO, sa_restorer=0x7f2dc5847420}, NULL, 8) = 0,,,,,,,,,,,,
rt_sigprocmask,SIG_UNBLOCK, NULL, 8) = 0,,,,,,,,,,,,,,,
prlimit64,0, NULL, {rlim_cur=8192*1024, rlim_max=RLIM64_INFINITY}) = 0,,,,,,,,,,,,,,
statfs,/sys/fs/selinux,,,,,,,,,,,,,,,,,
statfs,/selinux,,,,,,,,,,,,,,,,,
brk,NULL)                               = 0x56001d1a4000,,,,,,,,,,,,,,,,,
brk,0x56001d1c5000)                     = 0x56001d1c5000,,,,,,,,,,,,,,,,,
openat,AT_FDCWD, O_RDONLY|O_CLOEXEC) = 3,,,,,,,,,,,,,,,,
fstat,3, st_size=0, ...}) = 0,,,,,,,,,,,,,,,
read,3, 1024) = 387,,,,,,,,,,,,,,,,
read,3, 1024)                       = 0,,,,,,,,,,,,,,,,
close,3)                                = 0,,,,,,,,,,,,,,,,,
access,/etc/selinux/config,,,,,,,,,,,,,,,,,
openat,AT_FDCWD, O_RDONLY|O_CLOEXEC) = 3,,,,,,,,,,,,,,,,
fstat,3, st_size=5699248, ...}) = 0,,,,,,,,,,,,,,,
mmap,NULL, PROT_READ, MAP_PRIVATE,3, 0) = 0x7f2dc52c1000,,,,,,,,,,,,,
close,3)                                = 0,,,,,,,,,,,,,,,,,
getuid,)                                = 1000,,,,,,,,,,,,,,,,,
openat,AT_FDCWD, O_RDONLY) = 3,,,,,,,,,,,,,,,,
read,3, 12)                     = 4,,,,,,,,,,,,,,,,
close,3)                                = 0,,,,,,,,,,,,,,,,,
socket,AF_UNIX, 0) = 3,,,,,,,,,,,,,,,,
connect,3," sun_path=""/var/run/nscd/socket""}", 110) = -1 ENOENT (No such file or directory),,,,,,,,,,,,,,,
close,3)                                = 0,,,,,,,,,,,,,,,,,
socket,AF_UNIX, 0) = 3,,,,,,,,,,,,,,,,
connect,3," sun_path=""/var/run/nscd/socket""}", 110) = -1 ENOENT (No such file or directory),,,,,,,,,,,,,,,
close,3)                                = 0,,,,,,,,,,,,,,,,,
openat,AT_FDCWD, O_RDONLY|O_CLOEXEC) = 3,,,,,,,,,,,,,,,,
fstat,3, st_size=542, ...}) = 0,,,,,,,,,,,,,,,
read,3, 4096) = 542,,,,,,,,,,,,,,,,
read,3, 4096)                       = 0,,,,,,,,,,,,,,,,
close,3)                                = 0,,,,,,,,,,,,,,,,,
openat,AT_FDCWD, O_RDONLY|O_CLOEXEC) = 3,,,,,,,,,,,,,,,,
fstat,3, st_size=69600, ...}) = 0,,,,,,,,,,,,,,,
mmap,NULL, PROT_READ, MAP_PRIVATE,3, 0) = 0x7f2dc5b59000,,,,,,,,,,,,,
close,3)                                = 0,,,,,,,,,,,,,,,,,
openat,AT_FDCWD, O_RDONLY|O_CLOEXEC) = 3,,,,,,,,,,,,,,,,
read,3, 832) = 832,,,,,,,,,,,,,,,,
fstat,3, st_size=51856, ...}) = 0,,,,,,,,,,,,,,,
mmap,NULL, PROT_READ, MAP_PRIVATE|MAP_DENYWRITE,3, 0) = 0x7f2dc52ad000,,,,,,,,,,,,,
mmap,0x7f2dc52b0000, PROT_READ|PROT_EXEC, MAP_PRIVATE|MAP_FIXED|MAP_DENYWRITE,3, 0x3000) = 0x7f2dc52b0000,,,,,,,,,,,,,
mmap,0x7f2dc52b7000, PROT_READ, MAP_PRIVATE|MAP_FIXED|MAP_DENYWRITE,3, 0xa000) = 0x7f2dc52b7000,,,,,,,,,,,,,
mmap,0x7f2dc52b9000, PROT_READ|PROT_WRITE, MAP_PRIVATE|MAP_FIXED|MAP_DENYWRITE,3, 0xb000) = 0x7f2dc52b9000,,,,,,,,,,,,,
mmap,0x7f2dc52bb000, PROT_READ|PROT_WRITE, MAP_PRIVATE|MAP_FIXED|MAP_ANONYMOUS,-1, 0) = 0x7f2dc52bb000,,,,,,,,,,,,,
close,3)                                = 0,,,,,,,,,,,,,,,,,
mprotect,0x7f2dc52b9000, PROT_READ) = 0,,,,,,,,,,,,,,,,
munmap,0x7f2dc5b59000,,,,,,,,,,,,,,,,,
openat,AT_FDCWD, O_RDONLY|O_CLOEXEC) = 3,,,,,,,,,,,,,,,,
lseek,3, SEEK_CUR)                   = 0,,,,,,,,,,,,,,,,
fstat,3, st_size=2929, ...}) = 0,,,,,,,,,,,,,,,
read,3, 4096) = 2929,,,,,,,,,,,,,,,,
close,3)                                = 0,,,,,,,,,,,,,,,,,
getuid,)                                = 1000,,,,,,,,,,,,,,,,,
openat,AT_FDCWD, O_RDONLY|O_CLOEXEC) = 3,,,,,,,,,,,,,,,,
lseek,3, SEEK_CUR)                   = 0,,,,,,,,,,,,,,,,
fstat,3, st_size=2929, ...}) = 0,,,,,,,,,,,,,,,
read,3, 4096) = 2929,,,,,,,,,,,,,,,,
close,3)                                = 0,,,,,,,,,,,,,,,,,
openat,AT_FDCWD, O_RDONLY|O_CLOEXEC) = 3,,,,,,,,,,,,,,,,
lseek,3, SEEK_CUR)                   = 0,,,,,,,,,,,,,,,,
fstat,3, st_size=2929, ...}) = 0,,,,,,,,,,,,,,,
read,3, 4096) = 2929,,,,,,,,,,,,,,,,
close,3)                                = 0,,,,,,,,,,,,,,,,,
getuid,)                                = 1000,,,,,,,,,,,,,,,,,
prlimit64,0, {rlim_cur=0, rlim_max=0}, NULL) = 0,,,,,,,,,,,,,,
prlimit64,0, {rlim_cur=RLIM64_INFINITY, rlim_max=RLIM64_INFINITY}, NULL) = 0,,,,,,,,,,,,,,
prlimit64,0, {rlim_cur=RLIM64_INFINITY, rlim_max=RLIM64_INFINITY}, NULL) = 0,,,,,,,,,,,,,,
prlimit64,0, {rlim_cur=RLIM64_INFINITY, rlim_max=RLIM64_INFINITY}, NULL) = 0,,,,,,,,,,,,,,
prlimit64,0, {rlim_cur=RLIM64_INFINITY, rlim_max=RLIM64_INFINITY}, NULL) = 0,,,,,,,,,,,,,,
prlimit64,0, {rlim_cur=RLIM64_INFINITY, rlim_max=RLIM64_INFINITY}, NULL) = -1 EPERM (Operation not permitted),,,,,,,,,,,,,,
prlimit64,0, {rlim_cur=RLIM64_INFINITY, rlim_max=RLIM64_INFINITY}, NULL) = 0,,,,,,,,,,,,,,
prlimit64,0, {rlim_cur=RLIM64_INFINITY, rlim_max=RLIM64_INFINITY}, NULL) = 0,,,,,,,,,,,,,,
rt_sigaction,SIGALRM, sa_mask=[ALRM], sa_flags=SA_RESTORER|SA_RESTART, sa_restorer=0x7f2dc593a090}, {sa_handler=SIG_DFL, sa_mask=[], sa_flags=0}, 8) = 0,,,,,,,,,,
rt_sigaction,SIGHUP, sa_mask=[HUP], sa_flags=SA_RESTORER|SA_RESTART, sa_restorer=0x7f2dc593a090}, {sa_handler=SIG_DFL, sa_mask=[], sa_flags=0}, 8) = 0,,,,,,,,,,
rt_sigaction,SIGINT, sa_mask=[INT], sa_flags=SA_RESTORER|SA_RESTART, sa_restorer=0x7f2dc593a090}, {sa_handler=SIG_DFL, sa_mask=[], sa_flags=0}, 8) = 0,,,,,,,,,,
rt_sigaction,SIGPIPE, sa_mask=[PIPE], sa_flags=SA_RESTORER|SA_RESTART, sa_restorer=0x7f2dc593a090}, {sa_handler=SIG_DFL, sa_mask=[], sa_flags=0}, 8) = 0,,,,,,,,,,
rt_sigaction,SIGQUIT, sa_mask=[QUIT], sa_flags=SA_RESTORER|SA_RESTART, sa_restorer=0x7f2dc593a090}, {sa_handler=SIG_DFL, sa_mask=[], sa_flags=0}, 8) = 0,,,,,,,,,,
rt_sigaction,SIGTERM, sa_mask=[TERM], sa_flags=SA_RESTORER|SA_RESTART, sa_restorer=0x7f2dc593a090}, {sa_handler=SIG_DFL, sa_mask=[], sa_flags=0}, 8) = 0,,,,,,,,,,
rt_sigaction,SIGTSTP, sa_mask=[TSTP], sa_flags=SA_RESTORER|SA_RESTART, sa_restorer=0x7f2dc593a090}, {sa_handler=SIG_DFL, sa_mask=[], sa_flags=0}, 8) = 0,,,,,,,,,,
rt_sigaction,SIGTTOU, sa_mask=[TTOU], sa_flags=SA_RESTORER|SA_RESTART, sa_restorer=0x7f2dc593a090}, {sa_handler=SIG_DFL, sa_mask=[], sa_flags=0}, 8) = 0,,,,,,,,,,
umask,077)                              = 002,,,,,,,,,,,,,,,,,
stat,/etc/pam.d, st_size=4096, ...}) = 0,,,,,,,,,,,,,,,
openat,AT_FDCWD, O_RDONLY) = 3,,,,,,,,,,,,,,,,
fstat,3, st_size=92, ...}) = 0,,,,,,,,,,,,,,,
read,3, 4096) = 92,,,,,,,,,,,,,,,,
stat,/etc/pam.d, st_size=4096, ...}) = 0,,,,,,,,,,,,,,,
openat,AT_FDCWD, O_RDONLY) = 4,,,,,,,,,,,,,,,,
fstat,4, st_size=1480, ...}) = 0,,,,,,,,,,,,,,,
read,4, 4096) = 1480,,,,,,,,,,,,,,,,
futex,0x7f2dc58f60c8, 2147483647) = 0,,,,,,,,,,,,,,,,
openat,AT_FDCWD, O_RDONLY|O_CLOEXEC) = 5,,,,,,,,,,,,,,,,
read,5, 832) = 832,,,,,,,,,,,,,,,,
fstat,5, st_size=64504, ...}) = 0,,,,,,,,,,,,,,,
mmap,NULL, PROT_READ, MAP_PRIVATE|MAP_DENYWRITE,5, 0) = 0x7f2dc5290000,,,,,,,,,,,,,
mmap,0x7f2dc5293000, PROT_READ|PROT_EXEC, MAP_PRIVATE|MAP_FIXED|MAP_DENYWRITE,5, 0x3000) = 0x7f2dc5293000,,,,,,,,,,,,,
mmap,0x7f2dc529c000, PROT_READ, MAP_PRIVATE|MAP_FIXED|MAP_DENYWRITE,5, 0xc000) = 0x7f2dc529c000,,,,,,,,,,,,,
mmap,0x7f2dc529f000, PROT_READ|PROT_WRITE, MAP_PRIVATE|MAP_FIXED|MAP_DENYWRITE,5, 0xe000) = 0x7f2dc529f000,,,,,,,,,,,,,
mmap,0x7f2dc52a1000, PROT_READ|PROT_WRITE, MAP_PRIVATE|MAP_FIXED|MAP_ANONYMOUS,-1, 0) = 0x7f2dc52a1000,,,,,,,,,,,,,
close,5)                                = 0,,,,,,,,,,,,,,,,,
openat,AT_FDCWD, O_RDONLY|O_CLOEXEC) = 5,,,,,,,,,,,,,,,,
fstat,5, st_size=69600, ...}) = 0,,,,,,,,,,,,,,,
mmap,NULL, PROT_READ, MAP_PRIVATE,5, 0) = 0x7f2dc5b59000,,,,,,,,,,,,,
close,5)                                = 0,,,,,,,,,,,,,,,,,
openat,AT_FDCWD, O_RDONLY|O_CLOEXEC) = 5,,,,,,,,,,,,,,,,
read,5, 832) = 832,,,,,,,,,,,,,,,,
fstat,5, st_size=202760, ...}) = 0,,,,,,,,,,,,,,,
mmap,NULL, PROT_READ, MAP_PRIVATE|MAP_DENYWRITE,5, 0) = 0x7f2dc5255000,,,,,,,,,,,,,
mmap,0x7f2dc5257000, PROT_READ|PROT_EXEC, MAP_PRIVATE|MAP_FIXED|MAP_DENYWRITE,5, 0x2000) = 0x7f2dc5257000,,,,,,,,,,,,,
mmap,0x7f2dc526c000, PROT_READ, MAP_PRIVATE|MAP_FIXED|MAP_DENYWRITE,5, 0x17000) = 0x7f2dc526c000,,,,,,,,,,,,,
mmap,0x7f2dc5286000, PROT_READ|PROT_WRITE, MAP_PRIVATE|MAP_FIXED|MAP_DENYWRITE,5, 0x30000) = 0x7f2dc5286000,,,,,,,,,,,,,
mmap,0x7f2dc5288000, PROT_READ|PROT_WRITE, MAP_PRIVATE|MAP_FIXED|MAP_ANONYMOUS,-1, 0) = 0x7f2dc5288000,,,,,,,,,,,,,
close,5)                                = 0,,,,,,,,,,,,,,,,,
openat,AT_FDCWD, O_RDONLY|O_CLOEXEC) = 5,,,,,,,,,,,,,,,,
read,5, 832) = 832,,,,,,,,,,,,,,,,
fstat,5, st_size=105560, ...}) = 0,,,,,,,,,,,,,,,
mmap,NULL, PROT_READ, MAP_PRIVATE|MAP_DENYWRITE,5, 0) = 0x7f2dc5238000,,,,,,,,,,,,,
mmap,0x7f2dc523c000, PROT_READ|PROT_EXEC, MAP_PRIVATE|MAP_FIXED|MAP_DENYWRITE,5, 0x4000) = 0x7f2dc523c000,,,,,,,,,,,,,
mmap,0x7f2dc524c000, PROT_READ, MAP_PRIVATE|MAP_FIXED|MAP_DENYWRITE,5, 0x14000) = 0x7f2dc524c000,,,,,,,,,,,,,
mmap,0x7f2dc5251000, PROT_READ|PROT_WRITE, MAP_PRIVATE|MAP_FIXED|MAP_DENYWRITE,5, 0x18000) = 0x7f2dc5251000,,,,,,,,,,,,,
mmap,0x7f2dc5253000, PROT_READ|PROT_WRITE, MAP_PRIVATE|MAP_FIXED|MAP_ANONYMOUS,-1, 0) = 0x7f2dc5253000,,,,,,,,,,,,,
close,5)                                = 0,,,,,,,,,,,,,,,,,
mprotect,0x7f2dc5251000, PROT_READ) = 0,,,,,,,,,,,,,,,,
mprotect,0x7f2dc5286000, PROT_READ) = 0,,,,,,,,,,,,,,,,
mprotect,0x7f2dc529f000, PROT_READ) = 0,,,,,,,,,,,,,,,,
munmap,0x7f2dc5b59000,,,,,,,,,,,,,,,,,
openat,AT_FDCWD, O_RDONLY|O_CLOEXEC) = 5,,,,,,,,,,,,,,,,
read,5, 832) = 832,,,,,,,,,,,,,,,,
fstat,5, st_size=14048, ...}) = 0,,,,,,,,,,,,,,,
mmap,NULL, PROT_READ, MAP_PRIVATE|MAP_DENYWRITE,5, 0) = 0x7f2dc5b65000,,,,,,,,,,,,,
mmap,0x7f2dc5b66000, PROT_READ|PROT_EXEC, MAP_PRIVATE|MAP_FIXED|MAP_DENYWRITE,5, 0x1000) = 0x7f2dc5b66000,,,,,,,,,,,,,
mmap,0x7f2dc5b67000, PROT_READ, MAP_PRIVATE|MAP_FIXED|MAP_DENYWRITE,5, 0x2000) = 0x7f2dc5b67000,,,,,,,,,,,,,
mmap,0x7f2dc5b68000, PROT_READ|PROT_WRITE, MAP_PRIVATE|MAP_FIXED|MAP_DENYWRITE,5, 0x2000) = 0x7f2dc5b68000,,,,,,,,,,,,,
close,5)                                = 0,,,,,,,,,,,,,,,,,
mprotect,0x7f2dc5b68000, PROT_READ) = 0,,,,,,,,,,,,,,,,
openat,AT_FDCWD, O_RDONLY|O_CLOEXEC) = 5,,,,,,,,,,,,,,,,
read,5, 832) = 832,,,,,,,,,,,,,,,,
fstat,5, st_size=14448, ...}) = 0,,,,,,,,,,,,,,,
mmap,NULL, PROT_READ, MAP_PRIVATE|MAP_DENYWRITE,5, 0) = 0x7f2dc5b60000,,,,,,,,,,,,,
mmap,0x7f2dc5b61000, PROT_READ|PROT_EXEC, MAP_PRIVATE|MAP_FIXED|MAP_DENYWRITE,5, 0x1000) = 0x7f2dc5b61000,,,,,,,,,,,,,
mmap,0x7f2dc5b62000, PROT_READ, MAP_PRIVATE|MAP_FIXED|MAP_DENYWRITE,5, 0x2000) = 0x7f2dc5b62000,,,,,,,,,,,,,
mmap,0x7f2dc5b63000, PROT_READ|PROT_WRITE, MAP_PRIVATE|MAP_FIXED|MAP_DENYWRITE,5, 0x2000) = 0x7f2dc5b63000,,,,,,,,,,,,,
close,5)                                = 0,,,,,,,,,,,,,,,,,
mprotect,0x7f2dc5b63000, PROT_READ) = 0,,,,,,,,,,,,,,,,
openat,AT_FDCWD, O_RDONLY|O_CLOEXEC) = 5,,,,,,,,,,,,,,,,
read,5, 832) = 832,,,,,,,,,,,,,,,,
fstat,5, st_size=47168, ...}) = 0,,,,,,,,,,,,,,,
mmap,NULL, PROT_READ, MAP_PRIVATE|MAP_DENYWRITE,5, 0) = 0x7f2dc522b000,,,,,,,,,,,,,
mmap,0x7f2dc522d000, PROT_READ|PROT_EXEC, MAP_PRIVATE|MAP_FIXED|MAP_DENYWRITE,5, 0x2000) = 0x7f2dc522d000,,,,,,,,,,,,,
mmap,0x7f2dc5233000, PROT_READ, MAP_PRIVATE|MAP_FIXED|MAP_DENYWRITE,5, 0x8000) = 0x7f2dc5233000,,,,,,,,,,,,,
mmap,0x7f2dc5236000, PROT_READ|PROT_WRITE, MAP_PRIVATE|MAP_FIXED|MAP_DENYWRITE,5, 0xa000) = 0x7f2dc5236000,,,,,,,,,,,,,
close,5)                                = 0,,,,,,,,,,,,,,,,,
mprotect,0x7f2dc5236000, PROT_READ) = 0,,,,,,,,,,,,,,,,
read,4, 4096)                       = 0,,,,,,,,,,,,,,,,
close,4)                                = 0,,,,,,,,,,,,,,,,,
read,3, 4096)                       = 0,,,,,,,,,,,,,,,,
close,3)                                = 0,,,,,,,,,,,,,,,,,
openat,AT_FDCWD, O_RDONLY) = 3,,,,,,,,,,,,,,,,
fstat,3, st_size=520, ...}) = 0,,,,,,,,,,,,,,,
read,3, 4096) = 520,,,,,,,,,,,,,,,,
stat,/etc/pam.d, st_size=4096, ...}) = 0,,,,,,,,,,,,,,,
openat,AT_FDCWD, O_RDONLY) = 4,,,,,,,,,,,,,,,,
fstat,4, st_size=1242, ...}) = 0,,,,,,,,,,,,,,,
read,4, 4096) = 1242,,,,,,,,,,,,,,,,
openat,AT_FDCWD, O_RDONLY|O_CLOEXEC) = 5,,,,,,,,,,,,,,,,
read,5, 832) = 832,,,,,,,,,,,,,,,,
fstat,5, st_size=18424, ...}) = 0,,,,,,,,,,,,,,,
mmap,NULL, PROT_READ, MAP_PRIVATE|MAP_DENYWRITE,5, 0) = 0x7f2dc5b5a000,,,,,,,,,,,,,
mmap,0x7f2dc5b5b000, PROT_READ|PROT_EXEC, MAP_PRIVATE|MAP_FIXED|MAP_DENYWRITE,5, 0x1000) = 0x7f2dc5b5b000,,,,,,,,,,,,,
mmap,0x7f2dc5b5d000, PROT_READ, MAP_PRIVATE|MAP_FIXED|MAP_DENYWRITE,5, 0x3000) = 0x7f2dc5b5d000,,,,,,,,,,,,,
mmap,0x7f2dc5b5e000, PROT_READ|PROT_WRITE, MAP_PRIVATE|MAP_FIXED|MAP_DENYWRITE,5, 0x3000) = 0x7f2dc5b5e000,,,,,,,,,,,,,
close,5)                                = 0,,,,,,,,,,,,,,,,,
openat,AT_FDCWD, O_RDONLY|O_CLOEXEC) = 5,,,,,,,,,,,,,,,,
fstat,5, st_size=69600, ...}) = 0,,,,,,,,,,,,,,,
mmap,NULL, PROT_READ, MAP_PRIVATE,5, 0) = 0x7f2dc521a000,,,,,,,,,,,,,
close,5)                                = 0,,,,,,,,,,,,,,,,,
openat,AT_FDCWD, O_RDONLY|O_CLOEXEC) = 5,,,,,,,,,,,,,,,,
read,5, 832) = 832,,,,,,,,,,,,,,,,
fstat,5, st_size=31120, ...}) = 0,,,,,,,,,,,,,,,
mmap,NULL, PROT_READ, MAP_PRIVATE|MAP_DENYWRITE,5, 0) = 0x7f2dc5211000,,,,,,,,,,,,,
mprotect,0x7f2dc5213000, PROT_NONE) = 0,,,,,,,,,,,,,,,,
mmap,0x7f2dc5213000, PROT_READ|PROT_EXEC, MAP_PRIVATE|MAP_FIXED|MAP_DENYWRITE,5, 0x2000) = 0x7f2dc5213000,,,,,,,,,,,,,
mmap,0x7f2dc5216000, PROT_READ, MAP_PRIVATE|MAP_FIXED|MAP_DENYWRITE,5, 0x5000) = 0x7f2dc5216000,,,,,,,,,,,,,
mmap,0x7f2dc5218000, PROT_READ|PROT_WRITE, MAP_PRIVATE|MAP_FIXED|MAP_DENYWRITE,5, 0x6000) = 0x7f2dc5218000,,,,,,,,,,,,,
close,5)                                = 0,,,,,,,,,,,,,,,,,
mprotect,0x7f2dc5218000, PROT_READ) = 0,,,,,,,,,,,,,,,,
mprotect,0x7f2dc5b5e000, PROT_READ) = 0,,,,,,,,,,,,,,,,
prctl,PR_CAPBSET_READ,,,,,,,,,,,,,,,,,
prctl,PR_CAPBSET_READ,,,,,,,,,,,,,,,,,
prctl,PR_CAPBSET_READ,,,,,,,,,,,,,,,,,
prctl,PR_CAPBSET_READ,,,,,,,,,,,,,,,,,
prctl,PR_CAPBSET_READ,,,,,,,,,,,,,,,,,
prctl,PR_CAPBSET_READ,,,,,,,,,,,,,,,,,
munmap,0x7f2dc521a000,,,,,,,,,,,,,,,,,
read,4, 4096)                       = 0,,,,,,,,,,,,,,,,
close,4)                                = 0,,,,,,,,,,,,,,,,,
stat,/etc/pam.d, st_size=4096, ...}) = 0,,,,,,,,,,,,,,,
openat,AT_FDCWD, O_RDONLY) = 4,,,,,,,,,,,,,,,,
fstat,4, st_size=1208, ...}) = 0,,,,,,,,,,,,,,,
read,4, 4096) = 1208,,,,,,,,,,,,,,,,
read,4, 4096)                       = 0,,,,,,,,,,,,,,,,
close,4)                                = 0,,,,,,,,,,,,,,,,,
stat,/etc/pam.d, st_size=4096, ...}) = 0,,,,,,,,,,,,,,,
openat,AT_FDCWD, O_RDONLY) = 4,,,,,,,,,,,,,,,,
fstat,4, st_size=1480, ...}) = 0,,,,,,,,,,,,,,,
read,4, 4096) = 1480,,,,,,,,,,,,,,,,
read,4, 4096)                       = 0,,,,,,,,,,,,,,,,
close,4)                                = 0,,,,,,,,,,,,,,,,,
stat,/etc/pam.d, st_size=4096, ...}) = 0,,,,,,,,,,,,,,,
openat,AT_FDCWD, O_RDONLY) = 4,,,,,,,,,,,,,,,,
fstat,4, st_size=1470, ...}) = 0,,,,,,,,,,,,,,,
read,4, 4096) = 1470,,,,,,,,,,,,,,,,
openat,AT_FDCWD, O_RDONLY|O_CLOEXEC) = 5,,,,,,,,,,,,,,,,
read,5, 832) = 832,,,,,,,,,,,,,,,,
fstat,5, st_size=14624, ...}) = 0,,,,,,,,,,,,,,,
mmap,NULL, PROT_READ, MAP_PRIVATE|MAP_DENYWRITE,5, 0) = 0x7f2dc5226000,,,,,,,,,,,,,
mmap,0x7f2dc5227000, PROT_READ|PROT_EXEC, MAP_PRIVATE|MAP_FIXED|MAP_DENYWRITE,5, 0x1000) = 0x7f2dc5227000,,,,,,,,,,,,,
mmap,0x7f2dc5228000, PROT_READ, MAP_PRIVATE|MAP_FIXED|MAP_DENYWRITE,5, 0x2000) = 0x7f2dc5228000,,,,,,,,,,,,,
mmap,0x7f2dc5229000, PROT_READ|PROT_WRITE, MAP_PRIVATE|MAP_FIXED|MAP_DENYWRITE,5, 0x2000) = 0x7f2dc5229000,,,,,,,,,,,,,
close,5)                                = 0,,,,,,,,,,,,,,,,,
mprotect,0x7f2dc5229000, PROT_READ) = 0,,,,,,,,,,,,,,,,
openat,AT_FDCWD, O_RDONLY|O_CLOEXEC) = 5,,,,,,,,,,,,,,,,
read,5, 832) = 832,,,,,,,,,,,,,,,,
fstat,5, st_size=475944, ...}) = 0,,,,,,,,,,,,,,,
mmap,NULL, PROT_READ, MAP_PRIVATE|MAP_DENYWRITE,5, 0) = 0x7f2dc519b000,,,,,,,,,,,,,
mmap,0x7f2dc51a5000, PROT_READ|PROT_EXEC, MAP_PRIVATE|MAP_FIXED|MAP_DENYWRITE,5, 0xa000) = 0x7f2dc51a5000,,,,,,,,,,,,,
mmap,0x7f2dc51f1000, PROT_READ, MAP_PRIVATE|MAP_FIXED|MAP_DENYWRITE,5, 0x56000) = 0x7f2dc51f1000,,,,,,,,,,,,,
mmap,0x7f2dc520a000, PROT_READ|PROT_WRITE, MAP_PRIVATE|MAP_FIXED|MAP_DENYWRITE,5, 0x6e000) = 0x7f2dc520a000,,,,,,,,,,,,,
mmap,0x7f2dc5210000, PROT_READ|PROT_WRITE, MAP_PRIVATE|MAP_FIXED|MAP_ANONYMOUS,-1, 0) = 0x7f2dc5210000,,,,,,,,,,,,,
close,5)                                = 0,,,,,,,,,,,,,,,,,
mprotect,0x7f2dc520a000, PROT_READ) = 0,,,,,,,,,,,,,,,,
read,4, 4096)                       = 0,,,,,,,,,,,,,,,,
close,4)                                = 0,,,,,,,,,,,,,,,,,
read,3, 4096)                       = 0,,,,,,,,,,,,,,,,
close,3)                                = 0,,,,,,,,,,,,,,,,,
getuid,)                                = 1000,,,,,,,,,,,,,,,,,
openat,AT_FDCWD, O_RDONLY) = 3,,,,,,,,,,,,,,,,
fstat,3, st_size=10550, ...}) = 0,,,,,,,,,,,,,,,
read,3, 4096) = 4096,,,,,,,,,,,,,,,,
read,3, 4096) = 4096,,,,,,,,,,,,,,,,
read,3, 4096) = 2358,,,,,,,,,,,,,,,,
close,3)                                = 0,,,,,,,,,,,,,,,,,
openat,AT_FDCWD, O_RDONLY) = 3,,,,,,,,,,,,,,,,
fstat,3, st_size=10550, ...}) = 0,,,,,,,,,,,,,,,
read,3, 4096) = 4096,,,,,,,,,,,,,,,,
read,3, 4096) = 4096,,,,,,,,,,,,,,,,
read,3, 4096) = 2358,,,,,,,,,,,,,,,,
read,3, 4096)                       = 0,,,,,,,,,,,,,,,,
close,3)                                = 0,,,,,,,,,,,,,,,,,
openat,AT_FDCWD, O_RDONLY) = 3,,,,,,,,,,,,,,,,
fstat,3, st_size=2929, ...}) = 0,,,,,,,,,,,,,,,
read,3, 4096) = 2929,,,,,,,,,,,,,,,,
close,3)                                = 0,,,,,,,,,,,,,,,,,
openat,AT_FDCWD, O_RDONLY) = 3,,,,,,,,,,,,,,,,
fstat,3, st_size=2929, ...}) = 0,,,,,,,,,,,,,,,
read,3, 4096) = 2929,,,,,,,,,,,,,,,,
close,3)                                = 0,,,,,,,,,,,,,,,,,
openat,AT_FDCWD, O_RDONLY|O_CLOEXEC) = 3,,,,,,,,,,,,,,,,
lseek,3, SEEK_CUR)                   = 0,,,,,,,,,,,,,,,,
fstat,3, st_size=2929, ...}) = 0,,,,,,,,,,,,,,,
read,3, 4096) = 2929,,,,,,,,,,,,,,,,
close,3)                                = 0,,,,,,,,,,,,,,,,,
openat,AT_FDCWD, O_RDONLY|O_CLOEXEC) = -1 EACCES (Permission denied),,,,,,,,,,,,,,,,
geteuid,)                               = 1000,,,,,,,,,,,,,,,,,
pipe,[3,,,,,,,,,,,,,,,,,
rt_sigaction,SIGCHLD, sa_mask=[], sa_flags=SA_RESTORER, sa_restorer=0x7f2dc593a090}, {sa_handler=SIG_DFL, sa_mask=[], sa_flags=0}, 8) = 0,,,,,,,,,,
clone,child_stack=NULL, child_tidptr=0x7f2dc5831f50) = 12232,,,,,,,,,,,,,,,,
write,4, 1)                       = 1,,,,,,,,,,,,,,,,
close,3)                                = 0,,,,,,,,,,,,,,,,,
close,4)                                = 0,,,,,,,,,,,,,,,,,
wait4,12232,0, NULL) = 12232,,,,,,,,,,,,,,,
--- SIGCHLD {si_signo=SIGCHLD,, si_pid=12232, si_uid=1000, si_status=7, si_utime=5, si_stime=2} ---,,,,,,,,,,,,
rt_sigaction,SIGCHLD, sa_mask=[], sa_flags=SA_RESTORER, sa_restorer=0x7f2dc593a090}, NULL, 8) = 0,,,,,,,,,,,,
openat,AT_FDCWD, O_RDONLY|O_CLOEXEC) = 3,,,,,,,,,,,,,,,,
fstat,3, st_size=2996, ...}) = 0,,,,,,,,,,,,,,,
read,3, 4096) = 2996,,,,,,,,,,,,,,,,
read,3, 4096)                       = 0,,,,,,,,,,,,,,,,
close,3)                                = 0,,,,,,,,,,,,,,,,,
openat,AT_FDCWD, O_RDONLY) = -1 ENOENT (No such file or directory),,,,,,,,,,,,,,,,
openat,AT_FDCWD, O_RDONLY) = -1 ENOENT (No such file or directory),,,,,,,,,,,,,,,,
openat,AT_FDCWD, O_RDONLY) = -1 ENOENT (No such file or directory),,,,,,,,,,,,,,,,
openat,AT_FDCWD, O_RDONLY) = -1 ENOENT (No such file or directory),,,,,,,,,,,,,,,,
fstat,1, st_rdev=makedev(0x88, 0), ...}) = 0,,,,,,,,,,,,,,
write,1, 30) = 30,,,,,,,,,,,,,,,,
ioctl,0, {B38400 opost isig icanon echo ...}) = 0,,,,,,,,,,,,,,,,
ioctl,0, {B38400 opost isig icanon echo ...}) = 0,,,,,,,,,,,,,,,,
rt_sigprocmask,SIG_BLOCK, [], 8) = 0,,,,,,,,,,,,,,,
ioctl,0, {B38400 opost isig icanon echo ...}) = 0,,,,,,,,,,,,,,,,
ioctl,0, {B38400 opost isig icanon -echo ...}) = 0,,,,,,,,,,,,,,,,
ioctl,0, {B38400 opost isig icanon -echo ...}) = 0,,,,,,,,,,,,,,,,
write,2, 18)      = 18,,,,,,,,,,,,,,,,
read,0, 511)            = 11,,,,,,,,,,,,,,,,
ioctl,0, {B38400 opost isig icanon -echo ...}) = 0,,,,,,,,,,,,,,,,
ioctl,0, {B38400 opost isig icanon echo ...}) = 0,,,,,,,,,,,,,,,,
ioctl,0, {B38400 opost isig icanon echo ...}) = 0,,,,,,,,,,,,,,,,
write,2, 1)                       = 1,,,,,,,,,,,,,,,,
rt_sigprocmask,SIG_SETMASK, NULL, 8) = 0,,,,,,,,,,,,,,,
ioctl,0, {B38400 opost isig icanon echo ...}) = 0,,,,,,,,,,,,,,,,
ioctl,0, {B38400 opost isig icanon echo ...}) = 0,,,,,,,,,,,,,,,,
ioctl,0, {B38400 opost isig icanon echo ...}) = 0,,,,,,,,,,,,,,,,
openat,AT_FDCWD, O_RDONLY|O_CLOEXEC) = 3,,,,,,,,,,,,,,,,
lseek,3, SEEK_CUR)                   = 0,,,,,,,,,,,,,,,,
fstat,3, st_size=2929, ...}) = 0,,,,,,,,,,,,,,,
read,3, 4096) = 2929,,,,,,,,,,,,,,,,
close,3)                                = 0,,,,,,,,,,,,,,,,,
openat,AT_FDCWD, O_RDONLY|O_CLOEXEC) = -1 EACCES (Permission denied),,,,,,,,,,,,,,,,
geteuid,)                               = 1000,,,,,,,,,,,,,,,,,
pipe,[3,,,,,,,,,,,,,,,,,
rt_sigaction,SIGCHLD, sa_mask=[], sa_flags=SA_RESTORER, sa_restorer=0x7f2dc593a090}, {sa_handler=SIG_DFL, sa_mask=[], sa_flags=SA_RESTORER, sa_restorer=0x7f2dc593a090}, 8) = 0,,,,,,,,,
clone,child_stack=NULL, child_tidptr=0x7f2dc5831f50) = 12237,,,,,,,,,,,,,,,,
write,4, 10)              = 10,,,,,,,,,,,,,,,,
write,4, 1)                       = 1,,,,,,,,,,,,,,,,
close,3)                                = 0,,,,,,,,,,,,,,,,,
close,4)                                = 0,,,,,,,,,,,,,,,,,
wait4,12237,0, NULL) = 12237,,,,,,,,,,,,,,,
--- SIGCHLD {si_signo=SIGCHLD,, si_pid=12237, si_uid=1000, si_status=7, si_utime=6, si_stime=2} ---,,,,,,,,,,,,
rt_sigaction,SIGCHLD, sa_mask=[], sa_flags=SA_RESTORER, sa_restorer=0x7f2dc593a090}, NULL, 8) = 0,,,,,,,,,,,,
ioctl,0, {B38400 opost isig icanon echo ...}) = 0,,,,,,,,,,,,,,,,
fstat,0, st_rdev=makedev(0x88, 0), ...}) = 0,,,,,,,,,,,,,,
readlink,/proc/self/fd/0, 4095) = 10,,,,,,,,,,,,,,,,
stat,/dev/pts/0, st_rdev=makedev(0x88, 0), ...}) = 0,,,,,,,,,,,,,,
access,/var/run/utmpx,,,,,,,,,,,,,,,,,
openat,AT_FDCWD, O_RDONLY|O_CLOEXEC) = 3,,,,,,,,,,,,,,,,
lseek,3, SEEK_SET)                   = 0,,,,,,,,,,,,,,,,
alarm,0)                                = 0,,,,,,,,,,,,,,,,,
rt_sigaction,SIGALRM, sa_mask=[], sa_flags=SA_RESTORER, sa_restorer=0x7f2dc593a090}, {sa_handler=SIG_IGN, sa_mask=[ALRM], sa_flags=SA_RESTORER|SA_RESTART, sa_restorer=0x7f2dc593a090}, 8) = 0,,,,,,,,,
alarm,10)                               = 0,,,,,,,,,,,,,,,,,
fcntl,3, {l_type=F_RDLCK, l_whence=SEEK_SET, l_start=0, l_len=0}) = 0,,,,,,,,,,,,,
alarm,0)                                = 10,,,,,,,,,,,,,,,,,
rt_sigaction,SIGALRM, sa_mask=[ALRM], sa_flags=SA_RESTORER|SA_RESTART, sa_restorer=0x7f2dc593a090}, NULL, 8) = 0,,,,,,,,,,,,
pread64,3,384, 0) = 384,,,,,,,,,,,,,,,
pread64,3,384, 384) = 384,,,,,,,,,,,,,,,
pread64,3,384, 768) = 384,,,,,,,,,,,,,,,
pread64,3,384, 1152)               = 0,,,,,,,,,,,,,,,
fcntl,3, {l_type=F_UNLCK, l_whence=SEEK_SET, l_start=0, l_len=0}) = 0,,,,,,,,,,,,,
close,3)                                = 0,,,,,,,,,,,,,,,,,
getuid,)                                = 1000,,,,,,,,,,,,,,,,,
geteuid,)                               = 1000,,,,,,,,,,,,,,,,,
openat,AT_FDCWD, O_RDONLY|O_CLOEXEC) = 3,,,,,,,,,,,,,,,,
fstat,3, st_size=303, ...}) = 0,,,,,,,,,,,,,,,
fstat,3, st_size=303, ...}) = 0,,,,,,,,,,,,,,,
read,3, 4096) = 303,,,,,,,,,,,,,,,,
lseek,3, SEEK_CUR)                = 124,,,,,,,,,,,,,,,,
read,3, 4096) = 179,,,,,,,,,,,,,,,,
close,3)                                = 0,,,,,,,,,,,,,,,,,
getpid,)                                = 12231,,,,,,,,,,,,,,,,,
socket,AF_UNIX, 0) = 3,,,,,,,,,,,,,,,,
connect,3," sun_path=""/dev/log""}", 110) = 0,,,,,,,,,,,,,,,
sendto,3,146, MSG_NOSIGNAL, NULL, 0) = 146,,,,,,,,,,,,,
socket,AF_NETLINK, NETLINK_AUDIT) = 4,,,,,,,,,,,,,,,,
fcntl,4, FD_CLOEXEC)           = 0,,,,,,,,,,,,,,,,
readlink,/proc/self/exe, 4096) = 15,,,,,,,,,,,,,,,,
ioctl,0, {B38400 opost isig icanon echo ...}) = 0,,,,,,,,,,,,,,,,
fstat,0, st_rdev=makedev(0x88, 0), ...}) = 0,,,,,,,,,,,,,,
readlink,/proc/self/fd/0, 31) = 10,,,,,,,,,,,,,,,,
stat,/dev/pts/0, st_rdev=makedev(0x88, 0), ...}) = 0,,,,,,,,,,,,,,
lstat,/dev/pts/0, st_rdev=makedev(0x88, 0), ...}) = 0,,,,,,,,,,,,,,
uname,"{sysname=""Linux""", ...}) = 0,,,,,,,,,,,,,,,,
sendto,4, type=0x454 /* NLMSG_??? */, flags=NLM_F_REQUEST|NLM_F_ACK, seq=1, pid=0}," ""\x6f\x70\x3d\x50\x41\x4d\x3a\x63\x68\x61\x75\x74\x68\x74\x6f\x6b\x20\x67\x72\x61\x6e\x74\x6f\x72\x73\x3d\x3f\x20\x61\x63\x63\x74""...}",140,0, {sa_family=AF_NETLINK, nl_pid=0, nl_groups=00000000}, 12) = 140,,,,,,
poll,[{fd=4,1, 500)   = 1 ([{fd=4, revents=POLLIN}]),,,,,,,,,,,,,,
recvfrom,4, type=NLMSG_ERROR, flags=0, seq=1, pid=12231}, {error=-EPERM, msg={{len=140, type=0x454 /* AUDIT_??? */, flags=NLM_F_REQUEST|NLM_F_ACK, seq=1, pid=0}," ""\x6f\x70\x3d\x50\x41\x4d\x3a\x63\x68\x61\x75\x74\x68\x74\x6f\x6b\x20\x67\x72\x61\x6e\x74\x6f\x72\x73\x3d\x3f\x20\x61\x63\x63\x74""...}}}",8988, MSG_PEEK|MSG_DONTWAIT, {sa_family=AF_NETLINK, nl_pid=0, nl_groups=00000000}, [12]) = 160
recvfrom,4, type=NLMSG_ERROR, flags=0, seq=1, pid=12231}, {error=-EPERM, msg={{len=140, type=0x454 /* AUDIT_??? */, flags=NLM_F_REQUEST|NLM_F_ACK, seq=1, pid=0}," ""\x6f\x70\x3d\x50\x41\x4d\x3a\x63\x68\x61\x75\x74\x68\x74\x6f\x6b\x20\x67\x72\x61\x6e\x74\x6f\x72\x73\x3d\x3f\x20\x61\x63\x63\x74""...}}}",8988, MSG_DONTWAIT, {sa_family=AF_NETLINK, nl_pid=0, nl_groups=00000000}, [12]) = 160
capget,{version=0 /* _LINUX_CAPABILITY_VERSION_??? */, NULL) = 0,,,,,,,,,,,,,,,,
gettid,)                                = 12231,,,,,,,,,,,,,,,,,
openat,AT_FDCWD, O_RDONLY) = 5,,,,,,,,,,,,,,,,
read,5, 7)                      = 3,,,,,,,,,,,,,,,,
close,5)                                = 0,,,,,,,,,,,,,,,,,
capget,{version=_LINUX_CAPABILITY_VERSION_3, {effective=0, permitted=0, inheritable=0}) = 0,,,,,,,,,,,,,,
openat,AT_FDCWD, O_RDONLY|O_CLOEXEC) = 5,,,,,,,,,,,,,,,,
fstat,5, st_size=0, ...}) = 0,,,,,,,,,,,,,,,
read,5, 1024) = 1024,,,,,,,,,,,,,,,,
close,5)                                = 0,,,,,,,,,,,,,,,,,
close,4)                                = 0,,,,,,,,,,,,,,,,,
select,0, NULL, NULL, {tv_sec=1, tv_usec=935738}) = 0 (Timeout),,,,,,,,,,,,,
openat,AT_FDCWD, O_RDONLY) = -1 ENOENT (No such file or directory),,,,,,,,,,,,,,,,
openat,AT_FDCWD, O_RDONLY) = -1 ENOENT (No such file or directory),,,,,,,,,,,,,,,,
openat,AT_FDCWD, O_RDONLY) = -1 ENOENT (No such file or directory),,,,,,,,,,,,,,,,
openat,AT_FDCWD, O_RDONLY) = -1 ENOENT (No such file or directory),,,,,,,,,,,,,,,,
write,2, 48) = 48,,,,,,,,,,,,,,,,
write,2, 27) = 27,,,,,,,,,,,,,,,,
munmap,0x7f2dc5290000,,,,,,,,,,,,,,,,,
munmap,0x7f2dc5255000,,,,,,,,,,,,,,,,,
munmap,0x7f2dc5238000,,,,,,,,,,,,,,,,,
munmap,0x7f2dc5b65000,,,,,,,,,,,,,,,,,
munmap,0x7f2dc5b60000,,,,,,,,,,,,,,,,,
munmap,0x7f2dc522b000,,,,,,,,,,,,,,,,,
munmap,0x7f2dc5b5a000,,,,,,,,,,,,,,,,,
munmap,0x7f2dc5211000,,,,,,,,,,,,,,,,,
munmap,0x7f2dc5226000,,,,,,,,,,,,,,,,,
munmap,0x7f2dc519b000,,,,,,,,,,,,,,,,,
exit_group,10)                          = ?,,,,,,,,,,,,,,,,,
+++ exited with 10 +++,,,,,,,,,,,,,,,,,,
