Data,,,,,,,
execve,/usr/bin/ping," ""-i"""," ""5"""," ""192.168.0.1""]", 0x7ffd9b01b078 /* 50 vars */) = 0,,
access,/etc/suid-debug,,,,,,
brk,NULL)                               = 0x560aece0d000,,,,,,
arch_prctl,0x3001 /* ARCH_??? */,,,,,,
fcntl,0,,,,,,
fcntl,1,,,,,,
fcntl,2,,,,,,
access,/etc/suid-debug,,,,,,
access,/etc/ld.so.preload,,,,,,
openat,AT_FDCWD, O_RDONLY|O_CLOEXEC) = 3,,,,,
fstat,3, st_size=69600, ...}) = 0,,,,
mmap,NULL, PROT_READ, MAP_PRIVATE,3, 0) = 0x7ff6043c8000,,
close,3)                                = 0,,,,,,
openat,AT_FDCWD, O_RDONLY|O_CLOEXEC) = 3,,,,,
read,3, 832) = 832,,,,,
fstat,3, st_size=31120, ...}) = 0,,,,
mmap,NULL, PROT_READ|PROT_WRITE, MAP_PRIVATE|MAP_ANONYMOUS,-1, 0) = 0x7ff6043c6000,,
mmap,NULL, PROT_READ, MAP_PRIVATE|MAP_DENYWRITE,3, 0) = 0x7ff6043bd000,,
mprotect,0x7ff6043bf000, PROT_NONE) = 0,,,,,
mmap,0x7ff6043bf000, PROT_READ|PROT_EXEC, MAP_PRIVATE|MAP_FIXED|MAP_DENYWRITE,3, 0x2000) = 0x7ff6043bf000,,
mmap,0x7ff6043c2000, PROT_READ, MAP_PRIVATE|MAP_FIXED|MAP_DENYWRITE,3, 0x5000) = 0x7ff6043c2000,,
mmap,0x7ff6043c4000, PROT_READ|PROT_WRITE, MAP_PRIVATE|MAP_FIXED|MAP_DENYWRITE,3, 0x6000) = 0x7ff6043c4000,,
close,3)                                = 0,,,,,,
openat,AT_FDCWD, O_RDONLY|O_CLOEXEC) = 3,,,,,
read,3, 832) = 832,,,,,
fstat,3, st_size=1168056, ...}) = 0,,,,
mmap,NULL, PROT_READ, MAP_PRIVATE|MAP_DENYWRITE,3, 0) = 0x7ff60429f000,,
mmap,0x7ff6042ab000, PROT_READ|PROT_EXEC, MAP_PRIVATE|MAP_FIXED|MAP_DENYWRITE,3, 0xc000) = 0x7ff6042ab000,,
mmap,0x7ff604379000, PROT_READ, MAP_PRIVATE|MAP_FIXED|MAP_DENYWRITE,3, 0xda000) = 0x7ff604379000,,
mmap,0x7ff6043b6000, PROT_READ|PROT_WRITE, MAP_PRIVATE|MAP_FIXED|MAP_DENYWRITE,3, 0x116000) = 0x7ff6043b6000,,
close,3)                                = 0,,,,,,
openat,AT_FDCWD, O_RDONLY|O_CLOEXEC) = 3,,,,,
read,3, 832) = 832,,,,,
fstat,3, st_size=101352, ...}) = 0,,,,
mmap,NULL, PROT_READ, MAP_PRIVATE|MAP_DENYWRITE,3, 0) = 0x7ff604283000,,
mmap,0x7ff604287000, PROT_READ|PROT_EXEC, MAP_PRIVATE|MAP_FIXED|MAP_DENYWRITE,3, 0x4000) = 0x7ff604287000,,
mmap,0x7ff604297000, PROT_READ, MAP_PRIVATE|MAP_FIXED|MAP_DENYWRITE,3, 0x14000) = 0x7ff604297000,,
mmap,0x7ff60429b000, PROT_READ|PROT_WRITE, MAP_PRIVATE|MAP_FIXED|MAP_DENYWRITE,3, 0x17000) = 0x7ff60429b000,,
mmap,0x7ff60429d000, PROT_READ|PROT_WRITE, MAP_PRIVATE|MAP_FIXED|MAP_ANONYMOUS,-1, 0) = 0x7ff60429d000,,
close,3)                                = 0,,,,,,
openat,AT_FDCWD, O_RDONLY|O_CLOEXEC) = 3,,,,,
read,3, 832) = 832,,,,,
pread64,3,784, 64) = 784,,,,
pread64,3,32, 848) = 32,,,,
pread64,3,68, 880) = 68,,,,
fstat,3, st_size=2029592, ...}) = 0,,,,
pread64,3,784, 64) = 784,,,,
pread64,3,32, 848) = 32,,,,
pread64,3,68, 880) = 68,,,,
mmap,NULL, PROT_READ, MAP_PRIVATE|MAP_DENYWRITE,3, 0) = 0x7ff604091000,,
mmap,0x7ff6040b3000, PROT_READ|PROT_EXEC, MAP_PRIVATE|MAP_FIXED|MAP_DENYWRITE,3, 0x22000) = 0x7ff6040b3000,,
mmap,0x7ff60422b000, PROT_READ, MAP_PRIVATE|MAP_FIXED|MAP_DENYWRITE,3, 0x19a000) = 0x7ff60422b000,,
mmap,0x7ff604279000, PROT_READ|PROT_WRITE, MAP_PRIVATE|MAP_FIXED|MAP_DENYWRITE,3, 0x1e7000) = 0x7ff604279000,,
mmap,0x7ff60427f000, PROT_READ|PROT_WRITE, MAP_PRIVATE|MAP_FIXED|MAP_ANONYMOUS,-1, 0) = 0x7ff60427f000,,
close,3)                                = 0,,,,,,
openat,AT_FDCWD, O_RDONLY|O_CLOEXEC) = 3,,,,,
read,3, 832) = 832,,,,,
fstat,3, st_size=137584, ...}) = 0,,,,
mmap,NULL, PROT_READ, MAP_PRIVATE|MAP_DENYWRITE,3, 0) = 0x7ff60406e000,,
mmap,0x7ff604072000, PROT_READ|PROT_EXEC, MAP_PRIVATE|MAP_FIXED|MAP_DENYWRITE,3, 0x4000) = 0x7ff604072000,,
mmap,0x7ff604085000, PROT_READ, MAP_PRIVATE|MAP_FIXED|MAP_DENYWRITE,3, 0x17000) = 0x7ff604085000,,
mmap,0x7ff60408f000, PROT_READ|PROT_WRITE, MAP_PRIVATE|MAP_FIXED|MAP_DENYWRITE,3, 0x20000) = 0x7ff60408f000,,
close,3)                                = 0,,,,,,
mmap,NULL, PROT_READ|PROT_WRITE, MAP_PRIVATE|MAP_ANONYMOUS,-1, 0) = 0x7ff60406c000,,
arch_prctl,ARCH_SET_FS,,,,,,
mprotect,0x7ff604279000, PROT_READ) = 0,,,,,
mprotect,0x7ff60408f000, PROT_READ) = 0,,,,,
mprotect,0x7ff60429b000, PROT_READ) = 0,,,,,
mprotect,0x7ff6043b6000, PROT_READ) = 0,,,,,
mprotect,0x7ff6043c4000, PROT_READ) = 0,,,,,
mprotect,0x560aebfb4000, PROT_READ) = 0,,,,,
mprotect,0x7ff604406000, PROT_READ) = 0,,,,,
munmap,0x7ff6043c8000,,,,,,
brk,NULL)                               = 0x560aece0d000,,,,,,
brk,0x560aece2e000)                     = 0x560aece2e000,,,,,,
prctl,PR_CAPBSET_READ,,,,,,
prctl,PR_CAPBSET_READ,,,,,,
prctl,PR_CAPBSET_READ,,,,,,
prctl,PR_CAPBSET_READ,,,,,,
prctl,PR_CAPBSET_READ,,,,,,
prctl,PR_CAPBSET_READ,,,,,,
capget,{version=_LINUX_CAPABILITY_VERSION_3, NULL) = 0,,,,,
capget,{version=_LINUX_CAPABILITY_VERSION_3, {effective=0, permitted=0, inheritable=0}) = 0,,,
capget,{version=_LINUX_CAPABILITY_VERSION_3, NULL) = 0,,,,,
capset,{version=_LINUX_CAPABILITY_VERSION_3, {effective=0, permitted=0, inheritable=0}) = 0,,,
prctl,PR_SET_KEEPCAPS,,,,,,
getuid,)                                = 1000,,,,,,
setuid,1000)                            = 0,,,,,,
prctl,PR_SET_KEEPCAPS,,,,,,
getuid,)                                = 1000,,,,,,
geteuid,)                               = 1000,,,,,,
openat,AT_FDCWD, O_RDONLY|O_CLOEXEC) = 3,,,,,
fstat,3, st_size=5699248, ...}) = 0,,,,
mmap,NULL, PROT_READ, MAP_PRIVATE,3, 0) = 0x7ff603afc000,,
close,3)                                = 0,,,,,,
openat,AT_FDCWD, O_RDONLY|O_CLOEXEC) = 3,,,,,
fstat,3, st_size=2996, ...}) = 0,,,,
read,3, 4096) = 2996,,,,,
read,3, 4096)                       = 0,,,,,
close,3)                                = 0,,,,,,
openat,AT_FDCWD, O_RDONLY) = -1 ENOENT (No such file or directory),,,,,
openat,AT_FDCWD, O_RDONLY) = -1 ENOENT (No such file or directory),,,,,
openat,AT_FDCWD, O_RDONLY) = -1 ENOENT (No such file or directory),,,,,
openat,AT_FDCWD, O_RDONLY) = -1 ENOENT (No such file or directory),,,,,
capget,{version=_LINUX_CAPABILITY_VERSION_3, NULL) = 0,,,,,
capget,{version=_LINUX_CAPABILITY_VERSION_3, {effective=0, permitted=0, inheritable=0}) = 0,,,
socket,AF_INET, IPPROTO_ICMP) = 3,,,,,
socket,AF_INET6, IPPROTO_ICMPV6) = 4,,,,,
capget,{version=_LINUX_CAPABILITY_VERSION_3, NULL) = 0,,,,,
capget,{version=_LINUX_CAPABILITY_VERSION_3, {effective=0, permitted=0, inheritable=0}) = 0,,,
socket,AF_INET, IPPROTO_IP) = 5,,,,,
connect,5, sin_port=htons(1025)," sin_addr=inet_addr(""192.168.0.1"")}", 16) = 0,,,
getsockname,5, sin_port=htons(38416)," sin_addr=inet_addr(""10.0.2.15"")}", [16]) = 0,,,
close,5)                                = 0,,,,,,
setsockopt,3, IP_RECVERR, [1], 4) = 0,,,
setsockopt,3, IP_RECVTTL, [1], 4) = 0,,,
setsockopt,3, IP_RETOPTS, [1], 4) = 0,,,
setsockopt,3, SO_SNDBUF, [324], 4) = 0,,,
setsockopt,3, SO_RCVBUF, [65536], 4) = 0,,,
getsockopt,3, SO_RCVBUF, [131072], [4]) = 0,,,
fstat,1, st_rdev=makedev(0x88, 0), ...}) = 0,,,
write,1, 53) = 53,,,,,
setsockopt,3, SO_TIMESTAMP_OLD, [1], 4) = 0,,,
setsockopt,3, SO_SNDTIMEO_OLD," ""\1\0\0\0\0\0\0\0\0\0\0\0\0\0\0\0""", 16) = 0,,,
setsockopt,3, SO_RCVTIMEO_OLD," ""\5\0\0\0\0\0\0\0\0\0\0\0\0\0\0\0""", 16) = 0,,,
rt_sigaction,SIGINT, sa_mask=[], sa_flags=SA_RESTORER, sa_restorer=0x7ff6040d4090}, NULL, 8) = 0,
rt_sigaction,SIGALRM, sa_mask=[], sa_flags=SA_RESTORER, sa_restorer=0x7ff6040d4090}, NULL, 8) = 0,
rt_sigaction,SIGQUIT, sa_mask=[], sa_flags=SA_RESTORER, sa_restorer=0x7ff6040d4090}, NULL, 8) = 0,
rt_sigprocmask,SIG_SETMASK, NULL, 8) = 0,,,,
ioctl,1, {B38400 opost isig icanon echo ...}) = 0,,,,,
ioctl,1, {ws_row=24, ws_col=80, ws_xpixel=0, ws_ypixel=0}) = 0,,
sendto,3,64,0, {sa_family=AF_INET, sin_port=htons(0)," sin_addr=inet_addr(""192.168.0.1"")}", 16) = 64
recvmsg,3, 0)        = -1 EAGAIN (Resource temporarily unavailable),,,,,
sendto,3,64,0, {sa_family=AF_INET, sin_port=htons(0)," sin_addr=inet_addr(""192.168.0.1"")}", 16) = 64
recvmsg,3, 0)        = -1 EAGAIN (Resource temporarily unavailable),,,,,
sendto,3,64,0, {sa_family=AF_INET, sin_port=htons(0)," sin_addr=inet_addr(""192.168.0.1"")}", 16) = 64
recvmsg,3, 0)        = -1 EAGAIN (Resource temporarily unavailable),,,,,
sendto,3,64,0, {sa_family=AF_INET, sin_port=htons(0)," sin_addr=inet_addr(""192.168.0.1"")}", 16) = 64
recvmsg,3, 0)        = -1 EAGAIN (Resource temporarily unavailable),,,,,
sendto,3,64,0, {sa_family=AF_INET, sin_port=htons(0)," sin_addr=inet_addr(""192.168.0.1"")}", 16) = 64
recvmsg,3, 0)        = -1 EAGAIN (Resource temporarily unavailable),,,,,
sendto,3,64,0, {sa_family=AF_INET, sin_port=htons(0)," sin_addr=inet_addr(""192.168.0.1"")}", 16) = 64
recvmsg,3, 0)        = -1 EAGAIN (Resource temporarily unavailable),,,,,
sendto,3,64,0, {sa_family=AF_INET, sin_port=htons(0)," sin_addr=inet_addr(""192.168.0.1"")}", 16) = 64
recvmsg,3, 0)        = -1 EAGAIN (Resource temporarily unavailable),,,,,
sendto,3,64,0, {sa_family=AF_INET, sin_port=htons(0)," sin_addr=inet_addr(""192.168.0.1"")}", 16) = 64
recvmsg,3, 0)        = -1 EAGAIN (Resource temporarily unavailable),,,,,
sendto,3,64,0, {sa_family=AF_INET, sin_port=htons(0)," sin_addr=inet_addr(""192.168.0.1"")}", 16) = 64
recvmsg,3, 0)        = -1 EAGAIN (Resource temporarily unavailable),,,,,
sendto,3,64,0, {sa_family=AF_INET, sin_port=htons(0)," sin_addr=inet_addr(""192.168.0.1"")}", 16) = 64
recvmsg,3, 0)        = -1 EAGAIN (Resource temporarily unavailable),,,,,
sendto,3,64,0, {sa_family=AF_INET, sin_port=htons(0)," sin_addr=inet_addr(""192.168.0.1"")}", 16) = 64
recvmsg,3, 0)        = -1 EAGAIN (Resource temporarily unavailable),,,,,
sendto,3,64,0, {sa_family=AF_INET, sin_port=htons(0)," sin_addr=inet_addr(""192.168.0.1"")}", 16) = 64
recvmsg,3, 0)        = -1 EAGAIN (Resource temporarily unavailable),,,,,
sendto,3,64,0, {sa_family=AF_INET, sin_port=htons(0)," sin_addr=inet_addr(""192.168.0.1"")}", 16) = 64
recvmsg,3, 0)        = -1 EAGAIN (Resource temporarily unavailable),,,,,
--- SIGHUP {si_signo=SIGHUP,, si_pid=8714, si_uid=1000} ---,,,,
+++ killed by SIGHUP +++,,,,,,,
