Data,,,,,
execve,/usr/bin/pwd," ""-L""]", 0x7ffe4d3775a8 /* 50 vars */) = 0,,
brk,NULL)                               = 0x5575e5885000,,,,
arch_prctl,0x3001 /* ARCH_??? */,,,,
access,/etc/ld.so.preload,,,,
openat,AT_FDCWD, O_RDONLY|O_CLOEXEC) = 3,,,
fstat,3, st_size=69600, ...}) = 0,,
mmap,NULL, PROT_READ, MAP_PRIVATE,3, 0) = 0x7f1921166000
close,3)                                = 0,,,,
openat,AT_FDCWD, O_RDONLY|O_CLOEXEC) = 3,,,
read,3, 832) = 832,,,
pread64,3,784, 64) = 784,,
pread64,3,32, 848) = 32,,
pread64,3,68, 880) = 68,,
fstat,3, st_size=2029592, ...}) = 0,,
mmap,NULL, PROT_READ|PROT_WRITE, MAP_PRIVATE|MAP_ANONYMOUS,-1, 0) = 0x7f1921164000
pread64,3,784, 64) = 784,,
pread64,3,32, 848) = 32,,
pread64,3,68, 880) = 68,,
mmap,NULL, PROT_READ, MAP_PRIVATE|MAP_DENYWRITE,3, 0) = 0x7f1920f72000
mmap,0x7f1920f94000, PROT_READ|PROT_EXEC, MAP_PRIVATE|MAP_FIXED|MAP_DENYWRITE,3, 0x22000) = 0x7f1920f94000
mmap,0x7f192110c000, PROT_READ, MAP_PRIVATE|MAP_FIXED|MAP_DENYWRITE,3, 0x19a000) = 0x7f192110c000
mmap,0x7f192115a000, PROT_READ|PROT_WRITE, MAP_PRIVATE|MAP_FIXED|MAP_DENYWRITE,3, 0x1e7000) = 0x7f192115a000
mmap,0x7f1921160000, PROT_READ|PROT_WRITE, MAP_PRIVATE|MAP_FIXED|MAP_ANONYMOUS,-1, 0) = 0x7f1921160000
close,3)                                = 0,,,,
arch_prctl,ARCH_SET_FS,,,,
mprotect,0x7f192115a000, PROT_READ) = 0,,,
mprotect,0x5575e4da0000, PROT_READ) = 0,,,
mprotect,0x7f19211a4000, PROT_READ) = 0,,,
munmap,0x7f1921166000,,,,
openat,AT_FDCWD, O_RDONLY|O_CLOEXEC) = 3,,,
fstat,3, st_size=5699248, ...}) = 0,,
mmap,NULL, PROT_READ, MAP_PRIVATE,3, 0) = 0x7f1920a02000
close,3)                                = 0,,,,
brk,NULL)                               = 0x5575e5885000,,,,
brk,0x5575e58a6000)                     = 0x5575e58a6000,,,,
stat,/home/keshav/Keshav_demo, st_size=4096, ...}) = 0,,
stat,., st_size=4096, ...}) = 0,,
fstat,1, st_rdev=makedev(0x88, 0), ...}) = 0,
write,1, 25) = 25,,,
close,1)                                = 0,,,,
close,2)                                = 0,,,,
exit_group,0)                           = ?,,,,
+++ exited with 0 +++,,,,,
