Data,,,,,,,,,,,,
execve,/usr/sbin/reboot,,,,,,,,,,,
brk,NULL)                               = 0x56195e622000,,,,,,,,,,,
arch_prctl,0x3001 /* ARCH_??? */,,,,,,,,,,,
access,/etc/ld.so.preload,,,,,,,,,,,
openat,AT_FDCWD,,,,,,,,,,,
stat,/lib/systemd/tls/x86_64/x86_64,,,,,,,,,,,
openat,AT_FDCWD,,,,,,,,,,,
stat,/lib/systemd/tls/x86_64,,,,,,,,,,,
openat,AT_FDCWD,,,,,,,,,,,
stat,/lib/systemd/tls/x86_64,,,,,,,,,,,
openat,AT_FDCWD,,,,,,,,,,,
stat,/lib/systemd/tls,,,,,,,,,,,
openat,AT_FDCWD,,,,,,,,,,,
stat,/lib/systemd/x86_64/x86_64,,,,,,,,,,,
openat,AT_FDCWD,,,,,,,,,,,
stat,/lib/systemd/x86_64,,,,,,,,,,,
openat,AT_FDCWD,,,,,,,,,,,
stat,/lib/systemd/x86_64,,,,,,,,,,,
openat,AT_FDCWD,,,,,,,,,,,
stat,/lib/systemd,, ...}) = 0,,,,,,,,,
openat,AT_FDCWD,,,,,,,,,,,
fstat,3,, ...}) = 0,,,,,,,,,
mmap,NULL,, MAP_PRIVATE,3, 0) = 0x7f94ac75a000,,,,,,,
close,3)                                = 0,,,,,,,,,,,
openat,AT_FDCWD,,,,,,,,,,,
read,3,,,,,,,,,,,
pread64,3,, 64) = 784,,,,,,,,,
pread64,3,, 848) = 32,,,,,,,,,
pread64,3,, 880) = 68,,,,,,,,,
fstat,3,, ...}) = 0,,,,,,,,,
mmap,NULL,, MAP_PRIVATE|MAP_ANONYMOUS,-1, 0) = 0x7f94ac758000,,,,,,,
pread64,3,, 64) = 784,,,,,,,,,
pread64,3,, 848) = 32,,,,,,,,,
pread64,3,, 880) = 68,,,,,,,,,
mmap,NULL,, MAP_PRIVATE|MAP_DENYWRITE,3, 0) = 0x7f94ac566000,,,,,,,
mmap,0x7f94ac588000,, MAP_PRIVATE|MAP_FIXED|MAP_DENYWRITE,3, 0x22000) = 0x7f94ac588000,,,,,,,
mmap,0x7f94ac700000,, MAP_PRIVATE|MAP_FIXED|MAP_DENYWRITE,3, 0x19a000) = 0x7f94ac700000,,,,,,,
mmap,0x7f94ac74e000,, MAP_PRIVATE|MAP_FIXED|MAP_DENYWRITE,3, 0x1e7000) = 0x7f94ac74e000,,,,,,,
mmap,0x7f94ac754000,, MAP_PRIVATE|MAP_FIXED|MAP_ANONYMOUS,-1, 0) = 0x7f94ac754000,,,,,,,
close,3)                                = 0,,,,,,,,,,,
openat,AT_FDCWD,,,,,,,,,,,
openat,AT_FDCWD,,,,,,,,,,,
read,3,,,,,,,,,,,
fstat,3,, ...}) = 0,,,,,,,,,
mmap,NULL,, MAP_PRIVATE|MAP_DENYWRITE,3, 0) = 0x7f94ac53b000,,,,,,,
mprotect,0x7f94ac541000,,,,,,,,,,,
mmap,0x7f94ac541000,, MAP_PRIVATE|MAP_FIXED|MAP_DENYWRITE,3, 0x6000) = 0x7f94ac541000,,,,,,,
mmap,0x7f94ac55a000,, MAP_PRIVATE|MAP_FIXED|MAP_DENYWRITE,3, 0x1f000) = 0x7f94ac55a000,,,,,,,
mmap,0x7f94ac562000,, MAP_PRIVATE|MAP_FIXED|MAP_DENYWRITE,3, 0x26000) = 0x7f94ac562000,,,,,,,
mmap,0x7f94ac564000,, MAP_PRIVATE|MAP_FIXED|MAP_ANONYMOUS,-1, 0) = 0x7f94ac564000,,,,,,,
close,3)                                = 0,,,,,,,,,,,
openat,AT_FDCWD,,,,,,,,,,,
openat,AT_FDCWD,,,,,,,,,,,
read,3,,,,,,,,,,,
fstat,3,, ...}) = 0,,,,,,,,,
mmap,NULL,, MAP_PRIVATE|MAP_DENYWRITE,3, 0) = 0x7f94ac512000,,,,,,,
mprotect,0x7f94ac515000,,,,,,,,,,,
mmap,0x7f94ac515000,, MAP_PRIVATE|MAP_FIXED|MAP_DENYWRITE,3, 0x3000) = 0x7f94ac515000,,,,,,,
mmap,0x7f94ac52d000,, MAP_PRIVATE|MAP_FIXED|MAP_DENYWRITE,3, 0x1b000) = 0x7f94ac52d000,,,,,,,
mmap,0x7f94ac539000,, MAP_PRIVATE|MAP_FIXED|MAP_DENYWRITE,3, 0x26000) = 0x7f94ac539000,,,,,,,
close,3)                                = 0,,,,,,,,,,,
openat,AT_FDCWD,,,,,,,,,,,
openat,AT_FDCWD,,,,,,,,,,,
read,3,,,,,,,,,,,
fstat,3,, ...}) = 0,,,,,,,,,
mmap,NULL,, MAP_PRIVATE|MAP_DENYWRITE,3, 0) = 0x7f94ac4f1000,,,,,,,
mmap,0x7f94ac4f3000,, MAP_PRIVATE|MAP_FIXED|MAP_DENYWRITE,3, 0x2000) = 0x7f94ac4f3000,,,,,,,
mmap,0x7f94ac50d000,, MAP_PRIVATE|MAP_FIXED|MAP_DENYWRITE,3, 0x1c000) = 0x7f94ac50d000,,,,,,,
mmap,0x7f94ac510000,, MAP_PRIVATE|MAP_FIXED|MAP_DENYWRITE,3, 0x1e000) = 0x7f94ac510000,,,,,,,
close,3)                                = 0,,,,,,,,,,,
openat,AT_FDCWD,,,,,,,,,,,
openat,AT_FDCWD,,,,,,,,,,,
read,3,,,,,,,,,,,
fstat,3,, ...}) = 0,,,,,,,,,
mmap,NULL,, MAP_PRIVATE|MAP_DENYWRITE,3, 0) = 0x7f94ac49a000,,,,,,,
mprotect,0x7f94ac4a4000,,,,,,,,,,,
mmap,0x7f94ac4a4000,, MAP_PRIVATE|MAP_FIXED|MAP_DENYWRITE,3, 0xa000) = 0x7f94ac4a4000,,,,,,,
mmap,0x7f94ac4da000,, MAP_PRIVATE|MAP_FIXED|MAP_DENYWRITE,3, 0x40000) = 0x7f94ac4da000,,,,,,,
mmap,0x7f94ac4eb000,, MAP_PRIVATE|MAP_FIXED|MAP_DENYWRITE,3, 0x50000) = 0x7f94ac4eb000,,,,,,,
close,3)                                = 0,,,,,,,,,,,
openat,AT_FDCWD,,,,,,,,,,,
openat,AT_FDCWD,,,,,,,,,,,
read,3,,,,,,,,,,,
fstat,3,, ...}) = 0,,,,,,,,,
mmap,NULL,, MAP_PRIVATE|MAP_DENYWRITE,3, 0) = 0x7f94ac37c000,,,,,,,
mmap,0x7f94ac388000,, MAP_PRIVATE|MAP_FIXED|MAP_DENYWRITE,3, 0xc000) = 0x7f94ac388000,,,,,,,
mmap,0x7f94ac456000,, MAP_PRIVATE|MAP_FIXED|MAP_DENYWRITE,3, 0xda000) = 0x7f94ac456000,,,,,,,
mmap,0x7f94ac493000,, MAP_PRIVATE|MAP_FIXED|MAP_DENYWRITE,3, 0x116000) = 0x7f94ac493000,,,,,,,
close,3)                                = 0,,,,,,,,,,,
openat,AT_FDCWD,,,,,,,,,,,
openat,AT_FDCWD,,,,,,,,,,,
read,3,,,,,,,,,,,
pread64,3,, 824) = 68,,,,,,,,,
fstat,3,, ...}) = 0,,,,,,,,,
mmap,NULL,, MAP_PRIVATE|MAP_ANONYMOUS,-1, 0) = 0x7f94ac37a000,,,,,,,
pread64,3,, 824) = 68,,,,,,,,,
mmap,NULL,, MAP_PRIVATE|MAP_DENYWRITE,3, 0) = 0x7f94ac357000,,,,,,,
mmap,0x7f94ac35d000,, MAP_PRIVATE|MAP_FIXED|MAP_DENYWRITE,3, 0x6000) = 0x7f94ac35d000,,,,,,,
mmap,0x7f94ac36e000,, MAP_PRIVATE|MAP_FIXED|MAP_DENYWRITE,3, 0x17000) = 0x7f94ac36e000,,,,,,,
mmap,0x7f94ac374000,, MAP_PRIVATE|MAP_FIXED|MAP_DENYWRITE,3, 0x1c000) = 0x7f94ac374000,,,,,,,
mmap,0x7f94ac376000,, MAP_PRIVATE|MAP_FIXED|MAP_ANONYMOUS,-1, 0) = 0x7f94ac376000,,,,,,,
close,3)                                = 0,,,,,,,,,,,
openat,AT_FDCWD,,,,,,,,,,,
read,3,,,,,,,,,,,
fstat,3,, ...}) = 0,,,,,,,,,
mmap,NULL,, MAP_PRIVATE|MAP_DENYWRITE,3, 0) = 0x7f94ac2c6000,,,,,,,
mmap,0x7f94ac2c8000,, MAP_PRIVATE|MAP_FIXED|MAP_DENYWRITE,3, 0x2000) = 0x7f94ac2c8000,,,,,,,
mmap,0x7f94ac32d000,, MAP_PRIVATE|MAP_FIXED|MAP_DENYWRITE,3, 0x67000) = 0x7f94ac32d000,,,,,,,
mmap,0x7f94ac355000,, MAP_PRIVATE|MAP_FIXED|MAP_DENYWRITE,3, 0x8e000) = 0x7f94ac355000,,,,,,,
close,3)                                = 0,,,,,,,,,,,
openat,AT_FDCWD,,,,,,,,,,,
read,3,,,,,,,,,,,
fstat,3,, ...}) = 0,,,,,,,,,
mmap,NULL,, MAP_PRIVATE|MAP_DENYWRITE,3, 0) = 0x7f94ac2c0000,,,,,,,
mmap,0x7f94ac2c1000,, MAP_PRIVATE|MAP_FIXED|MAP_DENYWRITE,3, 0x1000) = 0x7f94ac2c1000,,,,,,,
mmap,0x7f94ac2c3000,, MAP_PRIVATE|MAP_FIXED|MAP_DENYWRITE,3, 0x3000) = 0x7f94ac2c3000,,,,,,,
mmap,0x7f94ac2c4000,, MAP_PRIVATE|MAP_FIXED|MAP_DENYWRITE,3, 0x3000) = 0x7f94ac2c4000,,,,,,,
close,3)                                = 0,,,,,,,,,,,
openat,AT_FDCWD,,,,,,,,,,,
read,3,,,,,,,,,,,
fstat,3,, ...}) = 0,,,,,,,,,
mmap,NULL,, MAP_PRIVATE|MAP_DENYWRITE,3, 0) = 0x7f94ac29d000,,,,,,,
mmap,0x7f94ac2a1000,, MAP_PRIVATE|MAP_FIXED|MAP_DENYWRITE,3, 0x4000) = 0x7f94ac2a1000,,,,,,,
mmap,0x7f94ac2b4000,, MAP_PRIVATE|MAP_FIXED|MAP_DENYWRITE,3, 0x17000) = 0x7f94ac2b4000,,,,,,,
mmap,0x7f94ac2be000,, MAP_PRIVATE|MAP_FIXED|MAP_DENYWRITE,3, 0x20000) = 0x7f94ac2be000,,,,,,,
close,3)                                = 0,,,,,,,,,,,
mmap,NULL,, MAP_PRIVATE|MAP_ANONYMOUS,-1, 0) = 0x7f94ac29b000,,,,,,,
mmap,NULL,, MAP_PRIVATE|MAP_ANONYMOUS,-1, 0) = 0x7f94ac299000,,,,,,,
arch_prctl,ARCH_SET_FS,,,,,,,,,,,
mprotect,0x7f94ac74e000,,,,,,,,,,,
mprotect,0x7f94ac2be000,,,,,,,,,,,
mprotect,0x7f94ac2c4000,,,,,,,,,,,
mprotect,0x7f94ac374000,,,,,,,,,,,
mprotect,0x7f94ac355000,,,,,,,,,,,
mprotect,0x7f94ac493000,,,,,,,,,,,
mprotect,0x7f94ac4eb000,,,,,,,,,,,
mprotect,0x7f94ac510000,,,,,,,,,,,
mprotect,0x7f94ac539000,,,,,,,,,,,
mprotect,0x7f94ac562000,,,,,,,,,,,
mprotect,0x56195cdda000,,,,,,,,,,,
mprotect,0x7f94ac798000,,,,,,,,,,,
munmap,0x7f94ac75a000,,,,,,,,,,,
set_tid_address,0x7f94ac29c8d0)         = 2159,,,,,,,,,,,
set_robust_list,0x7f94ac29c8e0,,,,,,,,,,,
rt_sigaction,SIGRTMIN,, sa_flags=SA_RESTORER|SA_SIGINFO, sa_restorer=0x7f94ac36b420}, NULL, 8) = 0,,,,,,
rt_sigaction,SIGRT_1,, sa_flags=SA_RESTORER|SA_RESTART|SA_SIGINFO, sa_restorer=0x7f94ac36b420}, NULL, 8) = 0,,,,,,
rt_sigprocmask,SIG_UNBLOCK,, 8) = 0,,,,,,,,,
prlimit64,0,, {rlim_cur=8192*1024, rlim_max=RLIM64_INFINITY}) = 0,,,,,,,,
brk,NULL)                               = 0x56195e622000,,,,,,,,,,,
brk,0x56195e643000)                     = 0x56195e643000,,,,,,,,,,,
statfs,/sys/fs/selinux,,,,,,,,,,,
statfs,/selinux,,,,,,,,,,,
openat,AT_FDCWD,,,,,,,,,,,
fstat,3,, ...}) = 0,,,,,,,,,
read,3,,,,,,,,,,,
read,3,,,,,,,,,,,
close,3)                                = 0,,,,,,,,,,,
access,/etc/selinux/config,,,,,,,,,,,
openat,AT_FDCWD,,,,,,,,,,,
fstat,3,, ...}) = 0,,,,,,,,,
mmap,NULL,, MAP_PRIVATE,3, 0) = 0x7f94abd29000,,,,,,,
close,3)                                = 0,,,,,,,,,,,
getpid,)                                = 2159,,,,,,,,,,,
openat,AT_FDCWD,,,,,,,,,,,
fstat,3,, ...}) = 0,,,,,,,,,
read,3,,,,,,,,,,,
ioctl,3,,,,,,,,,,,
read,3,,,,,,,,,,,
close,3)                                = 0,,,,,,,,,,,
prlimit64,0,, rlim_max=512*1024}, NULL) = 0,,,,,,,,
rt_sigaction,SIGBUS,, sa_flags=SA_RESTORER|SA_SIGINFO, sa_restorer=0x7f94ac5a9090}, {sa_handler=SIG_DFL, sa_mask=[], sa_flags=0}, 8) = 0,,,,
ioctl,1,,,,,,,,,,,
openat,AT_FDCWD,,,,,,,,,,,
fstat,3,, ...}) = 0,,,,,,,,,
read,3,,,,,,,,,,,
ioctl,3,,,,,,,,,,,
read,3,,,,,,,,,,,
close,3)                                = 0,,,,,,,,,,,
access,/var/run/utmpx,,,,,,,,,,,
openat,AT_FDCWD,,,,,,,,,,,
lseek,3,,,,,,,,,,,
alarm,0)                                = 0,,,,,,,,,,,
rt_sigaction,SIGALRM,, sa_flags=SA_RESTORER, sa_restorer=0x7f94ac5a9090}, {sa_handler=SIG_DFL, sa_mask=[], sa_flags=0}, 8) = 0,,,,
alarm,10)                               = 0,,,,,,,,,,,
fcntl,3,, l_whence=SEEK_SET, l_start=0, l_len=0}) = 0,,,,,,,
alarm,0)                                = 10,,,,,,,,,,,
rt_sigaction,SIGALRM,, sa_flags=SA_RESTORER, sa_restorer=0x7f94ac5a9090}, NULL, 8) = 0,,,,,,
pread64,3,, 0) = 384,,,,,,,,,
pread64,3,, 384) = 384,,,,,,,,,
fcntl,3,, l_whence=SEEK_SET, l_start=0, l_len=0}) = 0,,,,,,,
close,3)                                = 0,,,,,,,,,,,
unlink,/run/systemd/reboot-param)     = -1 ENOENT ,No such file or directory),,,,,,,,,,
newfstatat,AT_FDCWD,, 0) = -1 EACCES (Permission denied),,,,,,,,,
geteuid,)                               = 1000,,,,,,,,,,,
ioctl,1,,,,,,,,,,,
ioctl,2,,,,,,,,,,,
newfstatat,AT_FDCWD,, st_size=80, ...}, AT_SYMLINK_NOFOLLOW) = 0,,,,,,,
socket,AF_UNIX,,,,,,,,,,,
getsockopt,3,, [212992], [4]) = 0,,,,,,,,
setsockopt,3,, [8388608], 4) = 0,,,,,,,,
getsockopt,3,, [212992], [4]) = 0,,,,,,,,
setsockopt,3,, [8388608], 4) = 0,,,,,,,,
connect,3,, 30) = 0,,,,,,,,,
getsockopt,3,, {pid=1, uid=0, gid=0}, [12]) = 0,,,,,,
getsockopt,3,," ""unconfined""", [64->10]) = 0,,,,,,,,
getsockopt,3,, 0x56195e624520, [256->0]) = 0,,,,,,,,
fstat,3,, ...}) = 0,,,,,,,,,
getsockopt,3,, [0], [4]) = 0,,,,,,,,
getsockname,3,,,,,,,,,,,
sendmsg,3,," msg_iov=[{iov_base=""\0AUTH EXTERNAL\r\nDATA\r\n""", iov_len=22}," {iov_base=""NEGOTIATE_UNIX_FD\r\n""", iov_len=19}," {iov_base=""BEGIN\r\n""", iov_len=7}], msg_iovlen=3, msg_controllen=0, msg_flags=0}, MSG_DONTWAIT|MSG_NOSIGNAL) = 48
gettid,)                                = 2159,,,,,,,,,,,
futex,0x56195cde3ec0,,,,,,,,,,,
gettid,)                                = 2159,,,,,,,,,,,
recvmsg,3,," msg_iov=[{iov_base=""DATA\r\nOK 75dcbe9b2dbf3a75e05b4a6""...", iov_len=256}], msg_iovlen=1, msg_controllen=0, msg_flags=MSG_CMSG_CLOEXEC}, MSG_DONTWAIT|MSG_CMSG_CLOEXEC) = 58,,,,
sendmsg,3,," msg_iov=[{iov_base=""l\1\0\1\0\0\0\0\1\0\0\0m\0\0\0\1\1o\0\25\0\0\0/org/fre""...", iov_len=128}], msg_iovlen=1, msg_controllen=0, msg_flags=0}, MSG_DONTWAIT|MSG_NOSIGNAL) = 128,,,,
recvmsg,3,," msg_iov=[{iov_base=""l\2\1\1\v\0\0\0\1\0\0\0=\0\0\0\6\1s\0\6\0\0\0""", iov_len=24}], msg_iovlen=1, msg_controllen=0, msg_flags=MSG_CMSG_CLOEXEC}, MSG_DONTWAIT|MSG_CMSG_CLOEXEC) = 24,,,,
recvmsg,3,," msg_iov=[{iov_base="":1.103\0\0\5\1u\0\1\0\0\0\10\1g\0\1s\0\0\7\1s\0\24\0\0\0""...", iov_len=67}], msg_iovlen=1, msg_controllen=0, msg_flags=MSG_CMSG_CLOEXEC}, MSG_DONTWAIT|MSG_CMSG_CLOEXEC) = 67,,,,
sendmsg,3,," msg_iov=[{iov_base=""l\1\0\1\0\0\0\0\2\0\0\0\177\0\0\0\1\1o\0\27\0\0\0/org/fre""...", iov_len=144}], msg_iovlen=1, msg_controllen=0, msg_flags=0}, MSG_DONTWAIT|MSG_NOSIGNAL) = 144,,,,
recvmsg,3,," msg_iov=[{iov_base=""l\4\1\1\v\0\0\0\2\0\0\0\215\0\0\0\1\1o\0\25\0\0\0""", iov_len=24}], msg_iovlen=1, msg_controllen=0, msg_flags=MSG_CMSG_CLOEXEC}, MSG_DONTWAIT|MSG_CMSG_CLOEXEC) = 24,,,,
recvmsg,3,," msg_iov=[{iov_base=""/org/freedesktop/DBus\0\0\0\2\1s\0\24\0\0\0""...", iov_len=147}], msg_iovlen=1, msg_controllen=0, msg_flags=MSG_CMSG_CLOEXEC}, MSG_DONTWAIT|MSG_CMSG_CLOEXEC) = 147,,,,
recvmsg,3,," msg_iov=[{iov_base=""l\2\1\1\24\3\0\0\371\0\0\0006\0\0\0\5\1u\0\2\0\0\0""", iov_len=24}], msg_iovlen=1, msg_controllen=0, msg_flags=MSG_CMSG_CLOEXEC}, MSG_DONTWAIT|MSG_CMSG_CLOEXEC) = 24,,,,
recvmsg,3,," msg_iov=[{iov_base=""\6\1s\0\6\0\0\0:1.103\0\0\10\1g\0\ta(ssssuu)\0\0""...", iov_len=836}], msg_iovlen=1, msg_controllen=0, msg_flags=MSG_CMSG_CLOEXEC}, MSG_DONTWAIT|MSG_CMSG_CLOEXEC) = 836,,,,
openat,AT_FDCWD,,,,,,,,,,,
fstat,4,, ...}) = 0,,,,,,,,,
getdents64,4,,,,,,,,,,,
getdents64,4,,,,,,,,,,,
close,4)                                = 0,,,,,,,,,,,
openat,AT_FDCWD,,,,,,,,,,,
fstat,4,, ...}) = 0,,,,,,,,,
fstat,4,, ...}) = 0,,,,,,,,,
read,4,,,,,,,,,,,
read,4,,,,,,,,,,,
close,4)                                = 0,,,,,,,,,,,
getuid,)                                = 1000,,,,,,,,,,,
geteuid,)                               = 1000,,,,,,,,,,,
sendmsg,3,," msg_iov=[{iov_base=""l\1\0\1\f\0\0\0\3\0\0\0\210\0\0\0\1\1o\0\27\0\0\0/org/fre""...", iov_len=152}," {iov_base=""\0\0\0\0\0\0\0\0\1\0\0\0""", iov_len=12}], msg_iovlen=2, msg_controllen=0, msg_flags=0}, MSG_DONTWAIT|MSG_NOSIGNAL) = 164,,
recvmsg,3,,,,,,,,,,,
ppoll,[{fd=3,, {tv_sec=24, tv_nsec=995629000}, NULL, 8) = 1 ([{fd=3, revents=POLLIN}], left {tv_sec=24, tv_nsec=982549445}),,,
recvmsg,3,," msg_iov=[{iov_base=""l\2\1\1\0\0\0\0\374\0\0\0&\0\0\0\5\1u\0\3\0\0\0""", iov_len=24}], msg_iovlen=1, msg_controllen=0, msg_flags=MSG_CMSG_CLOEXEC}, MSG_DONTWAIT|MSG_CMSG_CLOEXEC) = 24,,,,
recvmsg,3,," msg_iov=[{iov_base=""\6\1s\0\6\0\0\0:1.103\0\0\7\1s\0\5\0\0\0:1.17\0\0\0""", iov_len=32}], msg_iovlen=1, msg_controllen=0, msg_flags=MSG_CMSG_CLOEXEC}, MSG_DONTWAIT|MSG_CMSG_CLOEXEC) = 32,,,,
sendmsg,3,," msg_iov=[{iov_base=""l\1\0\1\4\0\0\0\4\0\0\0\177\0\0\0\1\1o\0\27\0\0\0/org/fre""...", iov_len=144}," {iov_base=""\0\0\0\0""", iov_len=4}], msg_iovlen=2, msg_controllen=0, msg_flags=0}, MSG_DONTWAIT|MSG_NOSIGNAL) = 148,,
recvmsg,3,,,,,,,,,,,
ppoll,[{fd=3,, {tv_sec=24, tv_nsec=999903000}, NULL, 8) = 1 ([{fd=3, revents=POLLIN}], left {tv_sec=24, tv_nsec=967188254}),,,
recvmsg,3,," msg_iov=[{iov_base=""l\2\1\1\0\0\0\0\3\1\0\0&\0\0\0\5\1u\0\4\0\0\0""", iov_len=24}], msg_iovlen=1, msg_controllen=0, msg_flags=MSG_CMSG_CLOEXEC}, MSG_DONTWAIT|MSG_CMSG_CLOEXEC) = 24,,,,
recvmsg,3,," msg_iov=[{iov_base=""\6\1s\0\6\0\0\0:1.103\0\0\7\1s\0\5\0\0\0:1.17\0\0\0""", iov_len=32}], msg_iovlen=1, msg_controllen=0, msg_flags=MSG_CMSG_CLOEXEC}, MSG_DONTWAIT|MSG_CMSG_CLOEXEC) = 32,,,,
close,3)                                = 0,,,,,,,,,,,
exit_group,0)                           = ?,,,,,,,,,,,
+++ exited with 0 +++,,,,,,,,,,,,
