Data,,,,,
execve,/usr/bin/rm," ""-i"""," ""sample1.txt""]", 0x7ffc17036e30 /* 50 vars */) = 0,
brk,NULL)                               = 0x5597be620000,,,,
arch_prctl,0x3001 /* ARCH_??? */,,,,
access,/etc/ld.so.preload,,,,
openat,AT_FDCWD, O_RDONLY|O_CLOEXEC) = 3,,,
fstat,3, st_size=69600, ...}) = 0,,
mmap,NULL, PROT_READ, MAP_PRIVATE,3, 0) = 0x7f49f7f76000
close,3)                                = 0,,,,
openat,AT_FDCWD, O_RDONLY|O_CLOEXEC) = 3,,,
read,3, 832) = 832,,,
pread64,3,784, 64) = 784,,
pread64,3,32, 848) = 32,,
pread64,3,68, 880) = 68,,
fstat,3, st_size=2029592, ...}) = 0,,
mmap,NULL, PROT_READ|PROT_WRITE, MAP_PRIVATE|MAP_ANONYMOUS,-1, 0) = 0x7f49f7f74000
pread64,3,784, 64) = 784,,
pread64,3,32, 848) = 32,,
pread64,3,68, 880) = 68,,
mmap,NULL, PROT_READ, MAP_PRIVATE|MAP_DENYWRITE,3, 0) = 0x7f49f7d82000
mmap,0x7f49f7da4000, PROT_READ|PROT_EXEC, MAP_PRIVATE|MAP_FIXED|MAP_DENYWRITE,3, 0x22000) = 0x7f49f7da4000
mmap,0x7f49f7f1c000, PROT_READ, MAP_PRIVATE|MAP_FIXED|MAP_DENYWRITE,3, 0x19a000) = 0x7f49f7f1c000
mmap,0x7f49f7f6a000, PROT_READ|PROT_WRITE, MAP_PRIVATE|MAP_FIXED|MAP_DENYWRITE,3, 0x1e7000) = 0x7f49f7f6a000
mmap,0x7f49f7f70000, PROT_READ|PROT_WRITE, MAP_PRIVATE|MAP_FIXED|MAP_ANONYMOUS,-1, 0) = 0x7f49f7f70000
close,3)                                = 0,,,,
arch_prctl,ARCH_SET_FS,,,,
mprotect,0x7f49f7f6a000, PROT_READ) = 0,,,
mprotect,0x5597be053000, PROT_READ) = 0,,,
mprotect,0x7f49f7fb4000, PROT_READ) = 0,,,
munmap,0x7f49f7f76000,,,,
openat,AT_FDCWD, O_RDONLY|O_CLOEXEC) = 3,,,
fstat,3, st_size=5699248, ...}) = 0,,
mmap,NULL, PROT_READ, MAP_PRIVATE,3, 0) = 0x7f49f7812000
close,3)                                = 0,,,,
brk,NULL)                               = 0x5597be620000,,,,
brk,0x5597be641000)                     = 0x5597be641000,,,,
ioctl,0, {B38400 opost isig icanon echo ...}) = 0,,,
newfstatat,AT_FDCWD, {st_mode=S_IFREG|0664, st_size=18, ...}, AT_SYMLINK_NOFOLLOW) = 0
geteuid,)                               = 1000,,,,
newfstatat,AT_FDCWD, {st_mode=S_IFREG|0664, st_size=18, ...}, AT_SYMLINK_NOFOLLOW) = 0
faccessat,AT_FDCWD, W_OK) = 0,,,
openat,AT_FDCWD, O_RDONLY|O_CLOEXEC) = 3,,,
fstat,3, st_size=2996, ...}) = 0,,
read,3, 4096) = 2996,,,
read,3, 4096)                       = 0,,,
close,3)                                = 0,,,,
openat,AT_FDCWD, O_RDONLY) = -1 ENOENT (No such file or directory),,,
openat,AT_FDCWD, O_RDONLY) = -1 ENOENT (No such file or directory),,,
openat,AT_FDCWD, O_RDONLY) = -1 ENOENT (No such file or directory),,,
openat,AT_FDCWD, O_RDONLY) = 3,,,
fstat,3, st_size=613, ...}) = 0,,
mmap,NULL, PROT_READ, MAP_PRIVATE,3, 0) = 0x7f49f7fb3000
close,3)                                = 0,,,,
write,2, 39) = 39,,,
fstat,0, st_rdev=makedev(0x88, 0), ...}) = 0,
read,0, 1024)                    = 2,,,
openat,AT_FDCWD, O_RDONLY) = 3,,,
fstat,3, st_size=27002, ...}) = 0,,
mmap,NULL, PROT_READ, MAP_SHARED,3, 0) = 0x7f49f7f80000
close,3)                                = 0,,,,
unlinkat,AT_FDCWD, 0)    = 0,,,
lseek,0, SEEK_CUR)                   = -1 ESPIPE (Illegal seek),,,
close,0)                                = 0,,,,
close,1)                                = 0,,,,
close,2)                                = 0,,,,
exit_group,0)                           = ?,,,,
+++ exited with 0 +++,,,,,
