Data,,,,,,,,
execve,/usr/sbin/runlevel, 0x7fffc4bffbf0 /* 50 vars */) = 0,,,,,,
brk,NULL)                               = 0x55d956c9d000,,,,,,,
arch_prctl,0x3001 /* ARCH_??? */,,,,,,,
access,/etc/ld.so.preload,,,,,,,
openat,AT_FDCWD, O_RDONLY|O_CLOEXEC) = -1 ENOENT (No such file or directory),,,,,,
stat,/lib/systemd/tls/x86_64/x86_64,,,,,,,
openat,AT_FDCWD, O_RDONLY|O_CLOEXEC) = -1 ENOENT (No such file or directory),,,,,,
stat,/lib/systemd/tls/x86_64,,,,,,,
openat,AT_FDCWD, O_RDONLY|O_CLOEXEC) = -1 ENOENT (No such file or directory),,,,,,
stat,/lib/systemd/tls/x86_64,,,,,,,
openat,AT_FDCWD, O_RDONLY|O_CLOEXEC) = -1 ENOENT (No such file or directory),,,,,,
stat,/lib/systemd/tls,,,,,,,
openat,AT_FDCWD, O_RDONLY|O_CLOEXEC) = -1 ENOENT (No such file or directory),,,,,,
stat,/lib/systemd/x86_64/x86_64,,,,,,,
openat,AT_FDCWD, O_RDONLY|O_CLOEXEC) = -1 ENOENT (No such file or directory),,,,,,
stat,/lib/systemd/x86_64,,,,,,,
openat,AT_FDCWD, O_RDONLY|O_CLOEXEC) = -1 ENOENT (No such file or directory),,,,,,
stat,/lib/systemd/x86_64,,,,,,,
openat,AT_FDCWD, O_RDONLY|O_CLOEXEC) = -1 ENOENT (No such file or directory),,,,,,
stat,/lib/systemd, st_size=12288, ...}) = 0,,,,,
openat,AT_FDCWD, O_RDONLY|O_CLOEXEC) = 3,,,,,,
fstat,3, st_size=69600, ...}) = 0,,,,,
mmap,NULL, PROT_READ, MAP_PRIVATE,3, 0) = 0x7f43eebaf000,,,
close,3)                                = 0,,,,,,,
openat,AT_FDCWD, O_RDONLY|O_CLOEXEC) = 3,,,,,,
read,3, 832) = 832,,,,,,
pread64,3,784, 64) = 784,,,,,
pread64,3,32, 848) = 32,,,,,
pread64,3,68, 880) = 68,,,,,
fstat,3, st_size=2029592, ...}) = 0,,,,,
mmap,NULL, PROT_READ|PROT_WRITE, MAP_PRIVATE|MAP_ANONYMOUS,-1, 0) = 0x7f43eebad000,,,
pread64,3,784, 64) = 784,,,,,
pread64,3,32, 848) = 32,,,,,
pread64,3,68, 880) = 68,,,,,
mmap,NULL, PROT_READ, MAP_PRIVATE|MAP_DENYWRITE,3, 0) = 0x7f43ee9bb000,,,
mmap,0x7f43ee9dd000, PROT_READ|PROT_EXEC, MAP_PRIVATE|MAP_FIXED|MAP_DENYWRITE,3, 0x22000) = 0x7f43ee9dd000,,,
mmap,0x7f43eeb55000, PROT_READ, MAP_PRIVATE|MAP_FIXED|MAP_DENYWRITE,3, 0x19a000) = 0x7f43eeb55000,,,
mmap,0x7f43eeba3000, PROT_READ|PROT_WRITE, MAP_PRIVATE|MAP_FIXED|MAP_DENYWRITE,3, 0x1e7000) = 0x7f43eeba3000,,,
mmap,0x7f43eeba9000, PROT_READ|PROT_WRITE, MAP_PRIVATE|MAP_FIXED|MAP_ANONYMOUS,-1, 0) = 0x7f43eeba9000,,,
close,3)                                = 0,,,,,,,
openat,AT_FDCWD, O_RDONLY|O_CLOEXEC) = -1 ENOENT (No such file or directory),,,,,,
openat,AT_FDCWD, O_RDONLY|O_CLOEXEC) = 3,,,,,,
read,3, 832) = 832,,,,,,
fstat,3, st_size=163200, ...}) = 0,,,,,
mmap,NULL, PROT_READ, MAP_PRIVATE|MAP_DENYWRITE,3, 0) = 0x7f43ee990000,,,
mprotect,0x7f43ee996000, PROT_NONE) = 0,,,,,,
mmap,0x7f43ee996000, PROT_READ|PROT_EXEC, MAP_PRIVATE|MAP_FIXED|MAP_DENYWRITE,3, 0x6000) = 0x7f43ee996000,,,
mmap,0x7f43ee9af000, PROT_READ, MAP_PRIVATE|MAP_FIXED|MAP_DENYWRITE,3, 0x1f000) = 0x7f43ee9af000,,,
mmap,0x7f43ee9b7000, PROT_READ|PROT_WRITE, MAP_PRIVATE|MAP_FIXED|MAP_DENYWRITE,3, 0x26000) = 0x7f43ee9b7000,,,
mmap,0x7f43ee9b9000, PROT_READ|PROT_WRITE, MAP_PRIVATE|MAP_FIXED|MAP_ANONYMOUS,-1, 0) = 0x7f43ee9b9000,,,
close,3)                                = 0,,,,,,,
openat,AT_FDCWD, O_RDONLY|O_CLOEXEC) = -1 ENOENT (No such file or directory),,,,,,
openat,AT_FDCWD, O_RDONLY|O_CLOEXEC) = 3,,,,,,
read,3, 832) = 832,,,,,,
fstat,3, st_size=162264, ...}) = 0,,,,,
mmap,NULL, PROT_READ, MAP_PRIVATE|MAP_DENYWRITE,3, 0) = 0x7f43ee967000,,,
mprotect,0x7f43ee96a000, PROT_NONE) = 0,,,,,,
mmap,0x7f43ee96a000, PROT_READ|PROT_EXEC, MAP_PRIVATE|MAP_FIXED|MAP_DENYWRITE,3, 0x3000) = 0x7f43ee96a000,,,
mmap,0x7f43ee982000, PROT_READ, MAP_PRIVATE|MAP_FIXED|MAP_DENYWRITE,3, 0x1b000) = 0x7f43ee982000,,,
mmap,0x7f43ee98e000, PROT_READ|PROT_WRITE, MAP_PRIVATE|MAP_FIXED|MAP_DENYWRITE,3, 0x26000) = 0x7f43ee98e000,,,
close,3)                                = 0,,,,,,,
openat,AT_FDCWD, O_RDONLY|O_CLOEXEC) = -1 ENOENT (No such file or directory),,,,,,
openat,AT_FDCWD, O_RDONLY|O_CLOEXEC) = 3,,,,,,
read,3, 832) = 832,,,,,,
fstat,3, st_size=129248, ...}) = 0,,,,,
mmap,NULL, PROT_READ, MAP_PRIVATE|MAP_DENYWRITE,3, 0) = 0x7f43ee946000,,,
mmap,0x7f43ee948000, PROT_READ|PROT_EXEC, MAP_PRIVATE|MAP_FIXED|MAP_DENYWRITE,3, 0x2000) = 0x7f43ee948000,,,
mmap,0x7f43ee962000, PROT_READ, MAP_PRIVATE|MAP_FIXED|MAP_DENYWRITE,3, 0x1c000) = 0x7f43ee962000,,,
mmap,0x7f43ee965000, PROT_READ|PROT_WRITE, MAP_PRIVATE|MAP_FIXED|MAP_DENYWRITE,3, 0x1e000) = 0x7f43ee965000,,,
close,3)                                = 0,,,,,,,
openat,AT_FDCWD, O_RDONLY|O_CLOEXEC) = -1 ENOENT (No such file or directory),,,,,,
openat,AT_FDCWD, O_RDONLY|O_CLOEXEC) = 3,,,,,,
read,3, 832) = 832,,,,,,
fstat,3, st_size=351352, ...}) = 0,,,,,
mmap,NULL, PROT_READ, MAP_PRIVATE|MAP_DENYWRITE,3, 0) = 0x7f43ee8ef000,,,
mprotect,0x7f43ee8f9000, PROT_NONE) = 0,,,,,,
mmap,0x7f43ee8f9000, PROT_READ|PROT_EXEC, MAP_PRIVATE|MAP_FIXED|MAP_DENYWRITE,3, 0xa000) = 0x7f43ee8f9000,,,
mmap,0x7f43ee92f000, PROT_READ, MAP_PRIVATE|MAP_FIXED|MAP_DENYWRITE,3, 0x40000) = 0x7f43ee92f000,,,
mmap,0x7f43ee940000, PROT_READ|PROT_WRITE, MAP_PRIVATE|MAP_FIXED|MAP_DENYWRITE,3, 0x50000) = 0x7f43ee940000,,,
close,3)                                = 0,,,,,,,
openat,AT_FDCWD, O_RDONLY|O_CLOEXEC) = -1 ENOENT (No such file or directory),,,,,,
openat,AT_FDCWD, O_RDONLY|O_CLOEXEC) = 3,,,,,,
read,3, 832) = 832,,,,,,
fstat,3, st_size=1168056, ...}) = 0,,,,,
mmap,NULL, PROT_READ, MAP_PRIVATE|MAP_DENYWRITE,3, 0) = 0x7f43ee7d1000,,,
mmap,0x7f43ee7dd000, PROT_READ|PROT_EXEC, MAP_PRIVATE|MAP_FIXED|MAP_DENYWRITE,3, 0xc000) = 0x7f43ee7dd000,,,
mmap,0x7f43ee8ab000, PROT_READ, MAP_PRIVATE|MAP_FIXED|MAP_DENYWRITE,3, 0xda000) = 0x7f43ee8ab000,,,
mmap,0x7f43ee8e8000, PROT_READ|PROT_WRITE, MAP_PRIVATE|MAP_FIXED|MAP_DENYWRITE,3, 0x116000) = 0x7f43ee8e8000,,,
close,3)                                = 0,,,,,,,
openat,AT_FDCWD, O_RDONLY|O_CLOEXEC) = -1 ENOENT (No such file or directory),,,,,,
openat,AT_FDCWD, O_RDONLY|O_CLOEXEC) = 3,,,,,,
read,3, 832) = 832,,,,,,
pread64,3,68, 824) = 68,,,,,
fstat,3, st_size=157224, ...}) = 0,,,,,
mmap,NULL, PROT_READ|PROT_WRITE, MAP_PRIVATE|MAP_ANONYMOUS,-1, 0) = 0x7f43ee7cf000,,,
pread64,3,68, 824) = 68,,,,,
mmap,NULL, PROT_READ, MAP_PRIVATE|MAP_DENYWRITE,3, 0) = 0x7f43ee7ac000,,,
mmap,0x7f43ee7b2000, PROT_READ|PROT_EXEC, MAP_PRIVATE|MAP_FIXED|MAP_DENYWRITE,3, 0x6000) = 0x7f43ee7b2000,,,
mmap,0x7f43ee7c3000, PROT_READ, MAP_PRIVATE|MAP_FIXED|MAP_DENYWRITE,3, 0x17000) = 0x7f43ee7c3000,,,
mmap,0x7f43ee7c9000, PROT_READ|PROT_WRITE, MAP_PRIVATE|MAP_FIXED|MAP_DENYWRITE,3, 0x1c000) = 0x7f43ee7c9000,,,
mmap,0x7f43ee7cb000, PROT_READ|PROT_WRITE, MAP_PRIVATE|MAP_FIXED|MAP_ANONYMOUS,-1, 0) = 0x7f43ee7cb000,,,
close,3)                                = 0,,,,,,,
openat,AT_FDCWD, O_RDONLY|O_CLOEXEC) = 3,,,,,,
read,3, 832) = 832,,,,,,
fstat,3, st_size=588488, ...}) = 0,,,,,
mmap,NULL, PROT_READ, MAP_PRIVATE|MAP_DENYWRITE,3, 0) = 0x7f43ee71b000,,,
mmap,0x7f43ee71d000, PROT_READ|PROT_EXEC, MAP_PRIVATE|MAP_FIXED|MAP_DENYWRITE,3, 0x2000) = 0x7f43ee71d000,,,
mmap,0x7f43ee782000, PROT_READ, MAP_PRIVATE|MAP_FIXED|MAP_DENYWRITE,3, 0x67000) = 0x7f43ee782000,,,
mmap,0x7f43ee7aa000, PROT_READ|PROT_WRITE, MAP_PRIVATE|MAP_FIXED|MAP_DENYWRITE,3, 0x8e000) = 0x7f43ee7aa000,,,
close,3)                                = 0,,,,,,,
openat,AT_FDCWD, O_RDONLY|O_CLOEXEC) = 3,,,,,,
read,3, 832) = 832,,,,,,
fstat,3, st_size=18848, ...}) = 0,,,,,
mmap,NULL, PROT_READ, MAP_PRIVATE|MAP_DENYWRITE,3, 0) = 0x7f43ee715000,,,
mmap,0x7f43ee716000, PROT_READ|PROT_EXEC, MAP_PRIVATE|MAP_FIXED|MAP_DENYWRITE,3, 0x1000) = 0x7f43ee716000,,,
mmap,0x7f43ee718000, PROT_READ, MAP_PRIVATE|MAP_FIXED|MAP_DENYWRITE,3, 0x3000) = 0x7f43ee718000,,,
mmap,0x7f43ee719000, PROT_READ|PROT_WRITE, MAP_PRIVATE|MAP_FIXED|MAP_DENYWRITE,3, 0x3000) = 0x7f43ee719000,,,
close,3)                                = 0,,,,,,,
openat,AT_FDCWD, O_RDONLY|O_CLOEXEC) = 3,,,,,,
read,3, 832) = 832,,,,,,
fstat,3, st_size=137584, ...}) = 0,,,,,
mmap,NULL, PROT_READ, MAP_PRIVATE|MAP_DENYWRITE,3, 0) = 0x7f43ee6f2000,,,
mmap,0x7f43ee6f6000, PROT_READ|PROT_EXEC, MAP_PRIVATE|MAP_FIXED|MAP_DENYWRITE,3, 0x4000) = 0x7f43ee6f6000,,,
mmap,0x7f43ee709000, PROT_READ, MAP_PRIVATE|MAP_FIXED|MAP_DENYWRITE,3, 0x17000) = 0x7f43ee709000,,,
mmap,0x7f43ee713000, PROT_READ|PROT_WRITE, MAP_PRIVATE|MAP_FIXED|MAP_DENYWRITE,3, 0x20000) = 0x7f43ee713000,,,
close,3)                                = 0,,,,,,,
mmap,NULL, PROT_READ|PROT_WRITE, MAP_PRIVATE|MAP_ANONYMOUS,-1, 0) = 0x7f43ee6f0000,,,
mmap,NULL, PROT_READ|PROT_WRITE, MAP_PRIVATE|MAP_ANONYMOUS,-1, 0) = 0x7f43ee6ee000,,,
arch_prctl,ARCH_SET_FS,,,,,,,
mprotect,0x7f43eeba3000, PROT_READ) = 0,,,,,,
mprotect,0x7f43ee713000, PROT_READ) = 0,,,,,,
mprotect,0x7f43ee719000, PROT_READ) = 0,,,,,,
mprotect,0x7f43ee7c9000, PROT_READ) = 0,,,,,,
mprotect,0x7f43ee7aa000, PROT_READ) = 0,,,,,,
mprotect,0x7f43ee8e8000, PROT_READ) = 0,,,,,,
mprotect,0x7f43ee940000, PROT_READ) = 0,,,,,,
mprotect,0x7f43ee965000, PROT_READ) = 0,,,,,,
mprotect,0x7f43ee98e000, PROT_READ) = 0,,,,,,
mprotect,0x7f43ee9b7000, PROT_READ) = 0,,,,,,
mprotect,0x55d954db3000, PROT_READ) = 0,,,,,,
mprotect,0x7f43eebed000, PROT_READ) = 0,,,,,,
munmap,0x7f43eebaf000,,,,,,,
set_tid_address,0x7f43ee6f18d0)         = 4773,,,,,,,
set_robust_list,0x7f43ee6f18e0,,,,,,,
rt_sigaction,SIGRTMIN, sa_mask=[], sa_flags=SA_RESTORER|SA_SIGINFO, sa_restorer=0x7f43ee7c0420}, NULL, 8) = 0,,
rt_sigaction,SIGRT_1, sa_mask=[], sa_flags=SA_RESTORER|SA_RESTART|SA_SIGINFO, sa_restorer=0x7f43ee7c0420}, NULL, 8) = 0,,
rt_sigprocmask,SIG_UNBLOCK, NULL, 8) = 0,,,,,
prlimit64,0, NULL, {rlim_cur=8192*1024, rlim_max=RLIM64_INFINITY}) = 0,,,,
brk,NULL)                               = 0x55d956c9d000,,,,,,,
brk,0x55d956cbe000)                     = 0x55d956cbe000,,,,,,,
statfs,/sys/fs/selinux,,,,,,,
statfs,/selinux,,,,,,,
openat,AT_FDCWD, O_RDONLY|O_CLOEXEC) = 3,,,,,,
fstat,3, st_size=0, ...}) = 0,,,,,
read,3, 1024) = 387,,,,,,
read,3, 1024)                       = 0,,,,,,
close,3)                                = 0,,,,,,,
access,/etc/selinux/config,,,,,,,
openat,AT_FDCWD, O_RDONLY|O_CLOEXEC) = 3,,,,,,
fstat,3, st_size=5699248, ...}) = 0,,,,,
mmap,NULL, PROT_READ, MAP_PRIVATE,3, 0) = 0x7f43ee17e000,,,
close,3)                                = 0,,,,,,,
getpid,)                                = 4773,,,,,,,
openat,AT_FDCWD, O_RDONLY|O_CLOEXEC) = 3,,,,,,
fstat,3, st_size=0, ...}) = 0,,,,,
read,3, 1024) = 310,,,,,,
ioctl,3, 0x7fffbf94b280)        = -1 ENOTTY (Inappropriate ioctl for device),,,,,,
read,3, 1024)                       = 0,,,,,,
close,3)                                = 0,,,,,,,
prlimit64,0, {rlim_cur=512*1024, rlim_max=512*1024}, NULL) = 0,,,,
rt_sigaction,SIGBUS, sa_mask=[], sa_flags=SA_RESTORER|SA_SIGINFO, sa_restorer=0x7f43ee9fe090}, {sa_handler=SIG_DFL, sa_mask=[], sa_flags=0}, 8) = 0
ioctl,1, {B38400 opost isig icanon echo ...}) = 0,,,,,,
newfstatat,AT_FDCWD, 0x7fffbf94b360, 0) = -1 EACCES (Permission denied),,,,,
access,/var/run/utmpx,,,,,,,
openat,AT_FDCWD, O_RDONLY|O_CLOEXEC) = 3,,,,,,
lseek,3, SEEK_SET)                   = 0,,,,,,
alarm,0)                                = 0,,,,,,,
rt_sigaction,SIGALRM, sa_mask=[], sa_flags=SA_RESTORER, sa_restorer=0x7f43ee9fe090}, {sa_handler=SIG_DFL, sa_mask=[], sa_flags=0}, 8) = 0
alarm,10)                               = 0,,,,,,,
fcntl,3, {l_type=F_RDLCK, l_whence=SEEK_SET, l_start=0, l_len=0}) = 0,,,
alarm,0)                                = 10,,,,,,,
rt_sigaction,SIGALRM, sa_mask=[], sa_flags=SA_RESTORER, sa_restorer=0x7f43ee9fe090}, NULL, 8) = 0,,
pread64,3,384, 0) = 384,,,,,
pread64,3,384, 384) = 384,,,,,
fcntl,3, {l_type=F_UNLCK, l_whence=SEEK_SET, l_start=0, l_len=0}) = 0,,,
close,3)                                = 0,,,,,,,
fstat,1, st_rdev=makedev(0x88, 0), ...}) = 0,,,,
write,1, 4)                    = 4,,,,,,
exit_group,0)                           = ?,,,,,,,
+++ exited with 0 +++,,,,,,,,
