Data,,,,,,,,
execve,/usr/bin/scp," ""sample.txt"""," ""keshav""]", 0x7fffe57256a0 /* 50 vars */) = 0,,,,
brk,NULL)                               = 0x5632233e0000,,,,,,,
arch_prctl,0x3001 /* ARCH_??? */,,,,,,,
access,/etc/ld.so.preload,,,,,,,
openat,AT_FDCWD, O_RDONLY|O_CLOEXEC) = 3,,,,,,
fstat,3, st_size=69600, ...}) = 0,,,,,
mmap,NULL, PROT_READ, MAP_PRIVATE,3, 0) = 0x7f14f05fa000,,,
close,3)                                = 0,,,,,,,
openat,AT_FDCWD, O_RDONLY|O_CLOEXEC) = 3,,,,,,
read,3, 832) = 832,,,,,,
fstat,3, st_size=2958176, ...}) = 0,,,,,
mmap,NULL, PROT_READ|PROT_WRITE, MAP_PRIVATE|MAP_ANONYMOUS,-1, 0) = 0x7f14f05f8000,,,
mmap,NULL, PROT_READ, MAP_PRIVATE|MAP_DENYWRITE,3, 0) = 0x7f14f0321000,,,
mmap,0x7f14f0399000, PROT_READ|PROT_EXEC, MAP_PRIVATE|MAP_FIXED|MAP_DENYWRITE,3, 0x78000) = 0x7f14f0399000,,,
mmap,0x7f14f0535000, PROT_READ, MAP_PRIVATE|MAP_FIXED|MAP_DENYWRITE,3, 0x214000) = 0x7f14f0535000,,,
mmap,0x7f14f05c6000, PROT_READ|PROT_WRITE, MAP_PRIVATE|MAP_FIXED|MAP_DENYWRITE,3, 0x2a4000) = 0x7f14f05c6000,,,
mmap,0x7f14f05f4000, PROT_READ|PROT_WRITE, MAP_PRIVATE|MAP_FIXED|MAP_ANONYMOUS,-1, 0) = 0x7f14f05f4000,,,
close,3)                                = 0,,,,,,,
openat,AT_FDCWD, O_RDONLY|O_CLOEXEC) = 3,,,,,,
read,3, 832) = 832,,,,,,
pread64,3,784, 64) = 784,,,,,
pread64,3,32, 848) = 32,,,,,
pread64,3,68, 880) = 68,,,,,
fstat,3, st_size=2029592, ...}) = 0,,,,,
pread64,3,784, 64) = 784,,,,,
pread64,3,32, 848) = 32,,,,,
pread64,3,68, 880) = 68,,,,,
mmap,NULL, PROT_READ, MAP_PRIVATE|MAP_DENYWRITE,3, 0) = 0x7f14f012f000,,,
mmap,0x7f14f0151000, PROT_READ|PROT_EXEC, MAP_PRIVATE|MAP_FIXED|MAP_DENYWRITE,3, 0x22000) = 0x7f14f0151000,,,
mmap,0x7f14f02c9000, PROT_READ, MAP_PRIVATE|MAP_FIXED|MAP_DENYWRITE,3, 0x19a000) = 0x7f14f02c9000,,,
mmap,0x7f14f0317000, PROT_READ|PROT_WRITE, MAP_PRIVATE|MAP_FIXED|MAP_DENYWRITE,3, 0x1e7000) = 0x7f14f0317000,,,
mmap,0x7f14f031d000, PROT_READ|PROT_WRITE, MAP_PRIVATE|MAP_FIXED|MAP_ANONYMOUS,-1, 0) = 0x7f14f031d000,,,
close,3)                                = 0,,,,,,,
openat,AT_FDCWD, O_RDONLY|O_CLOEXEC) = 3,,,,,,
read,3, 832) = 832,,,,,,
fstat,3, st_size=18848, ...}) = 0,,,,,
mmap,NULL, PROT_READ, MAP_PRIVATE|MAP_DENYWRITE,3, 0) = 0x7f14f0129000,,,
mmap,0x7f14f012a000, PROT_READ|PROT_EXEC, MAP_PRIVATE|MAP_FIXED|MAP_DENYWRITE,3, 0x1000) = 0x7f14f012a000,,,
mmap,0x7f14f012c000, PROT_READ, MAP_PRIVATE|MAP_FIXED|MAP_DENYWRITE,3, 0x3000) = 0x7f14f012c000,,,
mmap,0x7f14f012d000, PROT_READ|PROT_WRITE, MAP_PRIVATE|MAP_FIXED|MAP_DENYWRITE,3, 0x3000) = 0x7f14f012d000,,,
close,3)                                = 0,,,,,,,
openat,AT_FDCWD, O_RDONLY|O_CLOEXEC) = 3,,,,,,
read,3, 832) = 832,,,,,,
pread64,3,68, 824) = 68,,,,,
fstat,3, st_size=157224, ...}) = 0,,,,,
pread64,3,68, 824) = 68,,,,,
mmap,NULL, PROT_READ, MAP_PRIVATE|MAP_DENYWRITE,3, 0) = 0x7f14f0106000,,,
mmap,0x7f14f010c000, PROT_READ|PROT_EXEC, MAP_PRIVATE|MAP_FIXED|MAP_DENYWRITE,3, 0x6000) = 0x7f14f010c000,,,
mmap,0x7f14f011d000, PROT_READ, MAP_PRIVATE|MAP_FIXED|MAP_DENYWRITE,3, 0x17000) = 0x7f14f011d000,,,
mmap,0x7f14f0123000, PROT_READ|PROT_WRITE, MAP_PRIVATE|MAP_FIXED|MAP_DENYWRITE,3, 0x1c000) = 0x7f14f0123000,,,
mmap,0x7f14f0125000, PROT_READ|PROT_WRITE, MAP_PRIVATE|MAP_FIXED|MAP_ANONYMOUS,-1, 0) = 0x7f14f0125000,,,
close,3)                                = 0,,,,,,,
mmap,NULL, PROT_READ|PROT_WRITE, MAP_PRIVATE|MAP_ANONYMOUS,-1, 0) = 0x7f14f0104000,,,
arch_prctl,ARCH_SET_FS,,,,,,,
mprotect,0x7f14f0317000, PROT_READ) = 0,,,,,,
mprotect,0x7f14f0123000, PROT_READ) = 0,,,,,,
mprotect,0x7f14f012d000, PROT_READ) = 0,,,,,,
mprotect,0x7f14f05c6000, PROT_READ) = 0,,,,,,
mprotect,0x5632219b8000, PROT_READ) = 0,,,,,,
mprotect,0x7f14f0638000, PROT_READ) = 0,,,,,,
munmap,0x7f14f05fa000,,,,,,,
set_tid_address,0x7f14f0105110)         = 2720,,,,,,,
set_robust_list,0x7f14f0105120,,,,,,,
rt_sigaction,SIGRTMIN, sa_mask=[], sa_flags=SA_RESTORER|SA_SIGINFO, sa_restorer=0x7f14f011a420}, NULL, 8) = 0,,
rt_sigaction,SIGRT_1, sa_mask=[], sa_flags=SA_RESTORER|SA_RESTART|SA_SIGINFO, sa_restorer=0x7f14f011a420}, NULL, 8) = 0,,
rt_sigprocmask,SIG_UNBLOCK, NULL, 8) = 0,,,,,
prlimit64,0, NULL, {rlim_cur=8192*1024, rlim_max=RLIM64_INFINITY}) = 0,,,,
openat,AT_FDCWD, O_RDWR)   = 3,,,,,,
close,3)                                = 0,,,,,,,
brk,NULL)                               = 0x5632233e0000,,,,,,,
brk,0x563223401000)                     = 0x563223401000,,,,,,,
futex,0x7f14f05f6818, 2147483647) = 0,,,,,,
futex,0x7f14f05f680c, 2147483647) = 0,,,,,,
futex,0x7f14f05f6804, 2147483647) = 0,,,,,,
futex,0x7f14f05f68d8, 2147483647) = 0,,,,,,
futex,0x7f14f05f67f0, 2147483647) = 0,,,,,,
futex,0x7f14f05f67e8, 2147483647) = 0,,,,,,
futex,0x7f14f05f3c5c, 2147483647) = 0,,,,,,
futex,0x7f14f05f66c4, 2147483647) = 0,,,,,,
futex,0x7f14f05f665c, 2147483647) = 0,,,,,,
futex,0x7f14f05f6650, 2147483647) = 0,,,,,,
futex,0x7f14f05f67fc, 2147483647) = 0,,,,,,
futex,0x7f14f05f67b8, 2147483647) = 0,,,,,,
futex,0x7f14f05f67b0, 2147483647) = 0,,,,,,
openat,AT_FDCWD, O_RDONLY) = 3,,,,,,
fstat,3, st_size=10909, ...}) = 0,,,,,
read,3, 4096) = 4096,,,,,,
read,3, 4096) = 4096,,,,,,
read,3, 4096) = 2717,,,,,,
brk,0x563223422000)                     = 0x563223422000,,,,,,,
read,3, 4096)                       = 0,,,,,,
close,3)                                = 0,,,,,,,
futex,0x7f14f05f67e0, 2147483647) = 0,,,,,,
futex,0x7f14f05f6948, 2147483647) = 0,,,,,,
getpid,)                                = 2720,,,,,,,
getrandom,\xed\x13\xf2\x16\xaf\x9b\x88\xd5\x36\x8a\x70\x90\x13\x3a\x48\xb6\xac\xb1\xcb\xf2\xb3\x76\x80\x3d\x3f\x99\xaa\x3a\xfc\x2d\xf7\x26, 0) = 32,,,,,,
getpid,)                                = 2720,,,,,,,
futex,0x7f14f05f6918, 2147483647) = 0,,,,,,
getpid,)                                = 2720,,,,,,,
getpid,)                                = 2720,,,,,,,
getpid,)                                = 2720,,,,,,,
getpid,)                                = 2720,,,,,,,
getpid,)                                = 2720,,,,,,,
openat,AT_FDCWD, O_RDONLY|O_CLOEXEC) = 3,,,,,,
fstat,3, st_size=5699248, ...}) = 0,,,,,
mmap,NULL, PROT_READ, MAP_PRIVATE,3, 0) = 0x7f14efb94000,,,
close,3)                                = 0,,,,,,,
getuid,)                                = 1000,,,,,,,
socket,AF_UNIX, 0) = 3,,,,,,
connect,3," sun_path=""/var/run/nscd/socket""}", 110) = -1 ENOENT (No such file or directory),,,,,
close,3)                                = 0,,,,,,,
socket,AF_UNIX, 0) = 3,,,,,,
connect,3," sun_path=""/var/run/nscd/socket""}", 110) = -1 ENOENT (No such file or directory),,,,,
close,3)                                = 0,,,,,,,
openat,AT_FDCWD, O_RDONLY|O_CLOEXEC) = 3,,,,,,
fstat,3, st_size=542, ...}) = 0,,,,,
read,3, 4096) = 542,,,,,,
read,3, 4096)                       = 0,,,,,,
close,3)                                = 0,,,,,,,
openat,AT_FDCWD, O_RDONLY|O_CLOEXEC) = 3,,,,,,
fstat,3, st_size=69600, ...}) = 0,,,,,
mmap,NULL, PROT_READ, MAP_PRIVATE,3, 0) = 0x7f14f05fa000,,,
close,3)                                = 0,,,,,,,
openat,AT_FDCWD, O_RDONLY|O_CLOEXEC) = 3,,,,,,
read,3, 832) = 832,,,,,,
fstat,3, st_size=51856, ...}) = 0,,,,,
mmap,NULL, PROT_READ, MAP_PRIVATE|MAP_DENYWRITE,3, 0) = 0x7f14efb80000,,,
mmap,0x7f14efb83000, PROT_READ|PROT_EXEC, MAP_PRIVATE|MAP_FIXED|MAP_DENYWRITE,3, 0x3000) = 0x7f14efb83000,,,
mmap,0x7f14efb8a000, PROT_READ, MAP_PRIVATE|MAP_FIXED|MAP_DENYWRITE,3, 0xa000) = 0x7f14efb8a000,,,
mmap,0x7f14efb8c000, PROT_READ|PROT_WRITE, MAP_PRIVATE|MAP_FIXED|MAP_DENYWRITE,3, 0xb000) = 0x7f14efb8c000,,,
mmap,0x7f14efb8e000, PROT_READ|PROT_WRITE, MAP_PRIVATE|MAP_FIXED|MAP_ANONYMOUS,-1, 0) = 0x7f14efb8e000,,,
close,3)                                = 0,,,,,,,
mprotect,0x7f14efb8c000, PROT_READ) = 0,,,,,,
munmap,0x7f14f05fa000,,,,,,,
openat,AT_FDCWD, O_RDONLY|O_CLOEXEC) = 3,,,,,,
lseek,3, SEEK_CUR)                   = 0,,,,,,
fstat,3, st_size=2976, ...}) = 0,,,,,
read,3, 4096) = 2976,,,,,,
close,3)                                = 0,,,,,,,
ioctl,1, {B38400 opost isig icanon echo ...}) = 0,,,,,,
rt_sigaction,SIGPIPE, sa_mask=~[RTMIN RT_1], sa_flags=SA_RESTORER|SA_RESTART, sa_restorer=0x7f14f0172090}, {sa_handler=SIG_DFL, sa_mask=[], sa_flags=0}, 8) = 0
clone,child_stack=NULL, child_tidptr=0x7f14f0105110) = 2721,,,,,,
rt_sigaction,SIGTERM, sa_mask=~[RTMIN RT_1], sa_flags=SA_RESTORER|SA_RESTART, sa_restorer=0x7f14f0172090}, {sa_handler=SIG_DFL, sa_mask=[], sa_flags=0}, 8) = 0
rt_sigaction,SIGINT, sa_mask=~[RTMIN RT_1], sa_flags=SA_RESTORER|SA_RESTART, sa_restorer=0x7f14f0172090}, {sa_handler=SIG_DFL, sa_mask=[], sa_flags=0}, 8) = 0
rt_sigaction,SIGHUP, sa_mask=~[RTMIN RT_1], sa_flags=SA_RESTORER|SA_RESTART, sa_restorer=0x7f14f0172090}, {sa_handler=SIG_DFL, sa_mask=[], sa_flags=0}, 8) = 0
wait4,2721,0, NULL) = 2721,,,,,
--- SIGCHLD {si_signo=SIGCHLD,, si_pid=2721, si_uid=1000, si_status=0, si_utime=0, si_stime=0} ---,,
exit_group,0)                           = ?,,,,,,,
+++ exited with 0 +++,,,,,,,,
