execve("/usr/bin/scrub", ["scrub", "lecture3.pdf"], 0x7fff5e151568 /* 50 vars */) = 0
brk(NULL)                               = 0x565140589000
arch_prctl(0x3001 /* ARCH_??? */, 0x7ffee6ac8a00) = -1 EINVAL (Invalid argument)
access("/etc/ld.so.preload", R_OK)      = -1 ENOENT (No such file or directory)
openat(AT_FDCWD, "/etc/ld.so.cache", O_RDONLY|O_CLOEXEC) = 3
fstat(3, {st_mode=S_IFREG|0644, st_size=69600, ...}) = 0
mmap(NULL, 69600, PROT_READ, MAP_PRIVATE, 3, 0) = 0x7ff2254a7000
close(3)                                = 0
openat(AT_FDCWD, "/lib/x86_64-linux-gnu/libpthread.so.0", O_RDONLY|O_CLOEXEC) = 3
read(3, "\177ELF\2\1\1\0\0\0\0\0\0\0\0\0\3\0>\0\1\0\0\0\220q\0\0\0\0\0\0"..., 832) = 832
pread64(3, "\4\0\0\0\24\0\0\0\3\0\0\0GNU\0{E6\364\34\332\245\210\204\10\350-\0106\343="..., 68, 824) = 68
fstat(3, {st_mode=S_IFREG|0755, st_size=157224, ...}) = 0
mmap(NULL, 8192, PROT_READ|PROT_WRITE, MAP_PRIVATE|MAP_ANONYMOUS, -1, 0) = 0x7ff2254a5000
pread64(3, "\4\0\0\0\24\0\0\0\3\0\0\0GNU\0{E6\364\34\332\245\210\204\10\350-\0106\343="..., 68, 824) = 68
mmap(NULL, 140408, PROT_READ, MAP_PRIVATE|MAP_DENYWRITE, 3, 0) = 0x7ff225482000
mmap(0x7ff225488000, 69632, PROT_READ|PROT_EXEC, MAP_PRIVATE|MAP_FIXED|MAP_DENYWRITE, 3, 0x6000) = 0x7ff225488000
mmap(0x7ff225499000, 24576, PROT_READ, MAP_PRIVATE|MAP_FIXED|MAP_DENYWRITE, 3, 0x17000) = 0x7ff225499000
mmap(0x7ff22549f000, 8192, PROT_READ|PROT_WRITE, MAP_PRIVATE|MAP_FIXED|MAP_DENYWRITE, 3, 0x1c000) = 0x7ff22549f000
mmap(0x7ff2254a1000, 13432, PROT_READ|PROT_WRITE, MAP_PRIVATE|MAP_FIXED|MAP_ANONYMOUS, -1, 0) = 0x7ff2254a1000
close(3)                                = 0
openat(AT_FDCWD, "/lib/x86_64-linux-gnu/libc.so.6", O_RDONLY|O_CLOEXEC) = 3
read(3, "\177ELF\2\1\1\3\0\0\0\0\0\0\0\0\3\0>\0\1\0\0\0\300A\2\0\0\0\0\0"..., 832) = 832
pread64(3, "\6\0\0\0\4\0\0\0@\0\0\0\0\0\0\0@\0\0\0\0\0\0\0@\0\0\0\0\0\0\0"..., 784, 64) = 784
pread64(3, "\4\0\0\0\20\0\0\0\5\0\0\0GNU\0\2\0\0\300\4\0\0\0\3\0\0\0\0\0\0\0", 32, 848) = 32
pread64(3, "\4\0\0\0\24\0\0\0\3\0\0\0GNU\0\30x\346\264ur\f|Q\226\236i\253-'o"..., 68, 880) = 68
fstat(3, {st_mode=S_IFREG|0755, st_size=2029592, ...}) = 0
pread64(3, "\6\0\0\0\4\0\0\0@\0\0\0\0\0\0\0@\0\0\0\0\0\0\0@\0\0\0\0\0\0\0"..., 784, 64) = 784
pread64(3, "\4\0\0\0\20\0\0\0\5\0\0\0GNU\0\2\0\0\300\4\0\0\0\3\0\0\0\0\0\0\0", 32, 848) = 32
pread64(3, "\4\0\0\0\24\0\0\0\3\0\0\0GNU\0\30x\346\264ur\f|Q\226\236i\253-'o"..., 68, 880) = 68
mmap(NULL, 2037344, PROT_READ, MAP_PRIVATE|MAP_DENYWRITE, 3, 0) = 0x7ff225290000
mmap(0x7ff2252b2000, 1540096, PROT_READ|PROT_EXEC, MAP_PRIVATE|MAP_FIXED|MAP_DENYWRITE, 3, 0x22000) = 0x7ff2252b2000
mmap(0x7ff22542a000, 319488, PROT_READ, MAP_PRIVATE|MAP_FIXED|MAP_DENYWRITE, 3, 0x19a000) = 0x7ff22542a000
mmap(0x7ff225478000, 24576, PROT_READ|PROT_WRITE, MAP_PRIVATE|MAP_FIXED|MAP_DENYWRITE, 3, 0x1e7000) = 0x7ff225478000
mmap(0x7ff22547e000, 13920, PROT_READ|PROT_WRITE, MAP_PRIVATE|MAP_FIXED|MAP_ANONYMOUS, -1, 0) = 0x7ff22547e000
close(3)                                = 0
mmap(NULL, 12288, PROT_READ|PROT_WRITE, MAP_PRIVATE|MAP_ANONYMOUS, -1, 0) = 0x7ff22528d000
arch_prctl(ARCH_SET_FS, 0x7ff22528d740) = 0
mprotect(0x7ff225478000, 16384, PROT_READ) = 0
mprotect(0x7ff22549f000, 4096, PROT_READ) = 0
mprotect(0x56513fd64000, 45056, PROT_READ) = 0
mprotect(0x7ff2254e5000, 4096, PROT_READ) = 0
munmap(0x7ff2254a7000, 69600)           = 0
set_tid_address(0x7ff22528da10)         = 6437
set_robust_list(0x7ff22528da20, 24)     = 0
rt_sigaction(SIGRTMIN, {sa_handler=0x7ff225488bf0, sa_mask=[], sa_flags=SA_RESTORER|SA_SIGINFO, sa_restorer=0x7ff225496420}, NULL, 8) = 0
rt_sigaction(SIGRT_1, {sa_handler=0x7ff225488c90, sa_mask=[], sa_flags=SA_RESTORER|SA_RESTART|SA_SIGINFO, sa_restorer=0x7ff225496420}, NULL, 8) = 0
rt_sigprocmask(SIG_UNBLOCK, [RTMIN RT_1], NULL, 8) = 0
prlimit64(0, RLIMIT_STACK, NULL, {rlim_cur=8192*1024, rlim_max=RLIM64_INFINITY}) = 0
fstat(1, {st_mode=S_IFCHR|0620, st_rdev=makedev(0x88, 0), ...}) = 0
brk(NULL)                               = 0x565140589000
brk(0x5651405aa000)                     = 0x5651405aa000
write(1, "scrub: using NNSA NAP-14.1-C pat"..., 38) = 38
lstat("lecture3.pdf", {st_mode=S_IFREG|0664, st_size=6669435, ...}) = 0
stat("lecture3.pdf", {st_mode=S_IFREG|0664, st_size=6669435, ...}) = 0
access("lecture3.pdf", R_OK|W_OK)       = 0
stat("lecture3.pdf", {st_mode=S_IFREG|0664, st_size=6669435, ...}) = 0
openat(AT_FDCWD, "lecture3.pdf", O_RDONLY) = 3
read(3, "%PDF-1.5\n%\265\355\256\373\n4 0 obj\n<< /Lengt"..., 4096) = 4096
close(3)                                = 0
lstat("lecture3.pdf", {st_mode=S_IFREG|0664, st_size=6669435, ...}) = 0
stat("lecture3.pdf", {st_mode=S_IFREG|0664, st_size=6669435, ...}) = 0
stat("lecture3.pdf", {st_mode=S_IFREG|0664, st_size=6669435, ...}) = 0
write(1, "scrub: padding lecture3.pdf with"..., 66) = 66
mmap(NULL, 20975616, PROT_READ|PROT_WRITE, MAP_PRIVATE|MAP_ANONYMOUS, -1, 0) = 0x7ff223e8c000
write(1, "scrub: scrubbing lecture3.pdf 66"..., 54) = 54
openat(AT_FDCWD, "/dev/urandom", O_RDONLY) = 3
read(3, "\212C\315U\352\310\307\365\215DZj*\21\10\362", 16) = 16
read(3, "k\20\353\374\352\2E\0\250D\312\321\26L5K", 16) = 16
ioctl(1, TCGETS, {B38400 opost isig icanon echo ...}) = 0
write(1, "scrub: random  |                "..., 114) = 114
read(3, "\20\375%\\j\360\362\33\255\363\324Q\377J\6!", 16) = 16
read(3, "\nk\363\206\331\347\234\27\20N\346dBr6e", 16) = 16
lstat("lecture3.pdf", {st_mode=S_IFREG|0664, st_size=6669435, ...}) = 0
stat("lecture3.pdf", {st_mode=S_IFREG|0664, st_size=6669435, ...}) = 0
openat(AT_FDCWD, "lecture3.pdf", O_WRONLY|O_DIRECT) = 4
mmap(NULL, 4198400, PROT_READ|PROT_WRITE, MAP_PRIVATE|MAP_ANONYMOUS, -1, 0) = 0x7ff223a8b000
mmap(NULL, 8392704, PROT_NONE, MAP_PRIVATE|MAP_ANONYMOUS|MAP_STACK, -1, 0) = 0x7ff22328a000
mprotect(0x7ff22328b000, 8388608, PROT_READ|PROT_WRITE) = 0
clone(child_stack=0x7ff223a89fb0, flags=CLONE_VM|CLONE_FS|CLONE_FILES|CLONE_SIGHAND|CLONE_THREAD|CLONE_SYSVSEM|CLONE_SETTLS|CLONE_PARENT_SETTID|CLONE_CHILD_CLEARTID, parent_tid=[6438], tls=0x7ff223a8a700, child_tidptr=0x7ff223a8a9d0) = 6438
futex(0x7ff223a8a9d0, FUTEX_WAIT, 6438, NULL) = 0
clone(child_stack=0x7ff223a89fb0, flags=CLONE_VM|CLONE_FS|CLONE_FILES|CLONE_SIGHAND|CLONE_THREAD|CLONE_SYSVSEM|CLONE_SETTLS|CLONE_PARENT_SETTID|CLONE_CHILD_CLEARTID, parent_tid=[6439], tls=0x7ff223a8a700, child_tidptr=0x7ff223a8a9d0) = 6439
write(4, "\3524\23\36~\317\303\364\315\314]\230\276\255s`\257'y\16\21\327\231\343-2\231^\32\230aq"..., 4194304) = 4194304
write(1, ".", 1)                        = 1
write(1, ".", 1)                        = 1
write(1, ".", 1)                        = 1
write(1, ".", 1)                        = 1
write(1, ".", 1)                        = 1
write(1, ".", 1)                        = 1
write(1, ".", 1)                        = 1
write(1, ".", 1)                        = 1
write(1, ".", 1)                        = 1
write(1, ".", 1)                        = 1
write(1, ".", 1)                        = 1
write(1, ".", 1)                        = 1
write(1, ".", 1)                        = 1
write(1, ".", 1)                        = 1
write(1, ".", 1)                        = 1
write(1, ".", 1)                        = 1
write(1, ".", 1)                        = 1
write(1, ".", 1)                        = 1
write(1, ".", 1)                        = 1
write(1, ".", 1)                        = 1
write(1, ".", 1)                        = 1
write(1, ".", 1)                        = 1
write(1, ".", 1)                        = 1
write(1, ".", 1)                        = 1
write(1, ".", 1)                        = 1
write(1, ".", 1)                        = 1
write(1, ".", 1)                        = 1
write(1, ".", 1)                        = 1
write(1, ".", 1)                        = 1
write(1, ".", 1)                        = 1
write(1, ".", 1)                        = 1
futex(0x7ff223a8a9d0, FUTEX_WAIT, 6439, NULL) = 0
write(4, "h\331\370\232\4K\1\322-\302p\361\304.\325\226E\352\214\20\366\23=\4$\210\371\216\3776\v\33"..., 2478080) = 2478080
write(1, ".", 1)                        = 1
write(1, ".", 1)                        = 1
write(1, ".", 1)                        = 1
write(1, ".", 1)                        = 1
write(1, ".", 1)                        = 1
write(1, ".", 1)                        = 1
write(1, ".", 1)                        = 1
write(1, ".", 1)                        = 1
write(1, ".", 1)                        = 1
write(1, ".", 1)                        = 1
write(1, ".", 1)                        = 1
write(1, ".", 1)                        = 1
write(1, ".", 1)                        = 1
write(1, ".", 1)                        = 1
write(1, ".", 1)                        = 1
write(1, ".", 1)                        = 1
write(1, ".", 1)                        = 1
fsync(4)                                = 0
fadvise64(4, 0, 6672384, POSIX_FADV_DONTNEED) = 0
close(4)                                = 0
munmap(0x7ff223a8b000, 4198400)         = 0
write(1, "\n", 1)                       = 1
ioctl(1, TCGETS, {B38400 opost isig icanon echo ...}) = 0
write(1, "scrub: random  |                "..., 114) = 114
read(3, "\237.\274.x\nk\235\254\244h\315\263\271\351_", 16) = 16
read(3, "\213bi\1,OK\322>\334\337\343Zx\20\372", 16) = 16
lstat("lecture3.pdf", {st_mode=S_IFREG|0664, st_size=6672384, ...}) = 0
stat("lecture3.pdf", {st_mode=S_IFREG|0664, st_size=6672384, ...}) = 0
openat(AT_FDCWD, "lecture3.pdf", O_WRONLY|O_DIRECT) = 4
brk(0x5651409aa000)                     = 0x5651409aa000
clone(child_stack=0x7ff223a89fb0, flags=CLONE_VM|CLONE_FS|CLONE_FILES|CLONE_SIGHAND|CLONE_THREAD|CLONE_SYSVSEM|CLONE_SETTLS|CLONE_PARENT_SETTID|CLONE_CHILD_CLEARTID, parent_tid=[6440], tls=0x7ff223a8a700, child_tidptr=0x7ff223a8a9d0) = 6440
futex(0x7ff223a8a9d0, FUTEX_WAIT, 6440, NULL) = 0
clone(child_stack=0x7ff223a89fb0, flags=CLONE_VM|CLONE_FS|CLONE_FILES|CLONE_SIGHAND|CLONE_THREAD|CLONE_SYSVSEM|CLONE_SETTLS|CLONE_PARENT_SETTID|CLONE_CHILD_CLEARTID, parent_tid=[6441], tls=0x7ff223a8a700, child_tidptr=0x7ff223a8a9d0) = 6441
write(4, "QR\365\r\n\330#i\1\374%\232j\346\21\32\305\\\343z\214\261\356\311\210\224\345\0\3Q\341\342"..., 4194304) = 4194304
write(1, ".", 1)                        = 1
write(1, ".", 1)                        = 1
write(1, ".", 1)                        = 1
write(1, ".", 1)                        = 1
write(1, ".", 1)                        = 1
write(1, ".", 1)                        = 1
write(1, ".", 1)                        = 1
write(1, ".", 1)                        = 1
write(1, ".", 1)                        = 1
write(1, ".", 1)                        = 1
write(1, ".", 1)                        = 1
write(1, ".", 1)                        = 1
write(1, ".", 1)                        = 1
write(1, ".", 1)                        = 1
write(1, ".", 1)                        = 1
write(1, ".", 1)                        = 1
write(1, ".", 1)                        = 1
write(1, ".", 1)                        = 1
write(1, ".", 1)                        = 1
write(1, ".", 1)                        = 1
write(1, ".", 1)                        = 1
write(1, ".", 1)                        = 1
write(1, ".", 1)                        = 1
write(1, ".", 1)                        = 1
write(1, ".", 1)                        = 1
write(1, ".", 1)                        = 1
write(1, ".", 1)                        = 1
write(1, ".", 1)                        = 1
write(1, ".", 1)                        = 1
write(1, ".", 1)                        = 1
write(1, ".", 1)                        = 1
futex(0x7ff223a8a9d0, FUTEX_WAIT, 6441, NULL) = 0
write(4, "\277g\7 \315\27#1;\317\370L\233Y\262\235\350L\26\347\34\27\340+\33\345\v\352\334\f\10%"..., 2478080) = 2478080
write(1, ".", 1)                        = 1
write(1, ".", 1)                        = 1
write(1, ".", 1)                        = 1
write(1, ".", 1)                        = 1
write(1, ".", 1)                        = 1
write(1, ".", 1)                        = 1
write(1, ".", 1)                        = 1
write(1, ".", 1)                        = 1
write(1, ".", 1)                        = 1
write(1, ".", 1)                        = 1
write(1, ".", 1)                        = 1
write(1, ".", 1)                        = 1
write(1, ".", 1)                        = 1
write(1, ".", 1)                        = 1
write(1, ".", 1)                        = 1
write(1, ".", 1)                        = 1
write(1, ".", 1)                        = 1
fsync(4)                                = 0
fadvise64(4, 0, 6672384, POSIX_FADV_DONTNEED) = 0
close(4)                                = 0
write(1, "\n", 1)                       = 1
ioctl(1, TCGETS, {B38400 opost isig icanon echo ...}) = 0
write(1, "scrub: 0x00    |                "..., 114) = 114
lstat("lecture3.pdf", {st_mode=S_IFREG|0664, st_size=6672384, ...}) = 0
stat("lecture3.pdf", {st_mode=S_IFREG|0664, st_size=6672384, ...}) = 0
openat(AT_FDCWD, "lecture3.pdf", O_WRONLY|O_DIRECT) = 4
write(4, "\0\0\0\0\0\0\0\0\0\0\0\0\0\0\0\0\0\0\0\0\0\0\0\0\0\0\0\0\0\0\0\0"..., 4194304) = 4194304
write(1, ".", 1)                        = 1
write(1, ".", 1)                        = 1
write(1, ".", 1)                        = 1
write(1, ".", 1)                        = 1
write(1, ".", 1)                        = 1
write(1, ".", 1)                        = 1
write(1, ".", 1)                        = 1
write(1, ".", 1)                        = 1
write(1, ".", 1)                        = 1
write(1, ".", 1)                        = 1
write(1, ".", 1)                        = 1
write(1, ".", 1)                        = 1
write(1, ".", 1)                        = 1
write(1, ".", 1)                        = 1
write(1, ".", 1)                        = 1
write(1, ".", 1)                        = 1
write(1, ".", 1)                        = 1
write(1, ".", 1)                        = 1
write(1, ".", 1)                        = 1
write(1, ".", 1)                        = 1
write(1, ".", 1)                        = 1
write(1, ".", 1)                        = 1
write(1, ".", 1)                        = 1
write(1, ".", 1)                        = 1
write(1, ".", 1)                        = 1
write(1, ".", 1)                        = 1
write(1, ".", 1)                        = 1
write(1, ".", 1)                        = 1
write(1, ".", 1)                        = 1
write(1, ".", 1)                        = 1
write(1, ".", 1)                        = 1
write(4, "\0\0\0\0\0\0\0\0\0\0\0\0\0\0\0\0\0\0\0\0\0\0\0\0\0\0\0\0\0\0\0\0"..., 2478080) = 2478080
write(1, ".", 1)                        = 1
write(1, ".", 1)                        = 1
write(1, ".", 1)                        = 1
write(1, ".", 1)                        = 1
write(1, ".", 1)                        = 1
write(1, ".", 1)                        = 1
write(1, ".", 1)                        = 1
write(1, ".", 1)                        = 1
write(1, ".", 1)                        = 1
write(1, ".", 1)                        = 1
write(1, ".", 1)                        = 1
write(1, ".", 1)                        = 1
write(1, ".", 1)                        = 1
write(1, ".", 1)                        = 1
write(1, ".", 1)                        = 1
write(1, ".", 1)                        = 1
write(1, ".", 1)                        = 1
fsync(4)                                = 0
fadvise64(4, 0, 6672384, POSIX_FADV_DONTNEED) = 0
close(4)                                = 0
write(1, "\n", 1)                       = 1
ioctl(1, TCGETS, {B38400 opost isig icanon echo ...}) = 0
write(1, "scrub: verify  |                "..., 114) = 114
mmap(NULL, 20975616, PROT_READ|PROT_WRITE, MAP_PRIVATE|MAP_ANONYMOUS, -1, 0) = 0x7ff221e89000
lstat("lecture3.pdf", {st_mode=S_IFREG|0664, st_size=6672384, ...}) = 0
stat("lecture3.pdf", {st_mode=S_IFREG|0664, st_size=6672384, ...}) = 0
openat(AT_FDCWD, "lecture3.pdf", O_RDONLY|O_DIRECT) = 4
read(4, "\0\0\0\0\0\0\0\0\0\0\0\0\0\0\0\0\0\0\0\0\0\0\0\0\0\0\0\0\0\0\0\0"..., 4194304) = 4194304
write(1, ".", 1)                        = 1
write(1, ".", 1)                        = 1
write(1, ".", 1)                        = 1
write(1, ".", 1)                        = 1
write(1, ".", 1)                        = 1
write(1, ".", 1)                        = 1
write(1, ".", 1)                        = 1
write(1, ".", 1)                        = 1
write(1, ".", 1)                        = 1
write(1, ".", 1)                        = 1
write(1, ".", 1)                        = 1
write(1, ".", 1)                        = 1
write(1, ".", 1)                        = 1
write(1, ".", 1)                        = 1
write(1, ".", 1)                        = 1
write(1, ".", 1)                        = 1
write(1, ".", 1)                        = 1
write(1, ".", 1)                        = 1
write(1, ".", 1)                        = 1
write(1, ".", 1)                        = 1
write(1, ".", 1)                        = 1
write(1, ".", 1)                        = 1
write(1, ".", 1)                        = 1
write(1, ".", 1)                        = 1
write(1, ".", 1)                        = 1
write(1, ".", 1)                        = 1
write(1, ".", 1)                        = 1
write(1, ".", 1)                        = 1
write(1, ".", 1)                        = 1
write(1, ".", 1)                        = 1
write(1, ".", 1)                        = 1
read(4, "\0\0\0\0\0\0\0\0\0\0\0\0\0\0\0\0\0\0\0\0\0\0\0\0\0\0\0\0\0\0\0\0"..., 2478080) = 2478080
write(1, ".", 1)                        = 1
write(1, ".", 1)                        = 1
write(1, ".", 1)                        = 1
write(1, ".", 1)                        = 1
write(1, ".", 1)                        = 1
write(1, ".", 1)                        = 1
write(1, ".", 1)                        = 1
write(1, ".", 1)                        = 1
write(1, ".", 1)                        = 1
write(1, ".", 1)                        = 1
write(1, ".", 1)                        = 1
write(1, ".", 1)                        = 1
write(1, ".", 1)                        = 1
write(1, ".", 1)                        = 1
write(1, ".", 1)                        = 1
write(1, ".", 1)                        = 1
write(1, ".", 1)                        = 1
close(4)                                = 0
munmap(0x7ff221e89000, 20975616)        = 0
write(1, "\n", 1)                       = 1
stat("lecture3.pdf", {st_mode=S_IFREG|0664, st_size=6672384, ...}) = 0
openat(AT_FDCWD, "lecture3.pdf", O_RDWR) = 4
read(4, "\0\0\0\0\0\0\0\0\0\0\0\0\0\0\0\0\0\0\0\0\0\0\0\0\0\0\0\0\0\0\0\0"..., 4096) = 4096
lseek(4, 0, SEEK_SET)                   = 0
write(4, "\1\2\3SCRUBBED!\0\0\0\0\0\0\0\0\0\0\0\0\0\0\0\0\0\0\0\0"..., 4096) = 4096
close(4)                                = 0
munmap(0x7ff223e8c000, 20975616)        = 0
exit_group(0)                           = ?
+++ exited with 0 +++
