Data,,,,,,
execve,/usr/bin/scrub," ""lecture6.pdf"""," ""-p"""," ""gutmann""]", 0x7ffd48fd7138 /* 50 vars */) = 0,
brk,NULL)                               = 0x558caf2e3000,,,,,
arch_prctl,0x3001 /* ARCH_??? */,,,,,
access,/etc/ld.so.preload,,,,,
openat,AT_FDCWD, O_RDONLY|O_CLOEXEC) = 3,,,,
fstat,3, st_size=69600, ...}) = 0,,,
mmap,NULL, PROT_READ, MAP_PRIVATE,3, 0) = 0x7f1162ad2000,
close,3)                                = 0,,,,,
openat,AT_FDCWD, O_RDONLY|O_CLOEXEC) = 3,,,,
read,3, 832) = 832,,,,
pread64,3,68, 824) = 68,,,
fstat,3, st_size=157224, ...}) = 0,,,
mmap,NULL, PROT_READ|PROT_WRITE, MAP_PRIVATE|MAP_ANONYMOUS,-1, 0) = 0x7f1162ad0000,
pread64,3,68, 824) = 68,,,
mmap,NULL, PROT_READ, MAP_PRIVATE|MAP_DENYWRITE,3, 0) = 0x7f1162aad000,
mmap,0x7f1162ab3000, PROT_READ|PROT_EXEC, MAP_PRIVATE|MAP_FIXED|MAP_DENYWRITE,3, 0x6000) = 0x7f1162ab3000,
mmap,0x7f1162ac4000, PROT_READ, MAP_PRIVATE|MAP_FIXED|MAP_DENYWRITE,3, 0x17000) = 0x7f1162ac4000,
mmap,0x7f1162aca000, PROT_READ|PROT_WRITE, MAP_PRIVATE|MAP_FIXED|MAP_DENYWRITE,3, 0x1c000) = 0x7f1162aca000,
mmap,0x7f1162acc000, PROT_READ|PROT_WRITE, MAP_PRIVATE|MAP_FIXED|MAP_ANONYMOUS,-1, 0) = 0x7f1162acc000,
close,3)                                = 0,,,,,
openat,AT_FDCWD, O_RDONLY|O_CLOEXEC) = 3,,,,
read,3, 832) = 832,,,,
pread64,3,784, 64) = 784,,,
pread64,3,32, 848) = 32,,,
pread64,3,68, 880) = 68,,,
fstat,3, st_size=2029592, ...}) = 0,,,
pread64,3,784, 64) = 784,,,
pread64,3,32, 848) = 32,,,
pread64,3,68, 880) = 68,,,
mmap,NULL, PROT_READ, MAP_PRIVATE|MAP_DENYWRITE,3, 0) = 0x7f11628bb000,
mmap,0x7f11628dd000, PROT_READ|PROT_EXEC, MAP_PRIVATE|MAP_FIXED|MAP_DENYWRITE,3, 0x22000) = 0x7f11628dd000,
mmap,0x7f1162a55000, PROT_READ, MAP_PRIVATE|MAP_FIXED|MAP_DENYWRITE,3, 0x19a000) = 0x7f1162a55000,
mmap,0x7f1162aa3000, PROT_READ|PROT_WRITE, MAP_PRIVATE|MAP_FIXED|MAP_DENYWRITE,3, 0x1e7000) = 0x7f1162aa3000,
mmap,0x7f1162aa9000, PROT_READ|PROT_WRITE, MAP_PRIVATE|MAP_FIXED|MAP_ANONYMOUS,-1, 0) = 0x7f1162aa9000,
close,3)                                = 0,,,,,
mmap,NULL, PROT_READ|PROT_WRITE, MAP_PRIVATE|MAP_ANONYMOUS,-1, 0) = 0x7f11628b8000,
arch_prctl,ARCH_SET_FS,,,,,
mprotect,0x7f1162aa3000, PROT_READ) = 0,,,,
mprotect,0x7f1162aca000, PROT_READ) = 0,,,,
mprotect,0x558cadee6000, PROT_READ) = 0,,,,
mprotect,0x7f1162b10000, PROT_READ) = 0,,,,
munmap,0x7f1162ad2000,,,,,
set_tid_address,0x7f11628b8a10)         = 2915,,,,,
set_robust_list,0x7f11628b8a20,,,,,
rt_sigaction,SIGRTMIN, sa_mask=[], sa_flags=SA_RESTORER|SA_SIGINFO, sa_restorer=0x7f1162ac1420}, NULL, 8) = 0
rt_sigaction,SIGRT_1, sa_mask=[], sa_flags=SA_RESTORER|SA_RESTART|SA_SIGINFO, sa_restorer=0x7f1162ac1420}, NULL, 8) = 0
rt_sigprocmask,SIG_UNBLOCK, NULL, 8) = 0,,,
prlimit64,0, NULL, {rlim_cur=8192*1024, rlim_max=RLIM64_INFINITY}) = 0,,
fstat,1, st_rdev=makedev(0x88, 0), ...}) = 0,,
brk,NULL)                               = 0x558caf2e3000,,,,,
brk,0x558caf304000)                     = 0x558caf304000,,,,,
write,1, 30) = 30,,,,
lstat,lecture6.pdf, st_size=6669435, ...}) = 0,,,
stat,lecture6.pdf, st_size=6669435, ...}) = 0,,,
access,lecture6.pdf,,,,,
stat,lecture6.pdf, st_size=6669435, ...}) = 0,,,
openat,AT_FDCWD, O_RDONLY) = 3,,,,
read,3, 4096) = 4096,,,,
close,3)                                = 0,,,,,
lstat,lecture6.pdf, st_size=6669435, ...}) = 0,,,
stat,lecture6.pdf, st_size=6669435, ...}) = 0,,,
stat,lecture6.pdf, st_size=6669435, ...}) = 0,,,
write,1, 66) = 66,,,,
mmap,NULL, PROT_READ|PROT_WRITE, MAP_PRIVATE|MAP_ANONYMOUS,-1, 0) = 0x7f11614b7000,
write,1, 54) = 54,,,,
openat,AT_FDCWD, O_RDONLY) = 3,,,,
read,3, 16) = 16,,,,
read,3, 16) = 16,,,,
ioctl,1, {B38400 opost isig icanon echo ...}) = 0,,,,
write,1, 114) = 114,,,,
read,3, 16) = 16,,,,
read,3, 16) = 16,,,,
lstat,lecture6.pdf, st_size=6669435, ...}) = 0,,,
stat,lecture6.pdf, st_size=6669435, ...}) = 0,,,
openat,AT_FDCWD, O_WRONLY|O_DIRECT) = 4,,,,
mmap,NULL, PROT_READ|PROT_WRITE, MAP_PRIVATE|MAP_ANONYMOUS,-1, 0) = 0x7f11610b6000,
mmap,NULL, PROT_NONE, MAP_PRIVATE|MAP_ANONYMOUS|MAP_STACK,-1, 0) = 0x7f11608b5000,
mprotect,0x7f11608b6000, PROT_READ|PROT_WRITE) = 0,,,,
clone,child_stack=0x7f11610b4fb0, parent_tid=[2916], tls=0x7f11610b5700, child_tidptr=0x7f11610b59d0) = 2916,,
futex,0x7f11610b59d0,2916, NULL) = 0,,,
clone,child_stack=0x7f11610b4fb0, parent_tid=[2917], tls=0x7f11610b5700, child_tidptr=0x7f11610b59d0) = 2917,,
write,4,"~\250""...", 4194304) = 4194304,,,
write,1, 1)                        = 1,,,,
write,1, 1)                        = 1,,,,
write,1, 1)                        = 1,,,,
write,1, 1)                        = 1,,,,
write,1, 1)                        = 1,,,,
write,1, 1)                        = 1,,,,
write,1, 1)                        = 1,,,,
write,1, 1)                        = 1,,,,
write,1, 1)                        = 1,,,,
write,1, 1)                        = 1,,,,
write,1, 1)                        = 1,,,,
write,1, 1)                        = 1,,,,
write,1, 1)                        = 1,,,,
write,1, 1)                        = 1,,,,
write,1, 1)                        = 1,,,,
write,1, 1)                        = 1,,,,
write,1, 1)                        = 1,,,,
write,1, 1)                        = 1,,,,
write,1, 1)                        = 1,,,,
write,1, 1)                        = 1,,,,
write,1, 1)                        = 1,,,,
write,1, 1)                        = 1,,,,
write,1, 1)                        = 1,,,,
write,1, 1)                        = 1,,,,
write,1, 1)                        = 1,,,,
write,1, 1)                        = 1,,,,
write,1, 1)                        = 1,,,,
write,1, 1)                        = 1,,,,
write,1, 1)                        = 1,,,,
write,1, 1)                        = 1,,,,
write,1, 1)                        = 1,,,,
futex,0x7f11610b59d0,2917, NULL) = 0,,,
write,4, 2478080) = 2478080,,,,
write,1, 1)                        = 1,,,,
write,1, 1)                        = 1,,,,
write,1, 1)                        = 1,,,,
write,1, 1)                        = 1,,,,
write,1, 1)                        = 1,,,,
write,1, 1)                        = 1,,,,
write,1, 1)                        = 1,,,,
write,1, 1)                        = 1,,,,
write,1, 1)                        = 1,,,,
write,1, 1)                        = 1,,,,
write,1, 1)                        = 1,,,,
write,1, 1)                        = 1,,,,
write,1, 1)                        = 1,,,,
write,1, 1)                        = 1,,,,
write,1, 1)                        = 1,,,,
write,1, 1)                        = 1,,,,
write,1, 1)                        = 1,,,,
fsync,4)                                = 0,,,,,
fadvise64,4,6672384, POSIX_FADV_DONTNEED) = 0,,,
close,4)                                = 0,,,,,
munmap,0x7f11610b6000,,,,,
write,1, 1)                       = 1,,,,
ioctl,1, {B38400 opost isig icanon echo ...}) = 0,,,,
write,1, 114) = 114,,,,
read,3, 16) = 16,,,,
read,3, 16) = 16,,,,
lstat,lecture6.pdf, st_size=6672384, ...}) = 0,,,
stat,lecture6.pdf, st_size=6672384, ...}) = 0,,,
openat,AT_FDCWD, O_WRONLY|O_DIRECT) = 4,,,,
brk,0x558caf704000)                     = 0x558caf704000,,,,,
clone,child_stack=0x7f11610b4fb0, parent_tid=[2918], tls=0x7f11610b5700, child_tidptr=0x7f11610b59d0) = 2918,,
futex,0x7f11610b59d0,2918, NULL) = 0,,,
clone,child_stack=0x7f11610b4fb0, parent_tid=[2919], tls=0x7f11610b5700, child_tidptr=0x7f11610b59d0) = 2919,,
write,4,"=\230""...", 4194304) = 4194304,,,
write,1, 1)                        = 1,,,,
write,1, 1)                        = 1,,,,
write,1, 1)                        = 1,,,,
write,1, 1)                        = 1,,,,
write,1, 1)                        = 1,,,,
write,1, 1)                        = 1,,,,
write,1, 1)                        = 1,,,,
write,1, 1)                        = 1,,,,
write,1, 1)                        = 1,,,,
write,1, 1)                        = 1,,,,
write,1, 1)                        = 1,,,,
write,1, 1)                        = 1,,,,
write,1, 1)                        = 1,,,,
write,1, 1)                        = 1,,,,
write,1, 1)                        = 1,,,,
write,1, 1)                        = 1,,,,
write,1, 1)                        = 1,,,,
write,1, 1)                        = 1,,,,
write,1, 1)                        = 1,,,,
write,1, 1)                        = 1,,,,
write,1, 1)                        = 1,,,,
write,1, 1)                        = 1,,,,
write,1, 1)                        = 1,,,,
write,1, 1)                        = 1,,,,
write,1, 1)                        = 1,,,,
write,1, 1)                        = 1,,,,
write,1, 1)                        = 1,,,,
write,1, 1)                        = 1,,,,
write,1, 1)                        = 1,,,,
write,1, 1)                        = 1,,,,
write,1, 1)                        = 1,,,,
write,4, 2478080) = 2478080,,,,
write,1, 1)                        = 1,,,,
write,1, 1)                        = 1,,,,
write,1, 1)                        = 1,,,,
write,1, 1)                        = 1,,,,
write,1, 1)                        = 1,,,,
write,1, 1)                        = 1,,,,
write,1, 1)                        = 1,,,,
write,1, 1)                        = 1,,,,
write,1, 1)                        = 1,,,,
write,1, 1)                        = 1,,,,
write,1, 1)                        = 1,,,,
write,1, 1)                        = 1,,,,
write,1, 1)                        = 1,,,,
write,1, 1)                        = 1,,,,
write,1, 1)                        = 1,,,,
write,1, 1)                        = 1,,,,
write,1, 1)                        = 1,,,,
fsync,4)                                = 0,,,,,
fadvise64,4,6672384, POSIX_FADV_DONTNEED) = 0,,,
close,4)                                = 0,,,,,
write,1, 1)                       = 1,,,,
ioctl,1, {B38400 opost isig icanon echo ...}) = 0,,,,
write,1, 114) = 114,,,,
read,3,"R\305\325\323\222\17\334\307""", 16) = 16,,,
read,3, 16) = 16,,,,
lstat,lecture6.pdf, st_size=6672384, ...}) = 0,,,
stat,lecture6.pdf, st_size=6672384, ...}) = 0,,,
openat,AT_FDCWD, O_WRONLY|O_DIRECT) = 4,,,,
clone,child_stack=0x7f11610b4fb0, parent_tid=[2921], tls=0x7f11610b5700, child_tidptr=0x7f11610b59d0) = 2921,,
futex,0x7f11610b59d0,2921, NULL) = 0,,,
clone,child_stack=0x7f11610b4fb0, parent_tid=[2922], tls=0x7f11610b5700, child_tidptr=0x7f11610b59d0) = 2922,,
write,4, 4194304) = 4194304,,,,
write,1, 1)                        = 1,,,,
write,1, 1)                        = 1,,,,
write,1, 1)                        = 1,,,,
write,1, 1)                        = 1,,,,
write,1, 1)                        = 1,,,,
write,1, 1)                        = 1,,,,
write,1, 1)                        = 1,,,,
write,1, 1)                        = 1,,,,
write,1, 1)                        = 1,,,,
write,1, 1)                        = 1,,,,
write,1, 1)                        = 1,,,,
write,1, 1)                        = 1,,,,
write,1, 1)                        = 1,,,,
write,1, 1)                        = 1,,,,
write,1, 1)                        = 1,,,,
write,1, 1)                        = 1,,,,
write,1, 1)                        = 1,,,,
write,1, 1)                        = 1,,,,
write,1, 1)                        = 1,,,,
write,1, 1)                        = 1,,,,
write,1, 1)                        = 1,,,,
write,1, 1)                        = 1,,,,
write,1, 1)                        = 1,,,,
write,1, 1)                        = 1,,,,
write,1, 1)                        = 1,,,,
write,1, 1)                        = 1,,,,
write,1, 1)                        = 1,,,,
write,1, 1)                        = 1,,,,
write,1, 1)                        = 1,,,,
write,1, 1)                        = 1,,,,
write,1, 1)                        = 1,,,,
futex,0x7f11610b59d0,2922, NULL) = 0,,,
write,4, 2478080) = 2478080,,,,
write,1, 1)                        = 1,,,,
write,1, 1)                        = 1,,,,
write,1, 1)                        = 1,,,,
write,1, 1)                        = 1,,,,
write,1, 1)                        = 1,,,,
write,1, 1)                        = 1,,,,
write,1, 1)                        = 1,,,,
write,1, 1)                        = 1,,,,
write,1, 1)                        = 1,,,,
write,1, 1)                        = 1,,,,
write,1, 1)                        = 1,,,,
write,1, 1)                        = 1,,,,
write,1, 1)                        = 1,,,,
write,1, 1)                        = 1,,,,
write,1, 1)                        = 1,,,,
write,1, 1)                        = 1,,,,
write,1, 1)                        = 1,,,,
fsync,4)                                = 0,,,,,
fadvise64,4,6672384, POSIX_FADV_DONTNEED) = 0,,,
close,4)                                = 0,,,,,
write,1, 1)                       = 1,,,,
ioctl,1, {B38400 opost isig icanon echo ...}) = 0,,,,
write,1, 114) = 114,,,,
read,3, 16) = 16,,,,
read,3, 16) = 16,,,,
lstat,lecture6.pdf, st_size=6672384, ...}) = 0,,,
stat,lecture6.pdf, st_size=6672384, ...}) = 0,,,
openat,AT_FDCWD, O_WRONLY|O_DIRECT) = 4,,,,
clone,child_stack=0x7f11610b4fb0, parent_tid=[2923], tls=0x7f11610b5700, child_tidptr=0x7f11610b59d0) = 2923,,
futex,0x7f11610b59d0,2923, NULL) = 0,,,
clone,child_stack=0x7f11610b4fb0, parent_tid=[2924], tls=0x7f11610b5700, child_tidptr=0x7f11610b59d0) = 2924,,
write,4,"\220\323\342\237\2147s\256p\324\3`E\212\t\23r""...", 4194304) = 4194304,,,
write,1, 1)                        = 1,,,,
write,1, 1)                        = 1,,,,
write,1, 1)                        = 1,,,,
write,1, 1)                        = 1,,,,
write,1, 1)                        = 1,,,,
write,1, 1)                        = 1,,,,
write,1, 1)                        = 1,,,,
write,1, 1)                        = 1,,,,
write,1, 1)                        = 1,,,,
write,1, 1)                        = 1,,,,
write,1, 1)                        = 1,,,,
write,1, 1)                        = 1,,,,
write,1, 1)                        = 1,,,,
write,1, 1)                        = 1,,,,
write,1, 1)                        = 1,,,,
write,1, 1)                        = 1,,,,
write,1, 1)                        = 1,,,,
write,1, 1)                        = 1,,,,
write,1, 1)                        = 1,,,,
write,1, 1)                        = 1,,,,
write,1, 1)                        = 1,,,,
write,1, 1)                        = 1,,,,
write,1, 1)                        = 1,,,,
write,1, 1)                        = 1,,,,
write,1, 1)                        = 1,,,,
write,1, 1)                        = 1,,,,
write,1, 1)                        = 1,,,,
write,1, 1)                        = 1,,,,
write,1, 1)                        = 1,,,,
write,1, 1)                        = 1,,,,
write,1, 1)                        = 1,,,,
futex,0x7f11610b59d0,2924, NULL) = 0,,,
write,4, 2478080) = 2478080,,,,
write,1, 1)                        = 1,,,,
write,1, 1)                        = 1,,,,
write,1, 1)                        = 1,,,,
write,1, 1)                        = 1,,,,
write,1, 1)                        = 1,,,,
write,1, 1)                        = 1,,,,
write,1, 1)                        = 1,,,,
write,1, 1)                        = 1,,,,
write,1, 1)                        = 1,,,,
write,1, 1)                        = 1,,,,
write,1, 1)                        = 1,,,,
write,1, 1)                        = 1,,,,
write,1, 1)                        = 1,,,,
write,1, 1)                        = 1,,,,
write,1, 1)                        = 1,,,,
write,1, 1)                        = 1,,,,
write,1, 1)                        = 1,,,,
fsync,4)                                = 0,,,,,
fadvise64,4,6672384, POSIX_FADV_DONTNEED) = 0,,,
close,4)                                = 0,,,,,
write,1, 1)                       = 1,,,,
ioctl,1, {B38400 opost isig icanon echo ...}) = 0,,,,
write,1, 114) = 114,,,,
lstat,lecture6.pdf, st_size=6672384, ...}) = 0,,,
stat,lecture6.pdf, st_size=6672384, ...}) = 0,,,
openat,AT_FDCWD, O_WRONLY|O_DIRECT) = 4,,,,
write,4, 4194304) = 4194304,,,,
write,1, 1)                        = 1,,,,
write,1, 1)                        = 1,,,,
write,1, 1)                        = 1,,,,
write,1, 1)                        = 1,,,,
write,1, 1)                        = 1,,,,
write,1, 1)                        = 1,,,,
write,1, 1)                        = 1,,,,
write,1, 1)                        = 1,,,,
write,1, 1)                        = 1,,,,
write,1, 1)                        = 1,,,,
write,1, 1)                        = 1,,,,
write,1, 1)                        = 1,,,,
write,1, 1)                        = 1,,,,
write,1, 1)                        = 1,,,,
write,1, 1)                        = 1,,,,
write,1, 1)                        = 1,,,,
write,1, 1)                        = 1,,,,
write,1, 1)                        = 1,,,,
write,1, 1)                        = 1,,,,
write,1, 1)                        = 1,,,,
write,1, 1)                        = 1,,,,
write,1, 1)                        = 1,,,,
write,1, 1)                        = 1,,,,
write,1, 1)                        = 1,,,,
write,1, 1)                        = 1,,,,
write,1, 1)                        = 1,,,,
write,1, 1)                        = 1,,,,
write,1, 1)                        = 1,,,,
write,1, 1)                        = 1,,,,
write,1, 1)                        = 1,,,,
write,1, 1)                        = 1,,,,
write,4, 2478080) = 2478080,,,,
write,1, 1)                        = 1,,,,
write,1, 1)                        = 1,,,,
write,1, 1)                        = 1,,,,
write,1, 1)                        = 1,,,,
write,1, 1)                        = 1,,,,
write,1, 1)                        = 1,,,,
write,1, 1)                        = 1,,,,
write,1, 1)                        = 1,,,,
write,1, 1)                        = 1,,,,
write,1, 1)                        = 1,,,,
write,1, 1)                        = 1,,,,
write,1, 1)                        = 1,,,,
write,1, 1)                        = 1,,,,
write,1, 1)                        = 1,,,,
write,1, 1)                        = 1,,,,
write,1, 1)                        = 1,,,,
write,1, 1)                        = 1,,,,
fsync,4)                                = 0,,,,,
fadvise64,4,6672384, POSIX_FADV_DONTNEED) = 0,,,
close,4)                                = 0,,,,,
write,1, 1)                       = 1,,,,
ioctl,1, {B38400 opost isig icanon echo ...}) = 0,,,,
write,1, 114) = 114,,,,
lstat,lecture6.pdf, st_size=6672384, ...}) = 0,,,
stat,lecture6.pdf, st_size=6672384, ...}) = 0,,,
openat,AT_FDCWD, O_WRONLY|O_DIRECT) = 4,,,,
write,4, 4194304) = 4194304,,,,
write,1, 1)                        = 1,,,,
write,1, 1)                        = 1,,,,
write,1, 1)                        = 1,,,,
write,1, 1)                        = 1,,,,
write,1, 1)                        = 1,,,,
write,1, 1)                        = 1,,,,
write,1, 1)                        = 1,,,,
write,1, 1)                        = 1,,,,
write,1, 1)                        = 1,,,,
write,1, 1)                        = 1,,,,
write,1, 1)                        = 1,,,,
write,1, 1)                        = 1,,,,
write,1, 1)                        = 1,,,,
write,1, 1)                        = 1,,,,
write,1, 1)                        = 1,,,,
write,1, 1)                        = 1,,,,
write,1, 1)                        = 1,,,,
write,1, 1)                        = 1,,,,
write,1, 1)                        = 1,,,,
write,1, 1)                        = 1,,,,
write,1, 1)                        = 1,,,,
write,1, 1)                        = 1,,,,
write,1, 1)                        = 1,,,,
write,1, 1)                        = 1,,,,
write,1, 1)                        = 1,,,,
write,1, 1)                        = 1,,,,
write,1, 1)                        = 1,,,,
write,1, 1)                        = 1,,,,
write,1, 1)                        = 1,,,,
write,1, 1)                        = 1,,,,
write,1, 1)                        = 1,,,,
write,4, 2478080) = 2478080,,,,
write,1, 1)                        = 1,,,,
write,1, 1)                        = 1,,,,
write,1, 1)                        = 1,,,,
write,1, 1)                        = 1,,,,
write,1, 1)                        = 1,,,,
write,1, 1)                        = 1,,,,
write,1, 1)                        = 1,,,,
write,1, 1)                        = 1,,,,
write,1, 1)                        = 1,,,,
write,1, 1)                        = 1,,,,
write,1, 1)                        = 1,,,,
write,1, 1)                        = 1,,,,
write,1, 1)                        = 1,,,,
write,1, 1)                        = 1,,,,
write,1, 1)                        = 1,,,,
write,1, 1)                        = 1,,,,
write,1, 1)                        = 1,,,,
fsync,4)                                = 0,,,,,
fadvise64,4,6672384, POSIX_FADV_DONTNEED) = 0,,,
close,4)                                = 0,,,,,
write,1, 1)                       = 1,,,,
ioctl,1, {B38400 opost isig icanon echo ...}) = 0,,,,
write,1, 114) = 114,,,,
lstat,lecture6.pdf, st_size=6672384, ...}) = 0,,,
stat,lecture6.pdf, st_size=6672384, ...}) = 0,,,
openat,AT_FDCWD, O_WRONLY|O_DIRECT) = 4,,,,
write,4, 4194304) = 4194304,,,,
write,1, 1)                        = 1,,,,
write,1, 1)                        = 1,,,,
write,1, 1)                        = 1,,,,
write,1, 1)                        = 1,,,,
write,1, 1)                        = 1,,,,
write,1, 1)                        = 1,,,,
write,1, 1)                        = 1,,,,
write,1, 1)                        = 1,,,,
write,1, 1)                        = 1,,,,
write,1, 1)                        = 1,,,,
write,1, 1)                        = 1,,,,
write,1, 1)                        = 1,,,,
write,1, 1)                        = 1,,,,
write,1, 1)                        = 1,,,,
write,1, 1)                        = 1,,,,
write,1, 1)                        = 1,,,,
write,1, 1)                        = 1,,,,
write,1, 1)                        = 1,,,,
write,1, 1)                        = 1,,,,
write,1, 1)                        = 1,,,,
write,1, 1)                        = 1,,,,
write,1, 1)                        = 1,,,,
write,1, 1)                        = 1,,,,
write,1, 1)                        = 1,,,,
write,1, 1)                        = 1,,,,
write,1, 1)                        = 1,,,,
write,1, 1)                        = 1,,,,
write,1, 1)                        = 1,,,,
write,1, 1)                        = 1,,,,
write,1, 1)                        = 1,,,,
write,1, 1)                        = 1,,,,
write,4, 2478080) = 2478080,,,,
write,1, 1)                        = 1,,,,
write,1, 1)                        = 1,,,,
write,1, 1)                        = 1,,,,
write,1, 1)                        = 1,,,,
write,1, 1)                        = 1,,,,
write,1, 1)                        = 1,,,,
write,1, 1)                        = 1,,,,
write,1, 1)                        = 1,,,,
write,1, 1)                        = 1,,,,
write,1, 1)                        = 1,,,,
write,1, 1)                        = 1,,,,
write,1, 1)                        = 1,,,,
write,1, 1)                        = 1,,,,
write,1, 1)                        = 1,,,,
write,1, 1)                        = 1,,,,
write,1, 1)                        = 1,,,,
write,1, 1)                        = 1,,,,
fsync,4)                                = 0,,,,,
fadvise64,4,6672384, POSIX_FADV_DONTNEED) = 0,,,
close,4)                                = 0,,,,,
write,1, 1)                       = 1,,,,
ioctl,1, {B38400 opost isig icanon echo ...}) = 0,,,,
write,1, 114) = 114,,,,
lstat,lecture6.pdf, st_size=6672384, ...}) = 0,,,
stat,lecture6.pdf, st_size=6672384, ...}) = 0,,,
openat,AT_FDCWD, O_WRONLY|O_DIRECT) = 4,,,,
write,4, 4194304) = 4194304,,,,
write,1, 1)                        = 1,,,,
write,1, 1)                        = 1,,,,
write,1, 1)                        = 1,,,,
write,1, 1)                        = 1,,,,
write,1, 1)                        = 1,,,,
write,1, 1)                        = 1,,,,
write,1, 1)                        = 1,,,,
write,1, 1)                        = 1,,,,
write,1, 1)                        = 1,,,,
write,1, 1)                        = 1,,,,
write,1, 1)                        = 1,,,,
write,1, 1)                        = 1,,,,
write,1, 1)                        = 1,,,,
write,1, 1)                        = 1,,,,
write,1, 1)                        = 1,,,,
write,1, 1)                        = 1,,,,
write,1, 1)                        = 1,,,,
write,1, 1)                        = 1,,,,
write,1, 1)                        = 1,,,,
write,1, 1)                        = 1,,,,
write,1, 1)                        = 1,,,,
write,1, 1)                        = 1,,,,
write,1, 1)                        = 1,,,,
write,1, 1)                        = 1,,,,
write,1, 1)                        = 1,,,,
write,1, 1)                        = 1,,,,
write,1, 1)                        = 1,,,,
write,1, 1)                        = 1,,,,
write,1, 1)                        = 1,,,,
write,1, 1)                        = 1,,,,
write,1, 1)                        = 1,,,,
write,4, 2478080) = 2478080,,,,
write,1, 1)                        = 1,,,,
write,1, 1)                        = 1,,,,
write,1, 1)                        = 1,,,,
write,1, 1)                        = 1,,,,
write,1, 1)                        = 1,,,,
write,1, 1)                        = 1,,,,
write,1, 1)                        = 1,,,,
write,1, 1)                        = 1,,,,
write,1, 1)                        = 1,,,,
write,1, 1)                        = 1,,,,
write,1, 1)                        = 1,,,,
write,1, 1)                        = 1,,,,
write,1, 1)                        = 1,,,,
write,1, 1)                        = 1,,,,
write,1, 1)                        = 1,,,,
write,1, 1)                        = 1,,,,
write,1, 1)                        = 1,,,,
fsync,4)                                = 0,,,,,
fadvise64,4,6672384, POSIX_FADV_DONTNEED) = 0,,,
close,4)                                = 0,,,,,
write,1, 1)                       = 1,,,,
ioctl,1, {B38400 opost isig icanon echo ...}) = 0,,,,
write,1, 114) = 114,,,,
lstat,lecture6.pdf, st_size=6672384, ...}) = 0,,,
stat,lecture6.pdf, st_size=6672384, ...}) = 0,,,
openat,AT_FDCWD, O_WRONLY|O_DIRECT) = 4,,,,
write,4, 4194304) = 4194304,,,,
write,1, 1)                        = 1,,,,
write,1, 1)                        = 1,,,,
write,1, 1)                        = 1,,,,
write,1, 1)                        = 1,,,,
write,1, 1)                        = 1,,,,
write,1, 1)                        = 1,,,,
write,1, 1)                        = 1,,,,
write,1, 1)                        = 1,,,,
write,1, 1)                        = 1,,,,
write,1, 1)                        = 1,,,,
write,1, 1)                        = 1,,,,
write,1, 1)                        = 1,,,,
write,1, 1)                        = 1,,,,
write,1, 1)                        = 1,,,,
write,1, 1)                        = 1,,,,
write,1, 1)                        = 1,,,,
write,1, 1)                        = 1,,,,
write,1, 1)                        = 1,,,,
write,1, 1)                        = 1,,,,
write,1, 1)                        = 1,,,,
write,1, 1)                        = 1,,,,
write,1, 1)                        = 1,,,,
write,1, 1)                        = 1,,,,
write,1, 1)                        = 1,,,,
write,1, 1)                        = 1,,,,
write,1, 1)                        = 1,,,,
write,1, 1)                        = 1,,,,
write,1, 1)                        = 1,,,,
write,1, 1)                        = 1,,,,
write,1, 1)                        = 1,,,,
write,1, 1)                        = 1,,,,
write,4, 2478080) = 2478080,,,,
write,1, 1)                        = 1,,,,
write,1, 1)                        = 1,,,,
write,1, 1)                        = 1,,,,
write,1, 1)                        = 1,,,,
write,1, 1)                        = 1,,,,
write,1, 1)                        = 1,,,,
write,1, 1)                        = 1,,,,
write,1, 1)                        = 1,,,,
write,1, 1)                        = 1,,,,
write,1, 1)                        = 1,,,,
write,1, 1)                        = 1,,,,
write,1, 1)                        = 1,,,,
write,1, 1)                        = 1,,,,
write,1, 1)                        = 1,,,,
write,1, 1)                        = 1,,,,
write,1, 1)                        = 1,,,,
write,1, 1)                        = 1,,,,
fsync,4)                                = 0,,,,,
fadvise64,4,6672384, POSIX_FADV_DONTNEED) = 0,,,
close,4)                                = 0,,,,,
write,1, 1)                       = 1,,,,
ioctl,1, {B38400 opost isig icanon echo ...}) = 0,,,,
write,1, 114) = 114,,,,
lstat,lecture6.pdf, st_size=6672384, ...}) = 0,,,
stat,lecture6.pdf, st_size=6672384, ...}) = 0,,,
openat,AT_FDCWD, O_WRONLY|O_DIRECT) = 4,,,,
write,4, 4194304) = 4194304,,,,
write,1, 1)                        = 1,,,,
write,1, 1)                        = 1,,,,
write,1, 1)                        = 1,,,,
write,1, 1)                        = 1,,,,
write,1, 1)                        = 1,,,,
write,1, 1)                        = 1,,,,
write,1, 1)                        = 1,,,,
write,1, 1)                        = 1,,,,
write,1, 1)                        = 1,,,,
write,1, 1)                        = 1,,,,
write,1, 1)                        = 1,,,,
write,1, 1)                        = 1,,,,
write,1, 1)                        = 1,,,,
write,1, 1)                        = 1,,,,
write,1, 1)                        = 1,,,,
write,1, 1)                        = 1,,,,
write,1, 1)                        = 1,,,,
write,1, 1)                        = 1,,,,
write,1, 1)                        = 1,,,,
write,1, 1)                        = 1,,,,
write,1, 1)                        = 1,,,,
write,1, 1)                        = 1,,,,
write,1, 1)                        = 1,,,,
write,1, 1)                        = 1,,,,
write,1, 1)                        = 1,,,,
write,1, 1)                        = 1,,,,
write,1, 1)                        = 1,,,,
write,1, 1)                        = 1,,,,
write,1, 1)                        = 1,,,,
write,1, 1)                        = 1,,,,
write,1, 1)                        = 1,,,,
write,4, 2478080) = 2478080,,,,
write,1, 1)                        = 1,,,,
write,1, 1)                        = 1,,,,
write,1, 1)                        = 1,,,,
write,1, 1)                        = 1,,,,
write,1, 1)                        = 1,,,,
write,1, 1)                        = 1,,,,
write,1, 1)                        = 1,,,,
write,1, 1)                        = 1,,,,
write,1, 1)                        = 1,,,,
write,1, 1)                        = 1,,,,
write,1, 1)                        = 1,,,,
write,1, 1)                        = 1,,,,
write,1, 1)                        = 1,,,,
write,1, 1)                        = 1,,,,
write,1, 1)                        = 1,,,,
write,1, 1)                        = 1,,,,
write,1, 1)                        = 1,,,,
fsync,4)                                = 0,,,,,
fadvise64,4,6672384, POSIX_FADV_DONTNEED) = 0,,,
close,4)                                = 0,,,,,
write,1, 1)                       = 1,,,,
ioctl,1, {B38400 opost isig icanon echo ...}) = 0,,,,
write,1, 114) = 114,,,,
lstat,lecture6.pdf, st_size=6672384, ...}) = 0,,,
stat,lecture6.pdf, st_size=6672384, ...}) = 0,,,
openat,AT_FDCWD, O_WRONLY|O_DIRECT) = 4,,,,
write,4, 4194304) = 4194304,,,,
write,1, 1)                        = 1,,,,
write,1, 1)                        = 1,,,,
write,1, 1)                        = 1,,,,
write,1, 1)                        = 1,,,,
write,1, 1)                        = 1,,,,
write,1, 1)                        = 1,,,,
write,1, 1)                        = 1,,,,
write,1, 1)                        = 1,,,,
write,1, 1)                        = 1,,,,
write,1, 1)                        = 1,,,,
write,1, 1)                        = 1,,,,
write,1, 1)                        = 1,,,,
write,1, 1)                        = 1,,,,
write,1, 1)                        = 1,,,,
write,1, 1)                        = 1,,,,
write,1, 1)                        = 1,,,,
write,1, 1)                        = 1,,,,
write,1, 1)                        = 1,,,,
write,1, 1)                        = 1,,,,
write,1, 1)                        = 1,,,,
write,1, 1)                        = 1,,,,
write,1, 1)                        = 1,,,,
write,1, 1)                        = 1,,,,
write,1, 1)                        = 1,,,,
write,1, 1)                        = 1,,,,
write,1, 1)                        = 1,,,,
write,1, 1)                        = 1,,,,
write,1, 1)                        = 1,,,,
write,1, 1)                        = 1,,,,
write,1, 1)                        = 1,,,,
write,1, 1)                        = 1,,,,
write,4, 2478080) = 2478080,,,,
write,1, 1)                        = 1,,,,
write,1, 1)                        = 1,,,,
write,1, 1)                        = 1,,,,
write,1, 1)                        = 1,,,,
write,1, 1)                        = 1,,,,
write,1, 1)                        = 1,,,,
write,1, 1)                        = 1,,,,
write,1, 1)                        = 1,,,,
write,1, 1)                        = 1,,,,
write,1, 1)                        = 1,,,,
write,1, 1)                        = 1,,,,
write,1, 1)                        = 1,,,,
write,1, 1)                        = 1,,,,
write,1, 1)                        = 1,,,,
write,1, 1)                        = 1,,,,
write,1, 1)                        = 1,,,,
write,1, 1)                        = 1,,,,
fsync,4)                                = 0,,,,,
fadvise64,4,6672384, POSIX_FADV_DONTNEED) = 0,,,
close,4)                                = 0,,,,,
write,1, 1)                       = 1,,,,
ioctl,1, {B38400 opost isig icanon echo ...}) = 0,,,,
write,1, 114) = 114,,,,
lstat,lecture6.pdf, st_size=6672384, ...}) = 0,,,
stat,lecture6.pdf, st_size=6672384, ...}) = 0,,,
openat,AT_FDCWD, O_WRONLY|O_DIRECT) = 4,,,,
write,4, 4194304) = 4194304,,,,
write,1, 1)                        = 1,,,,
write,1, 1)                        = 1,,,,
write,1, 1)                        = 1,,,,
write,1, 1)                        = 1,,,,
write,1, 1)                        = 1,,,,
write,1, 1)                        = 1,,,,
write,1, 1)                        = 1,,,,
write,1, 1)                        = 1,,,,
write,1, 1)                        = 1,,,,
write,1, 1)                        = 1,,,,
write,1, 1)                        = 1,,,,
write,1, 1)                        = 1,,,,
write,1, 1)                        = 1,,,,
write,1, 1)                        = 1,,,,
write,1, 1)                        = 1,,,,
write,1, 1)                        = 1,,,,
write,1, 1)                        = 1,,,,
write,1, 1)                        = 1,,,,
write,1, 1)                        = 1,,,,
write,1, 1)                        = 1,,,,
write,1, 1)                        = 1,,,,
write,1, 1)                        = 1,,,,
write,1, 1)                        = 1,,,,
write,1, 1)                        = 1,,,,
write,1, 1)                        = 1,,,,
write,1, 1)                        = 1,,,,
write,1, 1)                        = 1,,,,
write,1, 1)                        = 1,,,,
write,1, 1)                        = 1,,,,
write,1, 1)                        = 1,,,,
write,1, 1)                        = 1,,,,
write,4, 2478080) = 2478080,,,,
write,1, 1)                        = 1,,,,
write,1, 1)                        = 1,,,,
write,1, 1)                        = 1,,,,
write,1, 1)                        = 1,,,,
write,1, 1)                        = 1,,,,
write,1, 1)                        = 1,,,,
write,1, 1)                        = 1,,,,
write,1, 1)                        = 1,,,,
write,1, 1)                        = 1,,,,
write,1, 1)                        = 1,,,,
write,1, 1)                        = 1,,,,
write,1, 1)                        = 1,,,,
write,1, 1)                        = 1,,,,
write,1, 1)                        = 1,,,,
write,1, 1)                        = 1,,,,
write,1, 1)                        = 1,,,,
write,1, 1)                        = 1,,,,
fsync,4)                                = 0,,,,,
fadvise64,4,6672384, POSIX_FADV_DONTNEED) = 0,,,
close,4)                                = 0,,,,,
write,1, 1)                       = 1,,,,
ioctl,1, {B38400 opost isig icanon echo ...}) = 0,,,,
write,1, 114) = 114,,,,
lstat,lecture6.pdf, st_size=6672384, ...}) = 0,,,
stat,lecture6.pdf, st_size=6672384, ...}) = 0,,,
openat,AT_FDCWD, O_WRONLY|O_DIRECT) = 4,,,,
write,4, 4194304) = 4194304,,,,
write,1, 1)                        = 1,,,,
write,1, 1)                        = 1,,,,
write,1, 1)                        = 1,,,,
write,1, 1)                        = 1,,,,
write,1, 1)                        = 1,,,,
write,1, 1)                        = 1,,,,
write,1, 1)                        = 1,,,,
write,1, 1)                        = 1,,,,
write,1, 1)                        = 1,,,,
write,1, 1)                        = 1,,,,
write,1, 1)                        = 1,,,,
write,1, 1)                        = 1,,,,
write,1, 1)                        = 1,,,,
write,1, 1)                        = 1,,,,
write,1, 1)                        = 1,,,,
write,1, 1)                        = 1,,,,
write,1, 1)                        = 1,,,,
write,1, 1)                        = 1,,,,
write,1, 1)                        = 1,,,,
write,1, 1)                        = 1,,,,
write,1, 1)                        = 1,,,,
write,1, 1)                        = 1,,,,
write,1, 1)                        = 1,,,,
write,1, 1)                        = 1,,,,
write,1, 1)                        = 1,,,,
write,1, 1)                        = 1,,,,
write,1, 1)                        = 1,,,,
write,1, 1)                        = 1,,,,
write,1, 1)                        = 1,,,,
write,1, 1)                        = 1,,,,
write,1, 1)                        = 1,,,,
write,4, 2478080) = 2478080,,,,
write,1, 1)                        = 1,,,,
write,1, 1)                        = 1,,,,
write,1, 1)                        = 1,,,,
write,1, 1)                        = 1,,,,
write,1, 1)                        = 1,,,,
write,1, 1)                        = 1,,,,
write,1, 1)                        = 1,,,,
write,1, 1)                        = 1,,,,
write,1, 1)                        = 1,,,,
write,1, 1)                        = 1,,,,
write,1, 1)                        = 1,,,,
write,1, 1)                        = 1,,,,
write,1, 1)                        = 1,,,,
write,1, 1)                        = 1,,,,
write,1, 1)                        = 1,,,,
write,1, 1)                        = 1,,,,
write,1, 1)                        = 1,,,,
fsync,4)                                = 0,,,,,
fadvise64,4,6672384, POSIX_FADV_DONTNEED) = 0,,,
close,4)                                = 0,,,,,
write,1, 1)                       = 1,,,,
ioctl,1, {B38400 opost isig icanon echo ...}) = 0,,,,
write,1, 114) = 114,,,,
lstat,lecture6.pdf, st_size=6672384, ...}) = 0,,,
stat,lecture6.pdf, st_size=6672384, ...}) = 0,,,
openat,AT_FDCWD, O_WRONLY|O_DIRECT) = 4,,,,
write,4, 4194304) = 4194304,,,,
write,1, 1)                        = 1,,,,
write,1, 1)                        = 1,,,,
write,1, 1)                        = 1,,,,
write,1, 1)                        = 1,,,,
write,1, 1)                        = 1,,,,
write,1, 1)                        = 1,,,,
write,1, 1)                        = 1,,,,
write,1, 1)                        = 1,,,,
write,1, 1)                        = 1,,,,
write,1, 1)                        = 1,,,,
write,1, 1)                        = 1,,,,
write,1, 1)                        = 1,,,,
write,1, 1)                        = 1,,,,
write,1, 1)                        = 1,,,,
write,1, 1)                        = 1,,,,
write,1, 1)                        = 1,,,,
write,1, 1)                        = 1,,,,
write,1, 1)                        = 1,,,,
write,1, 1)                        = 1,,,,
write,1, 1)                        = 1,,,,
write,1, 1)                        = 1,,,,
write,1, 1)                        = 1,,,,
write,1, 1)                        = 1,,,,
write,1, 1)                        = 1,,,,
write,1, 1)                        = 1,,,,
write,1, 1)                        = 1,,,,
write,1, 1)                        = 1,,,,
write,1, 1)                        = 1,,,,
write,1, 1)                        = 1,,,,
write,1, 1)                        = 1,,,,
write,1, 1)                        = 1,,,,
write,4, 2478080) = 2478080,,,,
write,1, 1)                        = 1,,,,
write,1, 1)                        = 1,,,,
write,1, 1)                        = 1,,,,
write,1, 1)                        = 1,,,,
write,1, 1)                        = 1,,,,
write,1, 1)                        = 1,,,,
write,1, 1)                        = 1,,,,
write,1, 1)                        = 1,,,,
write,1, 1)                        = 1,,,,
write,1, 1)                        = 1,,,,
write,1, 1)                        = 1,,,,
write,1, 1)                        = 1,,,,
write,1, 1)                        = 1,,,,
write,1, 1)                        = 1,,,,
write,1, 1)                        = 1,,,,
write,1, 1)                        = 1,,,,
write,1, 1)                        = 1,,,,
fsync,4)                                = 0,,,,,
fadvise64,4,6672384, POSIX_FADV_DONTNEED) = 0,,,
close,4)                                = 0,,,,,
write,1, 1)                       = 1,,,,
ioctl,1, {B38400 opost isig icanon echo ...}) = 0,,,,
write,1, 114) = 114,,,,
lstat,lecture6.pdf, st_size=6672384, ...}) = 0,,,
stat,lecture6.pdf, st_size=6672384, ...}) = 0,,,
openat,AT_FDCWD, O_WRONLY|O_DIRECT) = 4,,,,
write,4, 4194304) = 4194304,,,,
write,1, 1)                        = 1,,,,
write,1, 1)                        = 1,,,,
write,1, 1)                        = 1,,,,
write,1, 1)                        = 1,,,,
write,1, 1)                        = 1,,,,
write,1, 1)                        = 1,,,,
write,1, 1)                        = 1,,,,
write,1, 1)                        = 1,,,,
write,1, 1)                        = 1,,,,
write,1, 1)                        = 1,,,,
write,1, 1)                        = 1,,,,
write,1, 1)                        = 1,,,,
write,1, 1)                        = 1,,,,
write,1, 1)                        = 1,,,,
write,1, 1)                        = 1,,,,
write,1, 1)                        = 1,,,,
write,1, 1)                        = 1,,,,
write,1, 1)                        = 1,,,,
write,1, 1)                        = 1,,,,
write,1, 1)                        = 1,,,,
write,1, 1)                        = 1,,,,
write,1, 1)                        = 1,,,,
write,1, 1)                        = 1,,,,
write,1, 1)                        = 1,,,,
write,1, 1)                        = 1,,,,
write,1, 1)                        = 1,,,,
write,1, 1)                        = 1,,,,
write,1, 1)                        = 1,,,,
write,1, 1)                        = 1,,,,
write,1, 1)                        = 1,,,,
write,1, 1)                        = 1,,,,
write,4, 2478080) = 2478080,,,,
write,1, 1)                        = 1,,,,
write,1, 1)                        = 1,,,,
write,1, 1)                        = 1,,,,
write,1, 1)                        = 1,,,,
write,1, 1)                        = 1,,,,
write,1, 1)                        = 1,,,,
write,1, 1)                        = 1,,,,
write,1, 1)                        = 1,,,,
write,1, 1)                        = 1,,,,
write,1, 1)                        = 1,,,,
write,1, 1)                        = 1,,,,
write,1, 1)                        = 1,,,,
write,1, 1)                        = 1,,,,
write,1, 1)                        = 1,,,,
write,1, 1)                        = 1,,,,
write,1, 1)                        = 1,,,,
write,1, 1)                        = 1,,,,
fsync,4)                                = 0,,,,,
fadvise64,4,6672384, POSIX_FADV_DONTNEED) = 0,,,
close,4)                                = 0,,,,,
write,1, 1)                       = 1,,,,
ioctl,1, {B38400 opost isig icanon echo ...}) = 0,,,,
write,1, 114) = 114,,,,
lstat,lecture6.pdf, st_size=6672384, ...}) = 0,,,
stat,lecture6.pdf, st_size=6672384, ...}) = 0,,,
openat,AT_FDCWD, O_WRONLY|O_DIRECT) = 4,,,,
write,4, 4194304) = 4194304,,,,
write,1, 1)                        = 1,,,,
write,1, 1)                        = 1,,,,
write,1, 1)                        = 1,,,,
write,1, 1)                        = 1,,,,
write,1, 1)                        = 1,,,,
write,1, 1)                        = 1,,,,
write,1, 1)                        = 1,,,,
write,1, 1)                        = 1,,,,
write,1, 1)                        = 1,,,,
write,1, 1)                        = 1,,,,
write,1, 1)                        = 1,,,,
write,1, 1)                        = 1,,,,
write,1, 1)                        = 1,,,,
write,1, 1)                        = 1,,,,
write,1, 1)                        = 1,,,,
write,1, 1)                        = 1,,,,
write,1, 1)                        = 1,,,,
write,1, 1)                        = 1,,,,
write,1, 1)                        = 1,,,,
write,1, 1)                        = 1,,,,
write,1, 1)                        = 1,,,,
write,1, 1)                        = 1,,,,
write,1, 1)                        = 1,,,,
write,1, 1)                        = 1,,,,
write,1, 1)                        = 1,,,,
write,1, 1)                        = 1,,,,
write,1, 1)                        = 1,,,,
write,1, 1)                        = 1,,,,
write,1, 1)                        = 1,,,,
write,1, 1)                        = 1,,,,
write,1, 1)                        = 1,,,,
write,4, 2478080) = 2478080,,,,
write,1, 1)                        = 1,,,,
write,1, 1)                        = 1,,,,
write,1, 1)                        = 1,,,,
write,1, 1)                        = 1,,,,
write,1, 1)                        = 1,,,,
write,1, 1)                        = 1,,,,
write,1, 1)                        = 1,,,,
write,1, 1)                        = 1,,,,
write,1, 1)                        = 1,,,,
write,1, 1)                        = 1,,,,
write,1, 1)                        = 1,,,,
write,1, 1)                        = 1,,,,
write,1, 1)                        = 1,,,,
write,1, 1)                        = 1,,,,
write,1, 1)                        = 1,,,,
write,1, 1)                        = 1,,,,
write,1, 1)                        = 1,,,,
fsync,4)                                = 0,,,,,
fadvise64,4,6672384, POSIX_FADV_DONTNEED) = 0,,,
close,4)                                = 0,,,,,
write,1, 1)                       = 1,,,,
ioctl,1, {B38400 opost isig icanon echo ...}) = 0,,,,
write,1, 114) = 114,,,,
lstat,lecture6.pdf, st_size=6672384, ...}) = 0,,,
stat,lecture6.pdf, st_size=6672384, ...}) = 0,,,
openat,AT_FDCWD, O_WRONLY|O_DIRECT) = 4,,,,
write,4, 4194304) = 4194304,,,,
write,1, 1)                        = 1,,,,
write,1, 1)                        = 1,,,,
write,1, 1)                        = 1,,,,
write,1, 1)                        = 1,,,,
write,1, 1)                        = 1,,,,
write,1, 1)                        = 1,,,,
write,1, 1)                        = 1,,,,
write,1, 1)                        = 1,,,,
write,1, 1)                        = 1,,,,
write,1, 1)                        = 1,,,,
write,1, 1)                        = 1,,,,
write,1, 1)                        = 1,,,,
write,1, 1)                        = 1,,,,
write,1, 1)                        = 1,,,,
write,1, 1)                        = 1,,,,
write,1, 1)                        = 1,,,,
write,1, 1)                        = 1,,,,
write,1, 1)                        = 1,,,,
write,1, 1)                        = 1,,,,
write,1, 1)                        = 1,,,,
write,1, 1)                        = 1,,,,
write,1, 1)                        = 1,,,,
write,1, 1)                        = 1,,,,
write,1, 1)                        = 1,,,,
write,1, 1)                        = 1,,,,
write,1, 1)                        = 1,,,,
write,1, 1)                        = 1,,,,
write,1, 1)                        = 1,,,,
write,1, 1)                        = 1,,,,
write,1, 1)                        = 1,,,,
write,1, 1)                        = 1,,,,
write,4, 2478080) = 2478080,,,,
write,1, 1)                        = 1,,,,
write,1, 1)                        = 1,,,,
write,1, 1)                        = 1,,,,
write,1, 1)                        = 1,,,,
write,1, 1)                        = 1,,,,
write,1, 1)                        = 1,,,,
write,1, 1)                        = 1,,,,
write,1, 1)                        = 1,,,,
write,1, 1)                        = 1,,,,
write,1, 1)                        = 1,,,,
write,1, 1)                        = 1,,,,
write,1, 1)                        = 1,,,,
write,1, 1)                        = 1,,,,
write,1, 1)                        = 1,,,,
write,1, 1)                        = 1,,,,
write,1, 1)                        = 1,,,,
write,1, 1)                        = 1,,,,
fsync,4)                                = 0,,,,,
fadvise64,4,6672384, POSIX_FADV_DONTNEED) = 0,,,
close,4)                                = 0,,,,,
write,1, 1)                       = 1,,,,
ioctl,1, {B38400 opost isig icanon echo ...}) = 0,,,,
write,1, 114) = 114,,,,
lstat,lecture6.pdf, st_size=6672384, ...}) = 0,,,
stat,lecture6.pdf, st_size=6672384, ...}) = 0,,,
openat,AT_FDCWD, O_WRONLY|O_DIRECT) = 4,,,,
write,4, 4194304) = 4194304,,,,
write,1, 1)                        = 1,,,,
write,1, 1)                        = 1,,,,
write,1, 1)                        = 1,,,,
write,1, 1)                        = 1,,,,
write,1, 1)                        = 1,,,,
write,1, 1)                        = 1,,,,
write,1, 1)                        = 1,,,,
write,1, 1)                        = 1,,,,
write,1, 1)                        = 1,,,,
write,1, 1)                        = 1,,,,
write,1, 1)                        = 1,,,,
write,1, 1)                        = 1,,,,
write,1, 1)                        = 1,,,,
write,1, 1)                        = 1,,,,
write,1, 1)                        = 1,,,,
write,1, 1)                        = 1,,,,
write,1, 1)                        = 1,,,,
write,1, 1)                        = 1,,,,
write,1, 1)                        = 1,,,,
write,1, 1)                        = 1,,,,
write,1, 1)                        = 1,,,,
write,1, 1)                        = 1,,,,
write,1, 1)                        = 1,,,,
write,1, 1)                        = 1,,,,
write,1, 1)                        = 1,,,,
write,1, 1)                        = 1,,,,
write,1, 1)                        = 1,,,,
write,1, 1)                        = 1,,,,
write,1, 1)                        = 1,,,,
write,1, 1)                        = 1,,,,
write,1, 1)                        = 1,,,,
write,4, 2478080) = 2478080,,,,
write,1, 1)                        = 1,,,,
write,1, 1)                        = 1,,,,
write,1, 1)                        = 1,,,,
write,1, 1)                        = 1,,,,
write,1, 1)                        = 1,,,,
write,1, 1)                        = 1,,,,
write,1, 1)                        = 1,,,,
write,1, 1)                        = 1,,,,
write,1, 1)                        = 1,,,,
write,1, 1)                        = 1,,,,
write,1, 1)                        = 1,,,,
write,1, 1)                        = 1,,,,
write,1, 1)                        = 1,,,,
write,1, 1)                        = 1,,,,
write,1, 1)                        = 1,,,,
write,1, 1)                        = 1,,,,
write,1, 1)                        = 1,,,,
fsync,4)                                = 0,,,,,
fadvise64,4,6672384, POSIX_FADV_DONTNEED) = 0,,,
close,4)                                = 0,,,,,
write,1, 1)                       = 1,,,,
ioctl,1, {B38400 opost isig icanon echo ...}) = 0,,,,
write,1, 114) = 114,,,,
lstat,lecture6.pdf, st_size=6672384, ...}) = 0,,,
stat,lecture6.pdf, st_size=6672384, ...}) = 0,,,
openat,AT_FDCWD, O_WRONLY|O_DIRECT) = 4,,,,
write,4, 4194304) = 4194304,,,,
write,1, 1)                        = 1,,,,
write,1, 1)                        = 1,,,,
write,1, 1)                        = 1,,,,
write,1, 1)                        = 1,,,,
write,1, 1)                        = 1,,,,
write,1, 1)                        = 1,,,,
write,1, 1)                        = 1,,,,
write,1, 1)                        = 1,,,,
write,1, 1)                        = 1,,,,
write,1, 1)                        = 1,,,,
write,1, 1)                        = 1,,,,
write,1, 1)                        = 1,,,,
write,1, 1)                        = 1,,,,
write,1, 1)                        = 1,,,,
write,1, 1)                        = 1,,,,
write,1, 1)                        = 1,,,,
write,1, 1)                        = 1,,,,
write,1, 1)                        = 1,,,,
write,1, 1)                        = 1,,,,
write,1, 1)                        = 1,,,,
write,1, 1)                        = 1,,,,
write,1, 1)                        = 1,,,,
write,1, 1)                        = 1,,,,
write,1, 1)                        = 1,,,,
write,1, 1)                        = 1,,,,
write,1, 1)                        = 1,,,,
write,1, 1)                        = 1,,,,
write,1, 1)                        = 1,,,,
write,1, 1)                        = 1,,,,
write,1, 1)                        = 1,,,,
write,1, 1)                        = 1,,,,
write,4, 2478080) = 2478080,,,,
write,1, 1)                        = 1,,,,
write,1, 1)                        = 1,,,,
write,1, 1)                        = 1,,,,
write,1, 1)                        = 1,,,,
write,1, 1)                        = 1,,,,
write,1, 1)                        = 1,,,,
write,1, 1)                        = 1,,,,
write,1, 1)                        = 1,,,,
write,1, 1)                        = 1,,,,
write,1, 1)                        = 1,,,,
write,1, 1)                        = 1,,,,
write,1, 1)                        = 1,,,,
write,1, 1)                        = 1,,,,
write,1, 1)                        = 1,,,,
write,1, 1)                        = 1,,,,
write,1, 1)                        = 1,,,,
write,1, 1)                        = 1,,,,
fsync,4)                                = 0,,,,,
fadvise64,4,6672384, POSIX_FADV_DONTNEED) = 0,,,
close,4)                                = 0,,,,,
write,1, 1)                       = 1,,,,
ioctl,1, {B38400 opost isig icanon echo ...}) = 0,,,,
write,1, 114) = 114,,,,
lstat,lecture6.pdf, st_size=6672384, ...}) = 0,,,
stat,lecture6.pdf, st_size=6672384, ...}) = 0,,,
openat,AT_FDCWD, O_WRONLY|O_DIRECT) = 4,,,,
write,4, 4194304) = 4194304,,,,
write,1, 1)                        = 1,,,,
write,1, 1)                        = 1,,,,
write,1, 1)                        = 1,,,,
write,1, 1)                        = 1,,,,
write,1, 1)                        = 1,,,,
write,1, 1)                        = 1,,,,
write,1, 1)                        = 1,,,,
write,1, 1)                        = 1,,,,
write,1, 1)                        = 1,,,,
write,1, 1)                        = 1,,,,
write,1, 1)                        = 1,,,,
write,1, 1)                        = 1,,,,
write,1, 1)                        = 1,,,,
write,1, 1)                        = 1,,,,
write,1, 1)                        = 1,,,,
write,1, 1)                        = 1,,,,
write,1, 1)                        = 1,,,,
write,1, 1)                        = 1,,,,
write,1, 1)                        = 1,,,,
write,1, 1)                        = 1,,,,
write,1, 1)                        = 1,,,,
write,1, 1)                        = 1,,,,
write,1, 1)                        = 1,,,,
write,1, 1)                        = 1,,,,
write,1, 1)                        = 1,,,,
write,1, 1)                        = 1,,,,
write,1, 1)                        = 1,,,,
write,1, 1)                        = 1,,,,
write,1, 1)                        = 1,,,,
write,1, 1)                        = 1,,,,
write,1, 1)                        = 1,,,,
write,4, 2478080) = 2478080,,,,
write,1, 1)                        = 1,,,,
write,1, 1)                        = 1,,,,
write,1, 1)                        = 1,,,,
write,1, 1)                        = 1,,,,
write,1, 1)                        = 1,,,,
write,1, 1)                        = 1,,,,
write,1, 1)                        = 1,,,,
write,1, 1)                        = 1,,,,
write,1, 1)                        = 1,,,,
write,1, 1)                        = 1,,,,
write,1, 1)                        = 1,,,,
write,1, 1)                        = 1,,,,
write,1, 1)                        = 1,,,,
write,1, 1)                        = 1,,,,
write,1, 1)                        = 1,,,,
write,1, 1)                        = 1,,,,
write,1, 1)                        = 1,,,,
fsync,4)                                = 0,,,,,
fadvise64,4,6672384, POSIX_FADV_DONTNEED) = 0,,,
close,4)                                = 0,,,,,
write,1, 1)                       = 1,,,,
ioctl,1, {B38400 opost isig icanon echo ...}) = 0,,,,
write,1, 114) = 114,,,,
lstat,lecture6.pdf, st_size=6672384, ...}) = 0,,,
stat,lecture6.pdf, st_size=6672384, ...}) = 0,,,
openat,AT_FDCWD, O_WRONLY|O_DIRECT) = 4,,,,
write,4, 4194304) = 4194304,,,,
write,1, 1)                        = 1,,,,
write,1, 1)                        = 1,,,,
write,1, 1)                        = 1,,,,
write,1, 1)                        = 1,,,,
write,1, 1)                        = 1,,,,
write,1, 1)                        = 1,,,,
write,1, 1)                        = 1,,,,
write,1, 1)                        = 1,,,,
write,1, 1)                        = 1,,,,
write,1, 1)                        = 1,,,,
write,1, 1)                        = 1,,,,
write,1, 1)                        = 1,,,,
write,1, 1)                        = 1,,,,
write,1, 1)                        = 1,,,,
write,1, 1)                        = 1,,,,
write,1, 1)                        = 1,,,,
write,1, 1)                        = 1,,,,
write,1, 1)                        = 1,,,,
write,1, 1)                        = 1,,,,
write,1, 1)                        = 1,,,,
write,1, 1)                        = 1,,,,
write,1, 1)                        = 1,,,,
write,1, 1)                        = 1,,,,
write,1, 1)                        = 1,,,,
write,1, 1)                        = 1,,,,
write,1, 1)                        = 1,,,,
write,1, 1)                        = 1,,,,
write,1, 1)                        = 1,,,,
write,1, 1)                        = 1,,,,
write,1, 1)                        = 1,,,,
write,1, 1)                        = 1,,,,
write,4, 2478080) = 2478080,,,,
write,1, 1)                        = 1,,,,
write,1, 1)                        = 1,,,,
write,1, 1)                        = 1,,,,
write,1, 1)                        = 1,,,,
write,1, 1)                        = 1,,,,
write,1, 1)                        = 1,,,,
write,1, 1)                        = 1,,,,
write,1, 1)                        = 1,,,,
write,1, 1)                        = 1,,,,
write,1, 1)                        = 1,,,,
write,1, 1)                        = 1,,,,
write,1, 1)                        = 1,,,,
write,1, 1)                        = 1,,,,
write,1, 1)                        = 1,,,,
write,1, 1)                        = 1,,,,
write,1, 1)                        = 1,,,,
write,1, 1)                        = 1,,,,
fsync,4)                                = 0,,,,,
fadvise64,4,6672384, POSIX_FADV_DONTNEED) = 0,,,
close,4)                                = 0,,,,,
write,1, 1)                       = 1,,,,
ioctl,1, {B38400 opost isig icanon echo ...}) = 0,,,,
write,1, 114) = 114,,,,
lstat,lecture6.pdf, st_size=6672384, ...}) = 0,,,
stat,lecture6.pdf, st_size=6672384, ...}) = 0,,,
openat,AT_FDCWD, O_WRONLY|O_DIRECT) = 4,,,,
write,4, 4194304) = 4194304,,,,
write,1, 1)                        = 1,,,,
write,1, 1)                        = 1,,,,
write,1, 1)                        = 1,,,,
write,1, 1)                        = 1,,,,
write,1, 1)                        = 1,,,,
write,1, 1)                        = 1,,,,
write,1, 1)                        = 1,,,,
write,1, 1)                        = 1,,,,
write,1, 1)                        = 1,,,,
write,1, 1)                        = 1,,,,
write,1, 1)                        = 1,,,,
write,1, 1)                        = 1,,,,
write,1, 1)                        = 1,,,,
write,1, 1)                        = 1,,,,
write,1, 1)                        = 1,,,,
write,1, 1)                        = 1,,,,
write,1, 1)                        = 1,,,,
write,1, 1)                        = 1,,,,
write,1, 1)                        = 1,,,,
write,1, 1)                        = 1,,,,
write,1, 1)                        = 1,,,,
write,1, 1)                        = 1,,,,
write,1, 1)                        = 1,,,,
write,1, 1)                        = 1,,,,
write,1, 1)                        = 1,,,,
write,1, 1)                        = 1,,,,
write,1, 1)                        = 1,,,,
write,1, 1)                        = 1,,,,
write,1, 1)                        = 1,,,,
write,1, 1)                        = 1,,,,
write,1, 1)                        = 1,,,,
write,4, 2478080) = 2478080,,,,
write,1, 1)                        = 1,,,,
write,1, 1)                        = 1,,,,
write,1, 1)                        = 1,,,,
write,1, 1)                        = 1,,,,
write,1, 1)                        = 1,,,,
write,1, 1)                        = 1,,,,
write,1, 1)                        = 1,,,,
write,1, 1)                        = 1,,,,
write,1, 1)                        = 1,,,,
write,1, 1)                        = 1,,,,
write,1, 1)                        = 1,,,,
write,1, 1)                        = 1,,,,
write,1, 1)                        = 1,,,,
write,1, 1)                        = 1,,,,
write,1, 1)                        = 1,,,,
write,1, 1)                        = 1,,,,
write,1, 1)                        = 1,,,,
fsync,4)                                = 0,,,,,
fadvise64,4,6672384, POSIX_FADV_DONTNEED) = 0,,,
close,4)                                = 0,,,,,
write,1, 1)                       = 1,,,,
ioctl,1, {B38400 opost isig icanon echo ...}) = 0,,,,
write,1, 114) = 114,,,,
lstat,lecture6.pdf, st_size=6672384, ...}) = 0,,,
stat,lecture6.pdf, st_size=6672384, ...}) = 0,,,
openat,AT_FDCWD, O_WRONLY|O_DIRECT) = 4,,,,
write,4, 4194304) = 4194304,,,,
write,1, 1)                        = 1,,,,
write,1, 1)                        = 1,,,,
write,1, 1)                        = 1,,,,
write,1, 1)                        = 1,,,,
write,1, 1)                        = 1,,,,
write,1, 1)                        = 1,,,,
write,1, 1)                        = 1,,,,
write,1, 1)                        = 1,,,,
write,1, 1)                        = 1,,,,
write,1, 1)                        = 1,,,,
write,1, 1)                        = 1,,,,
write,1, 1)                        = 1,,,,
write,1, 1)                        = 1,,,,
write,1, 1)                        = 1,,,,
write,1, 1)                        = 1,,,,
write,1, 1)                        = 1,,,,
write,1, 1)                        = 1,,,,
write,1, 1)                        = 1,,,,
write,1, 1)                        = 1,,,,
write,1, 1)                        = 1,,,,
write,1, 1)                        = 1,,,,
write,1, 1)                        = 1,,,,
write,1, 1)                        = 1,,,,
write,1, 1)                        = 1,,,,
write,1, 1)                        = 1,,,,
write,1, 1)                        = 1,,,,
write,1, 1)                        = 1,,,,
write,1, 1)                        = 1,,,,
write,1, 1)                        = 1,,,,
write,1, 1)                        = 1,,,,
write,1, 1)                        = 1,,,,
write,4, 2478080) = 2478080,,,,
write,1, 1)                        = 1,,,,
write,1, 1)                        = 1,,,,
write,1, 1)                        = 1,,,,
write,1, 1)                        = 1,,,,
write,1, 1)                        = 1,,,,
write,1, 1)                        = 1,,,,
write,1, 1)                        = 1,,,,
write,1, 1)                        = 1,,,,
write,1, 1)                        = 1,,,,
write,1, 1)                        = 1,,,,
write,1, 1)                        = 1,,,,
write,1, 1)                        = 1,,,,
write,1, 1)                        = 1,,,,
write,1, 1)                        = 1,,,,
write,1, 1)                        = 1,,,,
write,1, 1)                        = 1,,,,
write,1, 1)                        = 1,,,,
fsync,4)                                = 0,,,,,
fadvise64,4,6672384, POSIX_FADV_DONTNEED) = 0,,,
close,4)                                = 0,,,,,
write,1, 1)                       = 1,,,,
ioctl,1, {B38400 opost isig icanon echo ...}) = 0,,,,
write,1, 114) = 114,,,,
lstat,lecture6.pdf, st_size=6672384, ...}) = 0,,,
stat,lecture6.pdf, st_size=6672384, ...}) = 0,,,
openat,AT_FDCWD, O_WRONLY|O_DIRECT) = 4,,,,
write,4, 4194304) = 4194304,,,,
write,1, 1)                        = 1,,,,
write,1, 1)                        = 1,,,,
write,1, 1)                        = 1,,,,
write,1, 1)                        = 1,,,,
write,1, 1)                        = 1,,,,
write,1, 1)                        = 1,,,,
write,1, 1)                        = 1,,,,
write,1, 1)                        = 1,,,,
write,1, 1)                        = 1,,,,
write,1, 1)                        = 1,,,,
write,1, 1)                        = 1,,,,
write,1, 1)                        = 1,,,,
write,1, 1)                        = 1,,,,
write,1, 1)                        = 1,,,,
write,1, 1)                        = 1,,,,
write,1, 1)                        = 1,,,,
write,1, 1)                        = 1,,,,
write,1, 1)                        = 1,,,,
write,1, 1)                        = 1,,,,
write,1, 1)                        = 1,,,,
write,1, 1)                        = 1,,,,
write,1, 1)                        = 1,,,,
write,1, 1)                        = 1,,,,
write,1, 1)                        = 1,,,,
write,1, 1)                        = 1,,,,
write,1, 1)                        = 1,,,,
write,1, 1)                        = 1,,,,
write,1, 1)                        = 1,,,,
write,1, 1)                        = 1,,,,
write,1, 1)                        = 1,,,,
write,1, 1)                        = 1,,,,
write,4, 2478080) = 2478080,,,,
write,1, 1)                        = 1,,,,
write,1, 1)                        = 1,,,,
write,1, 1)                        = 1,,,,
write,1, 1)                        = 1,,,,
write,1, 1)                        = 1,,,,
write,1, 1)                        = 1,,,,
write,1, 1)                        = 1,,,,
write,1, 1)                        = 1,,,,
write,1, 1)                        = 1,,,,
write,1, 1)                        = 1,,,,
write,1, 1)                        = 1,,,,
write,1, 1)                        = 1,,,,
write,1, 1)                        = 1,,,,
write,1, 1)                        = 1,,,,
write,1, 1)                        = 1,,,,
write,1, 1)                        = 1,,,,
write,1, 1)                        = 1,,,,
fsync,4)                                = 0,,,,,
fadvise64,4,6672384, POSIX_FADV_DONTNEED) = 0,,,
close,4)                                = 0,,,,,
write,1, 1)                       = 1,,,,
ioctl,1, {B38400 opost isig icanon echo ...}) = 0,,,,
write,1, 114) = 114,,,,
lstat,lecture6.pdf, st_size=6672384, ...}) = 0,,,
stat,lecture6.pdf, st_size=6672384, ...}) = 0,,,
openat,AT_FDCWD, O_WRONLY|O_DIRECT) = 4,,,,
write,4, 4194304) = 4194304,,,,
write,1, 1)                        = 1,,,,
write,1, 1)                        = 1,,,,
write,1, 1)                        = 1,,,,
write,1, 1)                        = 1,,,,
write,1, 1)                        = 1,,,,
write,1, 1)                        = 1,,,,
write,1, 1)                        = 1,,,,
write,1, 1)                        = 1,,,,
write,1, 1)                        = 1,,,,
write,1, 1)                        = 1,,,,
write,1, 1)                        = 1,,,,
write,1, 1)                        = 1,,,,
write,1, 1)                        = 1,,,,
write,1, 1)                        = 1,,,,
write,1, 1)                        = 1,,,,
write,1, 1)                        = 1,,,,
write,1, 1)                        = 1,,,,
write,1, 1)                        = 1,,,,
write,1, 1)                        = 1,,,,
write,1, 1)                        = 1,,,,
write,1, 1)                        = 1,,,,
write,1, 1)                        = 1,,,,
write,1, 1)                        = 1,,,,
write,1, 1)                        = 1,,,,
write,1, 1)                        = 1,,,,
write,1, 1)                        = 1,,,,
write,1, 1)                        = 1,,,,
write,1, 1)                        = 1,,,,
write,1, 1)                        = 1,,,,
write,1, 1)                        = 1,,,,
write,1, 1)                        = 1,,,,
write,4, 2478080) = 2478080,,,,
write,1, 1)                        = 1,,,,
write,1, 1)                        = 1,,,,
write,1, 1)                        = 1,,,,
write,1, 1)                        = 1,,,,
write,1, 1)                        = 1,,,,
write,1, 1)                        = 1,,,,
write,1, 1)                        = 1,,,,
write,1, 1)                        = 1,,,,
write,1, 1)                        = 1,,,,
write,1, 1)                        = 1,,,,
write,1, 1)                        = 1,,,,
write,1, 1)                        = 1,,,,
write,1, 1)                        = 1,,,,
write,1, 1)                        = 1,,,,
write,1, 1)                        = 1,,,,
write,1, 1)                        = 1,,,,
write,1, 1)                        = 1,,,,
fsync,4)                                = 0,,,,,
fadvise64,4,6672384, POSIX_FADV_DONTNEED) = 0,,,
close,4)                                = 0,,,,,
write,1, 1)                       = 1,,,,
ioctl,1, {B38400 opost isig icanon echo ...}) = 0,,,,
write,1, 114) = 114,,,,
lstat,lecture6.pdf, st_size=6672384, ...}) = 0,,,
stat,lecture6.pdf, st_size=6672384, ...}) = 0,,,
openat,AT_FDCWD, O_WRONLY|O_DIRECT) = 4,,,,
write,4, 4194304) = 4194304,,,,
write,1, 1)                        = 1,,,,
write,1, 1)                        = 1,,,,
write,1, 1)                        = 1,,,,
write,1, 1)                        = 1,,,,
write,1, 1)                        = 1,,,,
write,1, 1)                        = 1,,,,
write,1, 1)                        = 1,,,,
write,1, 1)                        = 1,,,,
write,1, 1)                        = 1,,,,
write,1, 1)                        = 1,,,,
write,1, 1)                        = 1,,,,
write,1, 1)                        = 1,,,,
write,1, 1)                        = 1,,,,
write,1, 1)                        = 1,,,,
write,1, 1)                        = 1,,,,
write,1, 1)                        = 1,,,,
write,1, 1)                        = 1,,,,
write,1, 1)                        = 1,,,,
write,1, 1)                        = 1,,,,
write,1, 1)                        = 1,,,,
write,1, 1)                        = 1,,,,
write,1, 1)                        = 1,,,,
write,1, 1)                        = 1,,,,
write,1, 1)                        = 1,,,,
write,1, 1)                        = 1,,,,
write,1, 1)                        = 1,,,,
write,1, 1)                        = 1,,,,
write,1, 1)                        = 1,,,,
write,1, 1)                        = 1,,,,
write,1, 1)                        = 1,,,,
write,1, 1)                        = 1,,,,
write,4, 2478080) = 2478080,,,,
write,1, 1)                        = 1,,,,
write,1, 1)                        = 1,,,,
write,1, 1)                        = 1,,,,
write,1, 1)                        = 1,,,,
write,1, 1)                        = 1,,,,
write,1, 1)                        = 1,,,,
write,1, 1)                        = 1,,,,
write,1, 1)                        = 1,,,,
write,1, 1)                        = 1,,,,
write,1, 1)                        = 1,,,,
write,1, 1)                        = 1,,,,
write,1, 1)                        = 1,,,,
write,1, 1)                        = 1,,,,
write,1, 1)                        = 1,,,,
write,1, 1)                        = 1,,,,
write,1, 1)                        = 1,,,,
write,1, 1)                        = 1,,,,
fsync,4)                                = 0,,,,,
fadvise64,4,6672384, POSIX_FADV_DONTNEED) = 0,,,
close,4)                                = 0,,,,,
write,1, 1)                       = 1,,,,
ioctl,1, {B38400 opost isig icanon echo ...}) = 0,,,,
write,1, 114) = 114,,,,
lstat,lecture6.pdf, st_size=6672384, ...}) = 0,,,
stat,lecture6.pdf, st_size=6672384, ...}) = 0,,,
openat,AT_FDCWD, O_WRONLY|O_DIRECT) = 4,,,,
write,4, 4194304) = 4194304,,,,
write,1, 1)                        = 1,,,,
write,1, 1)                        = 1,,,,
write,1, 1)                        = 1,,,,
write,1, 1)                        = 1,,,,
write,1, 1)                        = 1,,,,
write,1, 1)                        = 1,,,,
write,1, 1)                        = 1,,,,
write,1, 1)                        = 1,,,,
write,1, 1)                        = 1,,,,
write,1, 1)                        = 1,,,,
write,1, 1)                        = 1,,,,
write,1, 1)                        = 1,,,,
write,1, 1)                        = 1,,,,
write,1, 1)                        = 1,,,,
write,1, 1)                        = 1,,,,
write,1, 1)                        = 1,,,,
write,1, 1)                        = 1,,,,
write,1, 1)                        = 1,,,,
write,1, 1)                        = 1,,,,
write,1, 1)                        = 1,,,,
write,1, 1)                        = 1,,,,
write,1, 1)                        = 1,,,,
write,1, 1)                        = 1,,,,
write,1, 1)                        = 1,,,,
write,1, 1)                        = 1,,,,
write,1, 1)                        = 1,,,,
write,1, 1)                        = 1,,,,
write,1, 1)                        = 1,,,,
write,1, 1)                        = 1,,,,
write,1, 1)                        = 1,,,,
write,1, 1)                        = 1,,,,
write,4, 2478080) = 2478080,,,,
write,1, 1)                        = 1,,,,
write,1, 1)                        = 1,,,,
write,1, 1)                        = 1,,,,
write,1, 1)                        = 1,,,,
write,1, 1)                        = 1,,,,
write,1, 1)                        = 1,,,,
write,1, 1)                        = 1,,,,
write,1, 1)                        = 1,,,,
write,1, 1)                        = 1,,,,
write,1, 1)                        = 1,,,,
write,1, 1)                        = 1,,,,
write,1, 1)                        = 1,,,,
write,1, 1)                        = 1,,,,
write,1, 1)                        = 1,,,,
write,1, 1)                        = 1,,,,
write,1, 1)                        = 1,,,,
write,1, 1)                        = 1,,,,
fsync,4)                                = 0,,,,,
fadvise64,4,6672384, POSIX_FADV_DONTNEED) = 0,,,
close,4)                                = 0,,,,,
write,1, 1)                       = 1,,,,
ioctl,1, {B38400 opost isig icanon echo ...}) = 0,,,,
write,1, 114) = 114,,,,
lstat,lecture6.pdf, st_size=6672384, ...}) = 0,,,
stat,lecture6.pdf, st_size=6672384, ...}) = 0,,,
openat,AT_FDCWD, O_WRONLY|O_DIRECT) = 4,,,,
write,4, 4194304) = 4194304,,,,
write,1, 1)                        = 1,,,,
write,1, 1)                        = 1,,,,
write,1, 1)                        = 1,,,,
write,1, 1)                        = 1,,,,
write,1, 1)                        = 1,,,,
write,1, 1)                        = 1,,,,
write,1, 1)                        = 1,,,,
write,1, 1)                        = 1,,,,
write,1, 1)                        = 1,,,,
write,1, 1)                        = 1,,,,
write,1, 1)                        = 1,,,,
write,1, 1)                        = 1,,,,
write,1, 1)                        = 1,,,,
write,1, 1)                        = 1,,,,
write,1, 1)                        = 1,,,,
write,1, 1)                        = 1,,,,
write,1, 1)                        = 1,,,,
write,1, 1)                        = 1,,,,
write,1, 1)                        = 1,,,,
write,1, 1)                        = 1,,,,
write,1, 1)                        = 1,,,,
write,1, 1)                        = 1,,,,
write,1, 1)                        = 1,,,,
write,1, 1)                        = 1,,,,
write,1, 1)                        = 1,,,,
write,1, 1)                        = 1,,,,
write,1, 1)                        = 1,,,,
write,1, 1)                        = 1,,,,
write,1, 1)                        = 1,,,,
write,1, 1)                        = 1,,,,
write,1, 1)                        = 1,,,,
write,4, 2478080) = 2478080,,,,
write,1, 1)                        = 1,,,,
write,1, 1)                        = 1,,,,
write,1, 1)                        = 1,,,,
write,1, 1)                        = 1,,,,
write,1, 1)                        = 1,,,,
write,1, 1)                        = 1,,,,
write,1, 1)                        = 1,,,,
write,1, 1)                        = 1,,,,
write,1, 1)                        = 1,,,,
write,1, 1)                        = 1,,,,
write,1, 1)                        = 1,,,,
write,1, 1)                        = 1,,,,
write,1, 1)                        = 1,,,,
write,1, 1)                        = 1,,,,
write,1, 1)                        = 1,,,,
write,1, 1)                        = 1,,,,
write,1, 1)                        = 1,,,,
fsync,4)                                = 0,,,,,
fadvise64,4,6672384, POSIX_FADV_DONTNEED) = 0,,,
close,4)                                = 0,,,,,
write,1, 1)                       = 1,,,,
ioctl,1, {B38400 opost isig icanon echo ...}) = 0,,,,
write,1, 114) = 114,,,,
lstat,lecture6.pdf, st_size=6672384, ...}) = 0,,,
stat,lecture6.pdf, st_size=6672384, ...}) = 0,,,
openat,AT_FDCWD, O_WRONLY|O_DIRECT) = 4,,,,
write,4, 4194304) = 4194304,,,,
write,1, 1)                        = 1,,,,
write,1, 1)                        = 1,,,,
write,1, 1)                        = 1,,,,
write,1, 1)                        = 1,,,,
write,1, 1)                        = 1,,,,
write,1, 1)                        = 1,,,,
write,1, 1)                        = 1,,,,
write,1, 1)                        = 1,,,,
write,1, 1)                        = 1,,,,
write,1, 1)                        = 1,,,,
write,1, 1)                        = 1,,,,
write,1, 1)                        = 1,,,,
write,1, 1)                        = 1,,,,
write,1, 1)                        = 1,,,,
write,1, 1)                        = 1,,,,
write,1, 1)                        = 1,,,,
write,1, 1)                        = 1,,,,
write,1, 1)                        = 1,,,,
write,1, 1)                        = 1,,,,
write,1, 1)                        = 1,,,,
write,1, 1)                        = 1,,,,
write,1, 1)                        = 1,,,,
write,1, 1)                        = 1,,,,
write,1, 1)                        = 1,,,,
write,1, 1)                        = 1,,,,
write,1, 1)                        = 1,,,,
write,1, 1)                        = 1,,,,
write,1, 1)                        = 1,,,,
write,1, 1)                        = 1,,,,
write,1, 1)                        = 1,,,,
write,1, 1)                        = 1,,,,
write,4, 2478080) = 2478080,,,,
write,1, 1)                        = 1,,,,
write,1, 1)                        = 1,,,,
write,1, 1)                        = 1,,,,
write,1, 1)                        = 1,,,,
write,1, 1)                        = 1,,,,
write,1, 1)                        = 1,,,,
write,1, 1)                        = 1,,,,
write,1, 1)                        = 1,,,,
write,1, 1)                        = 1,,,,
write,1, 1)                        = 1,,,,
write,1, 1)                        = 1,,,,
write,1, 1)                        = 1,,,,
write,1, 1)                        = 1,,,,
write,1, 1)                        = 1,,,,
write,1, 1)                        = 1,,,,
write,1, 1)                        = 1,,,,
write,1, 1)                        = 1,,,,
fsync,4)                                = 0,,,,,
fadvise64,4,6672384, POSIX_FADV_DONTNEED) = 0,,,
close,4)                                = 0,,,,,
write,1, 1)                       = 1,,,,
ioctl,1, {B38400 opost isig icanon echo ...}) = 0,,,,
write,1, 114) = 114,,,,
lstat,lecture6.pdf, st_size=6672384, ...}) = 0,,,
stat,lecture6.pdf, st_size=6672384, ...}) = 0,,,
openat,AT_FDCWD, O_WRONLY|O_DIRECT) = 4,,,,
write,4, 4194304) = 4194304,,,,
write,1, 1)                        = 1,,,,
write,1, 1)                        = 1,,,,
write,1, 1)                        = 1,,,,
write,1, 1)                        = 1,,,,
write,1, 1)                        = 1,,,,
write,1, 1)                        = 1,,,,
write,1, 1)                        = 1,,,,
write,1, 1)                        = 1,,,,
write,1, 1)                        = 1,,,,
write,1, 1)                        = 1,,,,
write,1, 1)                        = 1,,,,
write,1, 1)                        = 1,,,,
write,1, 1)                        = 1,,,,
write,1, 1)                        = 1,,,,
write,1, 1)                        = 1,,,,
write,1, 1)                        = 1,,,,
write,1, 1)                        = 1,,,,
write,1, 1)                        = 1,,,,
write,1, 1)                        = 1,,,,
write,1, 1)                        = 1,,,,
write,1, 1)                        = 1,,,,
write,1, 1)                        = 1,,,,
write,1, 1)                        = 1,,,,
write,1, 1)                        = 1,,,,
write,1, 1)                        = 1,,,,
write,1, 1)                        = 1,,,,
write,1, 1)                        = 1,,,,
write,1, 1)                        = 1,,,,
write,1, 1)                        = 1,,,,
write,1, 1)                        = 1,,,,
write,1, 1)                        = 1,,,,
write,4, 2478080) = 2478080,,,,
write,1, 1)                        = 1,,,,
write,1, 1)                        = 1,,,,
write,1, 1)                        = 1,,,,
write,1, 1)                        = 1,,,,
write,1, 1)                        = 1,,,,
write,1, 1)                        = 1,,,,
write,1, 1)                        = 1,,,,
write,1, 1)                        = 1,,,,
write,1, 1)                        = 1,,,,
write,1, 1)                        = 1,,,,
write,1, 1)                        = 1,,,,
write,1, 1)                        = 1,,,,
write,1, 1)                        = 1,,,,
write,1, 1)                        = 1,,,,
write,1, 1)                        = 1,,,,
write,1, 1)                        = 1,,,,
write,1, 1)                        = 1,,,,
fsync,4)                                = 0,,,,,
fadvise64,4,6672384, POSIX_FADV_DONTNEED) = 0,,,
close,4)                                = 0,,,,,
write,1, 1)                       = 1,,,,
ioctl,1, {B38400 opost isig icanon echo ...}) = 0,,,,
write,1, 114) = 114,,,,
lstat,lecture6.pdf, st_size=6672384, ...}) = 0,,,
stat,lecture6.pdf, st_size=6672384, ...}) = 0,,,
openat,AT_FDCWD, O_WRONLY|O_DIRECT) = 4,,,,
write,4, 4194304) = 4194304,,,,
write,1, 1)                        = 1,,,,
write,1, 1)                        = 1,,,,
write,1, 1)                        = 1,,,,
write,1, 1)                        = 1,,,,
write,1, 1)                        = 1,,,,
write,1, 1)                        = 1,,,,
write,1, 1)                        = 1,,,,
write,1, 1)                        = 1,,,,
write,1, 1)                        = 1,,,,
write,1, 1)                        = 1,,,,
write,1, 1)                        = 1,,,,
write,1, 1)                        = 1,,,,
write,1, 1)                        = 1,,,,
write,1, 1)                        = 1,,,,
write,1, 1)                        = 1,,,,
write,1, 1)                        = 1,,,,
write,1, 1)                        = 1,,,,
write,1, 1)                        = 1,,,,
write,1, 1)                        = 1,,,,
write,1, 1)                        = 1,,,,
write,1, 1)                        = 1,,,,
write,1, 1)                        = 1,,,,
write,1, 1)                        = 1,,,,
write,1, 1)                        = 1,,,,
write,1, 1)                        = 1,,,,
write,1, 1)                        = 1,,,,
write,1, 1)                        = 1,,,,
write,1, 1)                        = 1,,,,
write,1, 1)                        = 1,,,,
write,1, 1)                        = 1,,,,
write,1, 1)                        = 1,,,,
write,4, 2478080) = 2478080,,,,
write,1, 1)                        = 1,,,,
write,1, 1)                        = 1,,,,
write,1, 1)                        = 1,,,,
write,1, 1)                        = 1,,,,
write,1, 1)                        = 1,,,,
write,1, 1)                        = 1,,,,
write,1, 1)                        = 1,,,,
write,1, 1)                        = 1,,,,
write,1, 1)                        = 1,,,,
write,1, 1)                        = 1,,,,
write,1, 1)                        = 1,,,,
write,1, 1)                        = 1,,,,
write,1, 1)                        = 1,,,,
write,1, 1)                        = 1,,,,
write,1, 1)                        = 1,,,,
write,1, 1)                        = 1,,,,
write,1, 1)                        = 1,,,,
fsync,4)                                = 0,,,,,
fadvise64,4,6672384, POSIX_FADV_DONTNEED) = 0,,,
close,4)                                = 0,,,,,
write,1, 1)                       = 1,,,,
ioctl,1, {B38400 opost isig icanon echo ...}) = 0,,,,
write,1, 114) = 114,,,,
read,3, 16) = 16,,,,
read,3, 16) = 16,,,,
lstat,lecture6.pdf, st_size=6672384, ...}) = 0,,,
stat,lecture6.pdf, st_size=6672384, ...}) = 0,,,
openat,AT_FDCWD, O_WRONLY|O_DIRECT) = 4,,,,
clone,child_stack=0x7f11610b4fb0, parent_tid=[2925], tls=0x7f11610b5700, child_tidptr=0x7f11610b59d0) = 2925,,
futex,0x7f11610b59d0,2925, NULL) = 0,,,
clone,child_stack=0x7f11610b4fb0, parent_tid=[2926], tls=0x7f11610b5700, child_tidptr=0x7f11610b59d0) = 2926,,
write,4, 4194304) = 4194304,,,,
write,1, 1)                        = 1,,,,
write,1, 1)                        = 1,,,,
write,1, 1)                        = 1,,,,
write,1, 1)                        = 1,,,,
write,1, 1)                        = 1,,,,
write,1, 1)                        = 1,,,,
write,1, 1)                        = 1,,,,
write,1, 1)                        = 1,,,,
write,1, 1)                        = 1,,,,
write,1, 1)                        = 1,,,,
write,1, 1)                        = 1,,,,
write,1, 1)                        = 1,,,,
write,1, 1)                        = 1,,,,
write,1, 1)                        = 1,,,,
write,1, 1)                        = 1,,,,
write,1, 1)                        = 1,,,,
write,1, 1)                        = 1,,,,
write,1, 1)                        = 1,,,,
write,1, 1)                        = 1,,,,
write,1, 1)                        = 1,,,,
write,1, 1)                        = 1,,,,
write,1, 1)                        = 1,,,,
write,1, 1)                        = 1,,,,
write,1, 1)                        = 1,,,,
write,1, 1)                        = 1,,,,
write,1, 1)                        = 1,,,,
write,1, 1)                        = 1,,,,
write,1, 1)                        = 1,,,,
write,1, 1)                        = 1,,,,
write,1, 1)                        = 1,,,,
write,1, 1)                        = 1,,,,
futex,0x7f11610b59d0,2926, NULL) = 0,,,
write,4,"je\310#\270)|\f\242\315?\243m \261\3\207\344\356\26x\30\t\220\356""...", 2478080) = 2478080,,,
write,1, 1)                        = 1,,,,
write,1, 1)                        = 1,,,,
write,1, 1)                        = 1,,,,
write,1, 1)                        = 1,,,,
write,1, 1)                        = 1,,,,
write,1, 1)                        = 1,,,,
write,1, 1)                        = 1,,,,
write,1, 1)                        = 1,,,,
write,1, 1)                        = 1,,,,
write,1, 1)                        = 1,,,,
write,1, 1)                        = 1,,,,
write,1, 1)                        = 1,,,,
write,1, 1)                        = 1,,,,
write,1, 1)                        = 1,,,,
write,1, 1)                        = 1,,,,
write,1, 1)                        = 1,,,,
write,1, 1)                        = 1,,,,
fsync,4)                                = 0,,,,,
fadvise64,4,6672384, POSIX_FADV_DONTNEED) = 0,,,
close,4)                                = 0,,,,,
write,1, 1)                       = 1,,,,
ioctl,1, {B38400 opost isig icanon echo ...}) = 0,,,,
write,1, 114) = 114,,,,
read,3, 16) = 16,,,,
read,3, 16) = 16,,,,
lstat,lecture6.pdf, st_size=6672384, ...}) = 0,,,
stat,lecture6.pdf, st_size=6672384, ...}) = 0,,,
openat,AT_FDCWD, O_WRONLY|O_DIRECT) = 4,,,,
clone,child_stack=0x7f11610b4fb0, parent_tid=[2927], tls=0x7f11610b5700, child_tidptr=0x7f11610b59d0) = 2927,,
futex,0x7f11610b59d0,2927, NULL) = 0,,,
clone,child_stack=0x7f11610b4fb0, parent_tid=[2928], tls=0x7f11610b5700, child_tidptr=0x7f11610b59d0) = 2928,,
write,4, 4194304) = 4194304,,,,
write,1, 1)                        = 1,,,,
write,1, 1)                        = 1,,,,
write,1, 1)                        = 1,,,,
write,1, 1)                        = 1,,,,
write,1, 1)                        = 1,,,,
write,1, 1)                        = 1,,,,
write,1, 1)                        = 1,,,,
write,1, 1)                        = 1,,,,
write,1, 1)                        = 1,,,,
write,1, 1)                        = 1,,,,
write,1, 1)                        = 1,,,,
write,1, 1)                        = 1,,,,
write,1, 1)                        = 1,,,,
write,1, 1)                        = 1,,,,
write,1, 1)                        = 1,,,,
write,1, 1)                        = 1,,,,
write,1, 1)                        = 1,,,,
write,1, 1)                        = 1,,,,
write,1, 1)                        = 1,,,,
write,1, 1)                        = 1,,,,
write,1, 1)                        = 1,,,,
write,1, 1)                        = 1,,,,
write,1, 1)                        = 1,,,,
write,1, 1)                        = 1,,,,
write,1, 1)                        = 1,,,,
write,1, 1)                        = 1,,,,
write,1, 1)                        = 1,,,,
write,1, 1)                        = 1,,,,
write,1, 1)                        = 1,,,,
write,1, 1)                        = 1,,,,
write,1, 1)                        = 1,,,,
futex,0x7f11610b59d0,2928, NULL) = 0,,,
write,4, 2478080) = 2478080,,,,
write,1, 1)                        = 1,,,,
write,1, 1)                        = 1,,,,
write,1, 1)                        = 1,,,,
write,1, 1)                        = 1,,,,
write,1, 1)                        = 1,,,,
write,1, 1)                        = 1,,,,
write,1, 1)                        = 1,,,,
write,1, 1)                        = 1,,,,
write,1, 1)                        = 1,,,,
write,1, 1)                        = 1,,,,
write,1, 1)                        = 1,,,,
write,1, 1)                        = 1,,,,
write,1, 1)                        = 1,,,,
write,1, 1)                        = 1,,,,
write,1, 1)                        = 1,,,,
write,1, 1)                        = 1,,,,
write,1, 1)                        = 1,,,,
fsync,4)                                = 0,,,,,
fadvise64,4,6672384, POSIX_FADV_DONTNEED) = 0,,,
close,4)                                = 0,,,,,
write,1, 1)                       = 1,,,,
ioctl,1, {B38400 opost isig icanon echo ...}) = 0,,,,
write,1, 114) = 114,,,,
read,3, 16) = 16,,,,
read,3, 16) = 16,,,,
lstat,lecture6.pdf, st_size=6672384, ...}) = 0,,,
stat,lecture6.pdf, st_size=6672384, ...}) = 0,,,
openat,AT_FDCWD, O_WRONLY|O_DIRECT) = 4,,,,
clone,child_stack=0x7f11610b4fb0, parent_tid=[2929], tls=0x7f11610b5700, child_tidptr=0x7f11610b59d0) = 2929,,
futex,0x7f11610b59d0,2929, NULL) = 0,,,
clone,child_stack=0x7f11610b4fb0, parent_tid=[2930], tls=0x7f11610b5700, child_tidptr=0x7f11610b59d0) = 2930,,
write,4, 4194304) = 4194304,,,,
write,1, 1)                        = 1,,,,
write,1, 1)                        = 1,,,,
write,1, 1)                        = 1,,,,
write,1, 1)                        = 1,,,,
write,1, 1)                        = 1,,,,
write,1, 1)                        = 1,,,,
write,1, 1)                        = 1,,,,
write,1, 1)                        = 1,,,,
write,1, 1)                        = 1,,,,
write,1, 1)                        = 1,,,,
write,1, 1)                        = 1,,,,
write,1, 1)                        = 1,,,,
write,1, 1)                        = 1,,,,
write,1, 1)                        = 1,,,,
write,1, 1)                        = 1,,,,
write,1, 1)                        = 1,,,,
write,1, 1)                        = 1,,,,
write,1, 1)                        = 1,,,,
write,1, 1)                        = 1,,,,
write,1, 1)                        = 1,,,,
write,1, 1)                        = 1,,,,
write,1, 1)                        = 1,,,,
write,1, 1)                        = 1,,,,
write,1, 1)                        = 1,,,,
write,1, 1)                        = 1,,,,
write,1, 1)                        = 1,,,,
write,1, 1)                        = 1,,,,
write,1, 1)                        = 1,,,,
write,1, 1)                        = 1,,,,
write,1, 1)                        = 1,,,,
write,1, 1)                        = 1,,,,
futex,0x7f11610b59d0,2930, NULL) = 0,,,
write,4, 2478080) = 2478080,,,,
write,1, 1)                        = 1,,,,
write,1, 1)                        = 1,,,,
write,1, 1)                        = 1,,,,
write,1, 1)                        = 1,,,,
write,1, 1)                        = 1,,,,
write,1, 1)                        = 1,,,,
write,1, 1)                        = 1,,,,
write,1, 1)                        = 1,,,,
write,1, 1)                        = 1,,,,
write,1, 1)                        = 1,,,,
write,1, 1)                        = 1,,,,
write,1, 1)                        = 1,,,,
write,1, 1)                        = 1,,,,
write,1, 1)                        = 1,,,,
write,1, 1)                        = 1,,,,
write,1, 1)                        = 1,,,,
write,1, 1)                        = 1,,,,
fsync,4)                                = 0,,,,,
fadvise64,4,6672384, POSIX_FADV_DONTNEED) = 0,,,
close,4)                                = 0,,,,,
write,1, 1)                       = 1,,,,
ioctl,1, {B38400 opost isig icanon echo ...}) = 0,,,,
write,1, 114) = 114,,,,
read,3, 16) = 16,,,,
read,3, 16) = 16,,,,
lstat,lecture6.pdf, st_size=6672384, ...}) = 0,,,
stat,lecture6.pdf, st_size=6672384, ...}) = 0,,,
openat,AT_FDCWD, O_WRONLY|O_DIRECT) = 4,,,,
clone,child_stack=0x7f11610b4fb0, parent_tid=[2931], tls=0x7f11610b5700, child_tidptr=0x7f11610b59d0) = 2931,,
futex,0x7f11610b59d0,2931, NULL) = 0,,,
clone,child_stack=0x7f11610b4fb0, parent_tid=[2932], tls=0x7f11610b5700, child_tidptr=0x7f11610b59d0) = 2932,,
write,4, 4194304) = 4194304,,,,
write,1, 1)                        = 1,,,,
write,1, 1)                        = 1,,,,
write,1, 1)                        = 1,,,,
write,1, 1)                        = 1,,,,
write,1, 1)                        = 1,,,,
write,1, 1)                        = 1,,,,
write,1, 1)                        = 1,,,,
write,1, 1)                        = 1,,,,
write,1, 1)                        = 1,,,,
write,1, 1)                        = 1,,,,
write,1, 1)                        = 1,,,,
write,1, 1)                        = 1,,,,
write,1, 1)                        = 1,,,,
write,1, 1)                        = 1,,,,
write,1, 1)                        = 1,,,,
write,1, 1)                        = 1,,,,
write,1, 1)                        = 1,,,,
write,1, 1)                        = 1,,,,
write,1, 1)                        = 1,,,,
write,1, 1)                        = 1,,,,
write,1, 1)                        = 1,,,,
write,1, 1)                        = 1,,,,
write,1, 1)                        = 1,,,,
write,1, 1)                        = 1,,,,
write,1, 1)                        = 1,,,,
write,1, 1)                        = 1,,,,
write,1, 1)                        = 1,,,,
write,1, 1)                        = 1,,,,
write,1, 1)                        = 1,,,,
write,1, 1)                        = 1,,,,
write,1, 1)                        = 1,,,,
futex,0x7f11610b59d0,2932, NULL) = 0,,,
write,4, 2478080) = 2478080,,,,
write,1, 1)                        = 1,,,,
write,1, 1)                        = 1,,,,
write,1, 1)                        = 1,,,,
write,1, 1)                        = 1,,,,
write,1, 1)                        = 1,,,,
write,1, 1)                        = 1,,,,
write,1, 1)                        = 1,,,,
write,1, 1)                        = 1,,,,
write,1, 1)                        = 1,,,,
write,1, 1)                        = 1,,,,
write,1, 1)                        = 1,,,,
write,1, 1)                        = 1,,,,
write,1, 1)                        = 1,,,,
write,1, 1)                        = 1,,,,
write,1, 1)                        = 1,,,,
write,1, 1)                        = 1,,,,
write,1, 1)                        = 1,,,,
fsync,4)                                = 0,,,,,
fadvise64,4,6672384, POSIX_FADV_DONTNEED) = 0,,,
close,4)                                = 0,,,,,
write,1, 1)                       = 1,,,,
stat,lecture6.pdf, st_size=6672384, ...}) = 0,,,
openat,AT_FDCWD, O_RDWR) = 4,,,,
read,4, 4096) = 4096,,,,
lseek,4, SEEK_SET)                   = 0,,,,
write,4, 4096) = 4096,,,,
close,4)                                = 0,,,,,
munmap,0x7f11614b7000,,,,,
exit_group,0)                           = ?,,,,,
+++ exited with 0 +++,,,,,,
