Data,,,,,,
execve,/usr/bin/scrub," ""lecture4.pdf"""," ""-p"""," ""pfitzner7""]", 0x7ffeac854fc8 /* 50 vars */) = 0,
brk,NULL)                               = 0x55618de2a000,,,,,
arch_prctl,0x3001 /* ARCH_??? */,,,,,
access,/etc/ld.so.preload,,,,,
openat,AT_FDCWD, O_RDONLY|O_CLOEXEC) = 3,,,,
fstat,3, st_size=69600, ...}) = 0,,,
mmap,NULL, PROT_READ, MAP_PRIVATE,3, 0) = 0x7f3a6d8ab000,
close,3)                                = 0,,,,,
openat,AT_FDCWD, O_RDONLY|O_CLOEXEC) = 3,,,,
read,3, 832) = 832,,,,
pread64,3,68, 824) = 68,,,
fstat,3, st_size=157224, ...}) = 0,,,
mmap,NULL, PROT_READ|PROT_WRITE, MAP_PRIVATE|MAP_ANONYMOUS,-1, 0) = 0x7f3a6d8a9000,
pread64,3,68, 824) = 68,,,
mmap,NULL, PROT_READ, MAP_PRIVATE|MAP_DENYWRITE,3, 0) = 0x7f3a6d886000,
mmap,0x7f3a6d88c000, PROT_READ|PROT_EXEC, MAP_PRIVATE|MAP_FIXED|MAP_DENYWRITE,3, 0x6000) = 0x7f3a6d88c000,
mmap,0x7f3a6d89d000, PROT_READ, MAP_PRIVATE|MAP_FIXED|MAP_DENYWRITE,3, 0x17000) = 0x7f3a6d89d000,
mmap,0x7f3a6d8a3000, PROT_READ|PROT_WRITE, MAP_PRIVATE|MAP_FIXED|MAP_DENYWRITE,3, 0x1c000) = 0x7f3a6d8a3000,
mmap,0x7f3a6d8a5000, PROT_READ|PROT_WRITE, MAP_PRIVATE|MAP_FIXED|MAP_ANONYMOUS,-1, 0) = 0x7f3a6d8a5000,
close,3)                                = 0,,,,,
openat,AT_FDCWD, O_RDONLY|O_CLOEXEC) = 3,,,,
read,3, 832) = 832,,,,
pread64,3,784, 64) = 784,,,
pread64,3,32, 848) = 32,,,
pread64,3,68, 880) = 68,,,
fstat,3, st_size=2029592, ...}) = 0,,,
pread64,3,784, 64) = 784,,,
pread64,3,32, 848) = 32,,,
pread64,3,68, 880) = 68,,,
mmap,NULL, PROT_READ, MAP_PRIVATE|MAP_DENYWRITE,3, 0) = 0x7f3a6d694000,
mmap,0x7f3a6d6b6000, PROT_READ|PROT_EXEC, MAP_PRIVATE|MAP_FIXED|MAP_DENYWRITE,3, 0x22000) = 0x7f3a6d6b6000,
mmap,0x7f3a6d82e000, PROT_READ, MAP_PRIVATE|MAP_FIXED|MAP_DENYWRITE,3, 0x19a000) = 0x7f3a6d82e000,
mmap,0x7f3a6d87c000, PROT_READ|PROT_WRITE, MAP_PRIVATE|MAP_FIXED|MAP_DENYWRITE,3, 0x1e7000) = 0x7f3a6d87c000,
mmap,0x7f3a6d882000, PROT_READ|PROT_WRITE, MAP_PRIVATE|MAP_FIXED|MAP_ANONYMOUS,-1, 0) = 0x7f3a6d882000,
close,3)                                = 0,,,,,
mmap,NULL, PROT_READ|PROT_WRITE, MAP_PRIVATE|MAP_ANONYMOUS,-1, 0) = 0x7f3a6d691000,
arch_prctl,ARCH_SET_FS,,,,,
mprotect,0x7f3a6d87c000, PROT_READ) = 0,,,,
mprotect,0x7f3a6d8a3000, PROT_READ) = 0,,,,
mprotect,0x55618d880000, PROT_READ) = 0,,,,
mprotect,0x7f3a6d8e9000, PROT_READ) = 0,,,,
munmap,0x7f3a6d8ab000,,,,,
set_tid_address,0x7f3a6d691a10)         = 2874,,,,,
set_robust_list,0x7f3a6d691a20,,,,,
rt_sigaction,SIGRTMIN, sa_mask=[], sa_flags=SA_RESTORER|SA_SIGINFO, sa_restorer=0x7f3a6d89a420}, NULL, 8) = 0
rt_sigaction,SIGRT_1, sa_mask=[], sa_flags=SA_RESTORER|SA_RESTART|SA_SIGINFO, sa_restorer=0x7f3a6d89a420}, NULL, 8) = 0
rt_sigprocmask,SIG_UNBLOCK, NULL, 8) = 0,,,
prlimit64,0, NULL, {rlim_cur=8192*1024, rlim_max=RLIM64_INFINITY}) = 0,,
fstat,1, st_rdev=makedev(0x88, 0), ...}) = 0,,
brk,NULL)                               = 0x55618de2a000,,,,,
brk,0x55618de4b000)                     = 0x55618de4b000,,,,,
write,1, 56) = 56,,,,
lstat,lecture4.pdf, st_size=6669435, ...}) = 0,,,
stat,lecture4.pdf, st_size=6669435, ...}) = 0,,,
access,lecture4.pdf,,,,,
stat,lecture4.pdf, st_size=6669435, ...}) = 0,,,
openat,AT_FDCWD, O_RDONLY) = 3,,,,
read,3, 4096) = 4096,,,,
close,3)                                = 0,,,,,
lstat,lecture4.pdf, st_size=6669435, ...}) = 0,,,
stat,lecture4.pdf, st_size=6669435, ...}) = 0,,,
stat,lecture4.pdf, st_size=6669435, ...}) = 0,,,
write,1, 66) = 66,,,,
mmap,NULL, PROT_READ|PROT_WRITE, MAP_PRIVATE|MAP_ANONYMOUS,-1, 0) = 0x7f3a6c290000,
write,1, 54) = 54,,,,
openat,AT_FDCWD, O_RDONLY) = 3,,,,
read,3, 16) = 16,,,,
read,3, 16) = 16,,,,
ioctl,1, {B38400 opost isig icanon echo ...}) = 0,,,,
write,1, 114) = 114,,,,
read,3, 16) = 16,,,,
read,3, 16) = 16,,,,
lstat,lecture4.pdf, st_size=6669435, ...}) = 0,,,
stat,lecture4.pdf, st_size=6669435, ...}) = 0,,,
openat,AT_FDCWD, O_WRONLY|O_DIRECT) = 4,,,,
mmap,NULL, PROT_READ|PROT_WRITE, MAP_PRIVATE|MAP_ANONYMOUS,-1, 0) = 0x7f3a6be8f000,
mmap,NULL, PROT_NONE, MAP_PRIVATE|MAP_ANONYMOUS|MAP_STACK,-1, 0) = 0x7f3a6b68e000,
mprotect,0x7f3a6b68f000, PROT_READ|PROT_WRITE) = 0,,,,
clone,child_stack=0x7f3a6be8dfb0, parent_tid=[2875], tls=0x7f3a6be8e700, child_tidptr=0x7f3a6be8e9d0) = 2875,,
futex,0x7f3a6be8e9d0,2875, NULL) = 0,,,
clone,child_stack=0x7f3a6be8dfb0, parent_tid=[2876], tls=0x7f3a6be8e700, child_tidptr=0x7f3a6be8e9d0) = 2876,,
write,4, 4194304) = 4194304,,,,
write,1, 1)                        = 1,,,,
write,1, 1)                        = 1,,,,
write,1, 1)                        = 1,,,,
write,1, 1)                        = 1,,,,
write,1, 1)                        = 1,,,,
write,1, 1)                        = 1,,,,
write,1, 1)                        = 1,,,,
write,1, 1)                        = 1,,,,
write,1, 1)                        = 1,,,,
write,1, 1)                        = 1,,,,
write,1, 1)                        = 1,,,,
write,1, 1)                        = 1,,,,
write,1, 1)                        = 1,,,,
write,1, 1)                        = 1,,,,
write,1, 1)                        = 1,,,,
write,1, 1)                        = 1,,,,
write,1, 1)                        = 1,,,,
write,1, 1)                        = 1,,,,
write,1, 1)                        = 1,,,,
write,1, 1)                        = 1,,,,
write,1, 1)                        = 1,,,,
write,1, 1)                        = 1,,,,
write,1, 1)                        = 1,,,,
write,1, 1)                        = 1,,,,
write,1, 1)                        = 1,,,,
write,1, 1)                        = 1,,,,
write,1, 1)                        = 1,,,,
write,1, 1)                        = 1,,,,
write,1, 1)                        = 1,,,,
write,1, 1)                        = 1,,,,
write,1, 1)                        = 1,,,,
futex,0x7f3a6be8e9d0,2876, NULL) = 0,,,
write,4, 2478080) = 2478080,,,,
write,1, 1)                        = 1,,,,
write,1, 1)                        = 1,,,,
write,1, 1)                        = 1,,,,
write,1, 1)                        = 1,,,,
write,1, 1)                        = 1,,,,
write,1, 1)                        = 1,,,,
write,1, 1)                        = 1,,,,
write,1, 1)                        = 1,,,,
write,1, 1)                        = 1,,,,
write,1, 1)                        = 1,,,,
write,1, 1)                        = 1,,,,
write,1, 1)                        = 1,,,,
write,1, 1)                        = 1,,,,
write,1, 1)                        = 1,,,,
write,1, 1)                        = 1,,,,
write,1, 1)                        = 1,,,,
write,1, 1)                        = 1,,,,
fsync,4)                                = 0,,,,,
fadvise64,4,6672384, POSIX_FADV_DONTNEED) = 0,,,
close,4)                                = 0,,,,,
munmap,0x7f3a6be8f000,,,,,
write,1, 1)                       = 1,,,,
ioctl,1, {B38400 opost isig icanon echo ...}) = 0,,,,
write,1, 114) = 114,,,,
read,3, 16) = 16,,,,
read,3, 16) = 16,,,,
lstat,lecture4.pdf, st_size=6672384, ...}) = 0,,,
stat,lecture4.pdf, st_size=6672384, ...}) = 0,,,
openat,AT_FDCWD, O_WRONLY|O_DIRECT) = 4,,,,
brk,0x55618e24b000)                     = 0x55618e24b000,,,,,
clone,child_stack=0x7f3a6be8dfb0, parent_tid=[2877], tls=0x7f3a6be8e700, child_tidptr=0x7f3a6be8e9d0) = 2877,,
futex,0x7f3a6be8e9d0,2877, NULL) = 0,,,
clone,child_stack=0x7f3a6be8dfb0, parent_tid=[2878], tls=0x7f3a6be8e700, child_tidptr=0x7f3a6be8e9d0) = 2878,,
write,4, 4194304) = 4194304,,,,
write,1, 1)                        = 1,,,,
write,1, 1)                        = 1,,,,
write,1, 1)                        = 1,,,,
write,1, 1)                        = 1,,,,
write,1, 1)                        = 1,,,,
write,1, 1)                        = 1,,,,
write,1, 1)                        = 1,,,,
write,1, 1)                        = 1,,,,
write,1, 1)                        = 1,,,,
write,1, 1)                        = 1,,,,
write,1, 1)                        = 1,,,,
write,1, 1)                        = 1,,,,
write,1, 1)                        = 1,,,,
write,1, 1)                        = 1,,,,
write,1, 1)                        = 1,,,,
write,1, 1)                        = 1,,,,
write,1, 1)                        = 1,,,,
write,1, 1)                        = 1,,,,
write,1, 1)                        = 1,,,,
write,1, 1)                        = 1,,,,
write,1, 1)                        = 1,,,,
write,1, 1)                        = 1,,,,
write,1, 1)                        = 1,,,,
write,1, 1)                        = 1,,,,
write,1, 1)                        = 1,,,,
write,1, 1)                        = 1,,,,
write,1, 1)                        = 1,,,,
write,1, 1)                        = 1,,,,
write,1, 1)                        = 1,,,,
write,1, 1)                        = 1,,,,
write,1, 1)                        = 1,,,,
futex,0x7f3a6be8e9d0,2878, NULL) = 0,,,
write,4, 2478080) = 2478080,,,,
write,1, 1)                        = 1,,,,
write,1, 1)                        = 1,,,,
write,1, 1)                        = 1,,,,
write,1, 1)                        = 1,,,,
write,1, 1)                        = 1,,,,
write,1, 1)                        = 1,,,,
write,1, 1)                        = 1,,,,
write,1, 1)                        = 1,,,,
write,1, 1)                        = 1,,,,
write,1, 1)                        = 1,,,,
write,1, 1)                        = 1,,,,
write,1, 1)                        = 1,,,,
write,1, 1)                        = 1,,,,
write,1, 1)                        = 1,,,,
write,1, 1)                        = 1,,,,
write,1, 1)                        = 1,,,,
write,1, 1)                        = 1,,,,
fsync,4)                                = 0,,,,,
fadvise64,4,6672384, POSIX_FADV_DONTNEED) = 0,,,
close,4)                                = 0,,,,,
write,1, 1)                       = 1,,,,
ioctl,1, {B38400 opost isig icanon echo ...}) = 0,,,,
write,1, 114) = 114,,,,
read,3, 16) = 16,,,,
read,3, 16) = 16,,,,
lstat,lecture4.pdf, st_size=6672384, ...}) = 0,,,
stat,lecture4.pdf, st_size=6672384, ...}) = 0,,,
openat,AT_FDCWD, O_WRONLY|O_DIRECT) = 4,,,,
clone,child_stack=0x7f3a6be8dfb0, parent_tid=[2882], tls=0x7f3a6be8e700, child_tidptr=0x7f3a6be8e9d0) = 2882,,
futex,0x7f3a6be8e9d0,2882, NULL) = 0,,,
clone,child_stack=0x7f3a6be8dfb0, parent_tid=[2883], tls=0x7f3a6be8e700, child_tidptr=0x7f3a6be8e9d0) = 2883,,
write,4,\266\203a\361\325\25|\303\2751J,"\201""...", 4194304) = 4194304,,
write,1, 1)                        = 1,,,,
write,1, 1)                        = 1,,,,
write,1, 1)                        = 1,,,,
write,1, 1)                        = 1,,,,
write,1, 1)                        = 1,,,,
write,1, 1)                        = 1,,,,
write,1, 1)                        = 1,,,,
write,1, 1)                        = 1,,,,
write,1, 1)                        = 1,,,,
write,1, 1)                        = 1,,,,
write,1, 1)                        = 1,,,,
write,1, 1)                        = 1,,,,
write,1, 1)                        = 1,,,,
write,1, 1)                        = 1,,,,
write,1, 1)                        = 1,,,,
write,1, 1)                        = 1,,,,
write,1, 1)                        = 1,,,,
write,1, 1)                        = 1,,,,
write,1, 1)                        = 1,,,,
write,1, 1)                        = 1,,,,
write,1, 1)                        = 1,,,,
write,1, 1)                        = 1,,,,
write,1, 1)                        = 1,,,,
write,1, 1)                        = 1,,,,
write,1, 1)                        = 1,,,,
write,1, 1)                        = 1,,,,
write,1, 1)                        = 1,,,,
write,1, 1)                        = 1,,,,
write,1, 1)                        = 1,,,,
write,1, 1)                        = 1,,,,
write,1, 1)                        = 1,,,,
futex,0x7f3a6be8e9d0,2883, NULL) = 0,,,
write,4, 2478080) = 2478080,,,,
write,1, 1)                        = 1,,,,
write,1, 1)                        = 1,,,,
write,1, 1)                        = 1,,,,
write,1, 1)                        = 1,,,,
write,1, 1)                        = 1,,,,
write,1, 1)                        = 1,,,,
write,1, 1)                        = 1,,,,
write,1, 1)                        = 1,,,,
write,1, 1)                        = 1,,,,
write,1, 1)                        = 1,,,,
write,1, 1)                        = 1,,,,
write,1, 1)                        = 1,,,,
write,1, 1)                        = 1,,,,
write,1, 1)                        = 1,,,,
write,1, 1)                        = 1,,,,
write,1, 1)                        = 1,,,,
write,1, 1)                        = 1,,,,
fsync,4)                                = 0,,,,,
fadvise64,4,6672384, POSIX_FADV_DONTNEED) = 0,,,
close,4)                                = 0,,,,,
write,1, 1)                       = 1,,,,
ioctl,1, {B38400 opost isig icanon echo ...}) = 0,,,,
write,1, 114) = 114,,,,
read,3, 16) = 16,,,,
read,3, 16) = 16,,,,
lstat,lecture4.pdf, st_size=6672384, ...}) = 0,,,
stat,lecture4.pdf, st_size=6672384, ...}) = 0,,,
openat,AT_FDCWD, O_WRONLY|O_DIRECT) = 4,,,,
clone,child_stack=0x7f3a6be8dfb0, parent_tid=[2884], tls=0x7f3a6be8e700, child_tidptr=0x7f3a6be8e9d0) = 2884,,
futex,0x7f3a6be8e9d0,2884, NULL) = 0,,,
clone,child_stack=0x7f3a6be8dfb0, parent_tid=[2885], tls=0x7f3a6be8e700, child_tidptr=0x7f3a6be8e9d0) = 2885,,
write,4, 4194304) = 4194304,,,,
write,1, 1)                        = 1,,,,
write,1, 1)                        = 1,,,,
write,1, 1)                        = 1,,,,
write,1, 1)                        = 1,,,,
write,1, 1)                        = 1,,,,
write,1, 1)                        = 1,,,,
write,1, 1)                        = 1,,,,
write,1, 1)                        = 1,,,,
write,1, 1)                        = 1,,,,
write,1, 1)                        = 1,,,,
write,1, 1)                        = 1,,,,
write,1, 1)                        = 1,,,,
write,1, 1)                        = 1,,,,
write,1, 1)                        = 1,,,,
write,1, 1)                        = 1,,,,
write,1, 1)                        = 1,,,,
write,1, 1)                        = 1,,,,
write,1, 1)                        = 1,,,,
write,1, 1)                        = 1,,,,
write,1, 1)                        = 1,,,,
write,1, 1)                        = 1,,,,
write,1, 1)                        = 1,,,,
write,1, 1)                        = 1,,,,
write,1, 1)                        = 1,,,,
write,1, 1)                        = 1,,,,
write,1, 1)                        = 1,,,,
write,1, 1)                        = 1,,,,
write,1, 1)                        = 1,,,,
write,1, 1)                        = 1,,,,
write,1, 1)                        = 1,,,,
write,1, 1)                        = 1,,,,
futex,0x7f3a6be8e9d0,2885, NULL) = 0,,,
write,4, 2478080) = 2478080,,,,
write,1, 1)                        = 1,,,,
write,1, 1)                        = 1,,,,
write,1, 1)                        = 1,,,,
write,1, 1)                        = 1,,,,
write,1, 1)                        = 1,,,,
write,1, 1)                        = 1,,,,
write,1, 1)                        = 1,,,,
write,1, 1)                        = 1,,,,
write,1, 1)                        = 1,,,,
write,1, 1)                        = 1,,,,
write,1, 1)                        = 1,,,,
write,1, 1)                        = 1,,,,
write,1, 1)                        = 1,,,,
write,1, 1)                        = 1,,,,
write,1, 1)                        = 1,,,,
write,1, 1)                        = 1,,,,
write,1, 1)                        = 1,,,,
fsync,4)                                = 0,,,,,
fadvise64,4,6672384, POSIX_FADV_DONTNEED) = 0,,,
close,4)                                = 0,,,,,
write,1, 1)                       = 1,,,,
ioctl,1, {B38400 opost isig icanon echo ...}) = 0,,,,
write,1, 114) = 114,,,,
read,3, 16) = 16,,,,
read,3, 16) = 16,,,,
lstat,lecture4.pdf, st_size=6672384, ...}) = 0,,,
stat,lecture4.pdf, st_size=6672384, ...}) = 0,,,
openat,AT_FDCWD, O_WRONLY|O_DIRECT) = 4,,,,
clone,child_stack=0x7f3a6be8dfb0, parent_tid=[2886], tls=0x7f3a6be8e700, child_tidptr=0x7f3a6be8e9d0) = 2886,,
futex,0x7f3a6be8e9d0,2886, NULL) = 0,,,
clone,child_stack=0x7f3a6be8dfb0, parent_tid=[2887], tls=0x7f3a6be8e700, child_tidptr=0x7f3a6be8e9d0) = 2887,,
write,4, 4194304) = 4194304,,,,
write,1, 1)                        = 1,,,,
write,1, 1)                        = 1,,,,
write,1, 1)                        = 1,,,,
write,1, 1)                        = 1,,,,
write,1, 1)                        = 1,,,,
write,1, 1)                        = 1,,,,
write,1, 1)                        = 1,,,,
write,1, 1)                        = 1,,,,
write,1, 1)                        = 1,,,,
write,1, 1)                        = 1,,,,
write,1, 1)                        = 1,,,,
write,1, 1)                        = 1,,,,
write,1, 1)                        = 1,,,,
write,1, 1)                        = 1,,,,
write,1, 1)                        = 1,,,,
write,1, 1)                        = 1,,,,
write,1, 1)                        = 1,,,,
write,1, 1)                        = 1,,,,
write,1, 1)                        = 1,,,,
write,1, 1)                        = 1,,,,
write,1, 1)                        = 1,,,,
write,1, 1)                        = 1,,,,
write,1, 1)                        = 1,,,,
write,1, 1)                        = 1,,,,
write,1, 1)                        = 1,,,,
write,1, 1)                        = 1,,,,
write,1, 1)                        = 1,,,,
write,1, 1)                        = 1,,,,
write,1, 1)                        = 1,,,,
write,1, 1)                        = 1,,,,
write,1, 1)                        = 1,,,,
futex,0x7f3a6be8e9d0,2887, NULL) = 0,,,
write,4, 2478080) = 2478080,,,,
write,1, 1)                        = 1,,,,
write,1, 1)                        = 1,,,,
write,1, 1)                        = 1,,,,
write,1, 1)                        = 1,,,,
write,1, 1)                        = 1,,,,
write,1, 1)                        = 1,,,,
write,1, 1)                        = 1,,,,
write,1, 1)                        = 1,,,,
write,1, 1)                        = 1,,,,
write,1, 1)                        = 1,,,,
write,1, 1)                        = 1,,,,
write,1, 1)                        = 1,,,,
write,1, 1)                        = 1,,,,
write,1, 1)                        = 1,,,,
write,1, 1)                        = 1,,,,
write,1, 1)                        = 1,,,,
write,1, 1)                        = 1,,,,
fsync,4)                                = 0,,,,,
fadvise64,4,6672384, POSIX_FADV_DONTNEED) = 0,,,
close,4)                                = 0,,,,,
write,1, 1)                       = 1,,,,
ioctl,1, {B38400 opost isig icanon echo ...}) = 0,,,,
write,1, 114) = 114,,,,
read,3, 16) = 16,,,,
read,3, 16) = 16,,,,
lstat,lecture4.pdf, st_size=6672384, ...}) = 0,,,
stat,lecture4.pdf, st_size=6672384, ...}) = 0,,,
openat,AT_FDCWD, O_WRONLY|O_DIRECT) = 4,,,,
clone,child_stack=0x7f3a6be8dfb0, parent_tid=[2888], tls=0x7f3a6be8e700, child_tidptr=0x7f3a6be8e9d0) = 2888,,
futex,0x7f3a6be8e9d0,2888, NULL) = 0,,,
clone,child_stack=0x7f3a6be8dfb0, parent_tid=[2889], tls=0x7f3a6be8e700, child_tidptr=0x7f3a6be8e9d0) = 2889,,
write,4, 4194304) = 4194304,,,,
write,1, 1)                        = 1,,,,
write,1, 1)                        = 1,,,,
write,1, 1)                        = 1,,,,
write,1, 1)                        = 1,,,,
write,1, 1)                        = 1,,,,
write,1, 1)                        = 1,,,,
write,1, 1)                        = 1,,,,
write,1, 1)                        = 1,,,,
write,1, 1)                        = 1,,,,
write,1, 1)                        = 1,,,,
write,1, 1)                        = 1,,,,
write,1, 1)                        = 1,,,,
write,1, 1)                        = 1,,,,
write,1, 1)                        = 1,,,,
write,1, 1)                        = 1,,,,
write,1, 1)                        = 1,,,,
write,1, 1)                        = 1,,,,
write,1, 1)                        = 1,,,,
write,1, 1)                        = 1,,,,
write,1, 1)                        = 1,,,,
write,1, 1)                        = 1,,,,
write,1, 1)                        = 1,,,,
write,1, 1)                        = 1,,,,
write,1, 1)                        = 1,,,,
write,1, 1)                        = 1,,,,
write,1, 1)                        = 1,,,,
write,1, 1)                        = 1,,,,
write,1, 1)                        = 1,,,,
write,1, 1)                        = 1,,,,
write,1, 1)                        = 1,,,,
write,1, 1)                        = 1,,,,
futex,0x7f3a6be8e9d0,2889, NULL) = 0,,,
write,4, 2478080) = 2478080,,,,
write,1, 1)                        = 1,,,,
write,1, 1)                        = 1,,,,
write,1, 1)                        = 1,,,,
write,1, 1)                        = 1,,,,
write,1, 1)                        = 1,,,,
write,1, 1)                        = 1,,,,
write,1, 1)                        = 1,,,,
write,1, 1)                        = 1,,,,
write,1, 1)                        = 1,,,,
write,1, 1)                        = 1,,,,
write,1, 1)                        = 1,,,,
write,1, 1)                        = 1,,,,
write,1, 1)                        = 1,,,,
write,1, 1)                        = 1,,,,
write,1, 1)                        = 1,,,,
write,1, 1)                        = 1,,,,
write,1, 1)                        = 1,,,,
fsync,4)                                = 0,,,,,
fadvise64,4,6672384, POSIX_FADV_DONTNEED) = 0,,,
close,4)                                = 0,,,,,
write,1, 1)                       = 1,,,,
ioctl,1, {B38400 opost isig icanon echo ...}) = 0,,,,
write,1, 114) = 114,,,,
read,3, 16) = 16,,,,
read,3, 16) = 16,,,,
lstat,lecture4.pdf, st_size=6672384, ...}) = 0,,,
stat,lecture4.pdf, st_size=6672384, ...}) = 0,,,
openat,AT_FDCWD, O_WRONLY|O_DIRECT) = 4,,,,
clone,child_stack=0x7f3a6be8dfb0, parent_tid=[2890], tls=0x7f3a6be8e700, child_tidptr=0x7f3a6be8e9d0) = 2890,,
futex,0x7f3a6be8e9d0,2890, NULL) = 0,,,
clone,child_stack=0x7f3a6be8dfb0, parent_tid=[2891], tls=0x7f3a6be8e700, child_tidptr=0x7f3a6be8e9d0) = 2891,,
write,4, 4194304) = 4194304,,,,
write,1, 1)                        = 1,,,,
write,1, 1)                        = 1,,,,
write,1, 1)                        = 1,,,,
write,1, 1)                        = 1,,,,
write,1, 1)                        = 1,,,,
write,1, 1)                        = 1,,,,
write,1, 1)                        = 1,,,,
write,1, 1)                        = 1,,,,
write,1, 1)                        = 1,,,,
write,1, 1)                        = 1,,,,
write,1, 1)                        = 1,,,,
write,1, 1)                        = 1,,,,
write,1, 1)                        = 1,,,,
write,1, 1)                        = 1,,,,
write,1, 1)                        = 1,,,,
write,1, 1)                        = 1,,,,
write,1, 1)                        = 1,,,,
write,1, 1)                        = 1,,,,
write,1, 1)                        = 1,,,,
write,1, 1)                        = 1,,,,
write,1, 1)                        = 1,,,,
write,1, 1)                        = 1,,,,
write,1, 1)                        = 1,,,,
write,1, 1)                        = 1,,,,
write,1, 1)                        = 1,,,,
write,1, 1)                        = 1,,,,
write,1, 1)                        = 1,,,,
write,1, 1)                        = 1,,,,
write,1, 1)                        = 1,,,,
write,1, 1)                        = 1,,,,
write,1, 1)                        = 1,,,,
futex,0x7f3a6be8e9d0,2891, NULL) = 0,,,
write,4, 2478080) = 2478080,,,,
write,1, 1)                        = 1,,,,
write,1, 1)                        = 1,,,,
write,1, 1)                        = 1,,,,
write,1, 1)                        = 1,,,,
write,1, 1)                        = 1,,,,
write,1, 1)                        = 1,,,,
write,1, 1)                        = 1,,,,
write,1, 1)                        = 1,,,,
write,1, 1)                        = 1,,,,
write,1, 1)                        = 1,,,,
write,1, 1)                        = 1,,,,
write,1, 1)                        = 1,,,,
write,1, 1)                        = 1,,,,
write,1, 1)                        = 1,,,,
write,1, 1)                        = 1,,,,
write,1, 1)                        = 1,,,,
write,1, 1)                        = 1,,,,
fsync,4)                                = 0,,,,,
fadvise64,4,6672384, POSIX_FADV_DONTNEED) = 0,,,
close,4)                                = 0,,,,,
write,1, 1)                       = 1,,,,
stat,lecture4.pdf, st_size=6672384, ...}) = 0,,,
openat,AT_FDCWD, O_RDWR) = 4,,,,
read,4, 4096) = 4096,,,,
lseek,4, SEEK_SET)                   = 0,,,,
write,4, 4096) = 4096,,,,
close,4)                                = 0,,,,,
munmap,0x7f3a6c290000,,,,,
exit_group,0)                           = ?,,,,,
+++ exited with 0 +++,,,,,,
