Data,,,,,,
execve,/usr/bin/scrub," ""lecture3.pdf"""," ""-p"""," ""old""]", 0x7ffcb2426988 /* 50 vars */) = 0,
brk,NULL)                               = 0x5621490ee000,,,,,
arch_prctl,0x3001 /* ARCH_??? */,,,,,
access,/etc/ld.so.preload,,,,,
openat,AT_FDCWD, O_RDONLY|O_CLOEXEC) = 3,,,,
fstat,3, st_size=69600, ...}) = 0,,,
mmap,NULL, PROT_READ, MAP_PRIVATE,3, 0) = 0x7f0902416000,
close,3)                                = 0,,,,,
openat,AT_FDCWD, O_RDONLY|O_CLOEXEC) = 3,,,,
read,3, 832) = 832,,,,
pread64,3,68, 824) = 68,,,
fstat,3, st_size=157224, ...}) = 0,,,
mmap,NULL, PROT_READ|PROT_WRITE, MAP_PRIVATE|MAP_ANONYMOUS,-1, 0) = 0x7f0902414000,
pread64,3,68, 824) = 68,,,
mmap,NULL, PROT_READ, MAP_PRIVATE|MAP_DENYWRITE,3, 0) = 0x7f09023f1000,
mmap,0x7f09023f7000, PROT_READ|PROT_EXEC, MAP_PRIVATE|MAP_FIXED|MAP_DENYWRITE,3, 0x6000) = 0x7f09023f7000,
mmap,0x7f0902408000, PROT_READ, MAP_PRIVATE|MAP_FIXED|MAP_DENYWRITE,3, 0x17000) = 0x7f0902408000,
mmap,0x7f090240e000, PROT_READ|PROT_WRITE, MAP_PRIVATE|MAP_FIXED|MAP_DENYWRITE,3, 0x1c000) = 0x7f090240e000,
mmap,0x7f0902410000, PROT_READ|PROT_WRITE, MAP_PRIVATE|MAP_FIXED|MAP_ANONYMOUS,-1, 0) = 0x7f0902410000,
close,3)                                = 0,,,,,
openat,AT_FDCWD, O_RDONLY|O_CLOEXEC) = 3,,,,
read,3, 832) = 832,,,,
pread64,3,784, 64) = 784,,,
pread64,3,32, 848) = 32,,,
pread64,3,68, 880) = 68,,,
fstat,3, st_size=2029592, ...}) = 0,,,
pread64,3,784, 64) = 784,,,
pread64,3,32, 848) = 32,,,
pread64,3,68, 880) = 68,,,
mmap,NULL, PROT_READ, MAP_PRIVATE|MAP_DENYWRITE,3, 0) = 0x7f09021ff000,
mmap,0x7f0902221000, PROT_READ|PROT_EXEC, MAP_PRIVATE|MAP_FIXED|MAP_DENYWRITE,3, 0x22000) = 0x7f0902221000,
mmap,0x7f0902399000, PROT_READ, MAP_PRIVATE|MAP_FIXED|MAP_DENYWRITE,3, 0x19a000) = 0x7f0902399000,
mmap,0x7f09023e7000, PROT_READ|PROT_WRITE, MAP_PRIVATE|MAP_FIXED|MAP_DENYWRITE,3, 0x1e7000) = 0x7f09023e7000,
mmap,0x7f09023ed000, PROT_READ|PROT_WRITE, MAP_PRIVATE|MAP_FIXED|MAP_ANONYMOUS,-1, 0) = 0x7f09023ed000,
close,3)                                = 0,,,,,
mmap,NULL, PROT_READ|PROT_WRITE, MAP_PRIVATE|MAP_ANONYMOUS,-1, 0) = 0x7f09021fc000,
arch_prctl,ARCH_SET_FS,,,,,
mprotect,0x7f09023e7000, PROT_READ) = 0,,,,
mprotect,0x7f090240e000, PROT_READ) = 0,,,,
mprotect,0x562148abb000, PROT_READ) = 0,,,,
mprotect,0x7f0902454000, PROT_READ) = 0,,,,
munmap,0x7f0902416000,,,,,
set_tid_address,0x7f09021fca10)         = 2857,,,,,
set_robust_list,0x7f09021fca20,,,,,
rt_sigaction,SIGRTMIN, sa_mask=[], sa_flags=SA_RESTORER|SA_SIGINFO, sa_restorer=0x7f0902405420}, NULL, 8) = 0
rt_sigaction,SIGRT_1, sa_mask=[], sa_flags=SA_RESTORER|SA_RESTART|SA_SIGINFO, sa_restorer=0x7f0902405420}, NULL, 8) = 0
rt_sigprocmask,SIG_UNBLOCK, NULL, 8) = 0,,,
prlimit64,0, NULL, {rlim_cur=8192*1024, rlim_max=RLIM64_INFINITY}) = 0,,
fstat,1, st_rdev=makedev(0x88, 0), ...}) = 0,,
brk,NULL)                               = 0x5621490ee000,,,,,
brk,0x56214910f000)                     = 0x56214910f000,,,,,
write,1, 37) = 37,,,,
lstat,lecture3.pdf, st_size=6669435, ...}) = 0,,,
stat,lecture3.pdf, st_size=6669435, ...}) = 0,,,
access,lecture3.pdf,,,,,
stat,lecture3.pdf, st_size=6669435, ...}) = 0,,,
openat,AT_FDCWD, O_RDONLY) = 3,,,,
read,3, 4096) = 4096,,,,
close,3)                                = 0,,,,,
lstat,lecture3.pdf, st_size=6669435, ...}) = 0,,,
stat,lecture3.pdf, st_size=6669435, ...}) = 0,,,
stat,lecture3.pdf, st_size=6669435, ...}) = 0,,,
write,1, 66) = 66,,,,
mmap,NULL, PROT_READ|PROT_WRITE, MAP_PRIVATE|MAP_ANONYMOUS,-1, 0) = 0x7f0900dfb000,
write,1, 54) = 54,,,,
openat,AT_FDCWD, O_RDONLY) = 3,,,,
read,3,", 16) = 16
read(3, \31\366\312\324\201\314\17G\27Y{\27\223Kl\204""", 16) = 16,,,
ioctl,1, {B38400 opost isig icanon echo ...}) = 0,,,,
write,1, 114) = 114,,,,
lstat,lecture3.pdf, st_size=6669435, ...}) = 0,,,
stat,lecture3.pdf, st_size=6669435, ...}) = 0,,,
openat,AT_FDCWD, O_WRONLY|O_DIRECT) = 4,,,,
write,4, 4194304) = 4194304,,,,
write,1, 1)                        = 1,,,,
write,1, 1)                        = 1,,,,
write,1, 1)                        = 1,,,,
write,1, 1)                        = 1,,,,
write,1, 1)                        = 1,,,,
write,1, 1)                        = 1,,,,
write,1, 1)                        = 1,,,,
write,1, 1)                        = 1,,,,
write,1, 1)                        = 1,,,,
write,1, 1)                        = 1,,,,
write,1, 1)                        = 1,,,,
write,1, 1)                        = 1,,,,
write,1, 1)                        = 1,,,,
write,1, 1)                        = 1,,,,
write,1, 1)                        = 1,,,,
write,1, 1)                        = 1,,,,
write,1, 1)                        = 1,,,,
write,1, 1)                        = 1,,,,
write,1, 1)                        = 1,,,,
write,1, 1)                        = 1,,,,
write,1, 1)                        = 1,,,,
write,1, 1)                        = 1,,,,
write,1, 1)                        = 1,,,,
write,1, 1)                        = 1,,,,
write,1, 1)                        = 1,,,,
write,1, 1)                        = 1,,,,
write,1, 1)                        = 1,,,,
write,1, 1)                        = 1,,,,
write,1, 1)                        = 1,,,,
write,1, 1)                        = 1,,,,
write,1, 1)                        = 1,,,,
write,4, 2478080) = 2478080,,,,
write,1, 1)                        = 1,,,,
write,1, 1)                        = 1,,,,
write,1, 1)                        = 1,,,,
write,1, 1)                        = 1,,,,
write,1, 1)                        = 1,,,,
write,1, 1)                        = 1,,,,
write,1, 1)                        = 1,,,,
write,1, 1)                        = 1,,,,
write,1, 1)                        = 1,,,,
write,1, 1)                        = 1,,,,
write,1, 1)                        = 1,,,,
write,1, 1)                        = 1,,,,
write,1, 1)                        = 1,,,,
write,1, 1)                        = 1,,,,
write,1, 1)                        = 1,,,,
write,1, 1)                        = 1,,,,
write,1, 1)                        = 1,,,,
fsync,4)                                = 0,,,,,
fadvise64,4,6672384, POSIX_FADV_DONTNEED) = 0,,,
close,4)                                = 0,,,,,
write,1, 1)                       = 1,,,,
ioctl,1, {B38400 opost isig icanon echo ...}) = 0,,,,
write,1, 114) = 114,,,,
lstat,lecture3.pdf, st_size=6672384, ...}) = 0,,,
stat,lecture3.pdf, st_size=6672384, ...}) = 0,,,
openat,AT_FDCWD, O_WRONLY|O_DIRECT) = 4,,,,
write,4, 4194304) = 4194304,,,,
write,1, 1)                        = 1,,,,
write,1, 1)                        = 1,,,,
write,1, 1)                        = 1,,,,
write,1, 1)                        = 1,,,,
write,1, 1)                        = 1,,,,
write,1, 1)                        = 1,,,,
write,1, 1)                        = 1,,,,
write,1, 1)                        = 1,,,,
write,1, 1)                        = 1,,,,
write,1, 1)                        = 1,,,,
write,1, 1)                        = 1,,,,
write,1, 1)                        = 1,,,,
write,1, 1)                        = 1,,,,
write,1, 1)                        = 1,,,,
write,1, 1)                        = 1,,,,
write,1, 1)                        = 1,,,,
write,1, 1)                        = 1,,,,
write,1, 1)                        = 1,,,,
write,1, 1)                        = 1,,,,
write,1, 1)                        = 1,,,,
write,1, 1)                        = 1,,,,
write,1, 1)                        = 1,,,,
write,1, 1)                        = 1,,,,
write,1, 1)                        = 1,,,,
write,1, 1)                        = 1,,,,
write,1, 1)                        = 1,,,,
write,1, 1)                        = 1,,,,
write,1, 1)                        = 1,,,,
write,1, 1)                        = 1,,,,
write,1, 1)                        = 1,,,,
write,1, 1)                        = 1,,,,
write,4, 2478080) = 2478080,,,,
write,1, 1)                        = 1,,,,
write,1, 1)                        = 1,,,,
write,1, 1)                        = 1,,,,
write,1, 1)                        = 1,,,,
write,1, 1)                        = 1,,,,
write,1, 1)                        = 1,,,,
write,1, 1)                        = 1,,,,
write,1, 1)                        = 1,,,,
write,1, 1)                        = 1,,,,
write,1, 1)                        = 1,,,,
write,1, 1)                        = 1,,,,
write,1, 1)                        = 1,,,,
write,1, 1)                        = 1,,,,
write,1, 1)                        = 1,,,,
write,1, 1)                        = 1,,,,
write,1, 1)                        = 1,,,,
write,1, 1)                        = 1,,,,
fsync,4)                                = 0,,,,,
fadvise64,4,6672384, POSIX_FADV_DONTNEED) = 0,,,
close,4)                                = 0,,,,,
write,1, 1)                       = 1,,,,
ioctl,1, {B38400 opost isig icanon echo ...}) = 0,,,,
write,1, 114) = 114,,,,
lstat,lecture3.pdf, st_size=6672384, ...}) = 0,,,
stat,lecture3.pdf, st_size=6672384, ...}) = 0,,,
openat,AT_FDCWD, O_WRONLY|O_DIRECT) = 4,,,,
write,4, 4194304) = 4194304,,,,
write,1, 1)                        = 1,,,,
write,1, 1)                        = 1,,,,
write,1, 1)                        = 1,,,,
write,1, 1)                        = 1,,,,
write,1, 1)                        = 1,,,,
write,1, 1)                        = 1,,,,
write,1, 1)                        = 1,,,,
write,1, 1)                        = 1,,,,
write,1, 1)                        = 1,,,,
write,1, 1)                        = 1,,,,
write,1, 1)                        = 1,,,,
write,1, 1)                        = 1,,,,
write,1, 1)                        = 1,,,,
write,1, 1)                        = 1,,,,
write,1, 1)                        = 1,,,,
write,1, 1)                        = 1,,,,
write,1, 1)                        = 1,,,,
write,1, 1)                        = 1,,,,
write,1, 1)                        = 1,,,,
write,1, 1)                        = 1,,,,
write,1, 1)                        = 1,,,,
write,1, 1)                        = 1,,,,
write,1, 1)                        = 1,,,,
write,1, 1)                        = 1,,,,
write,1, 1)                        = 1,,,,
write,1, 1)                        = 1,,,,
write,1, 1)                        = 1,,,,
write,1, 1)                        = 1,,,,
write,1, 1)                        = 1,,,,
write,1, 1)                        = 1,,,,
write,1, 1)                        = 1,,,,
write,4, 2478080) = 2478080,,,,
write,1, 1)                        = 1,,,,
write,1, 1)                        = 1,,,,
write,1, 1)                        = 1,,,,
write,1, 1)                        = 1,,,,
write,1, 1)                        = 1,,,,
write,1, 1)                        = 1,,,,
write,1, 1)                        = 1,,,,
write,1, 1)                        = 1,,,,
write,1, 1)                        = 1,,,,
write,1, 1)                        = 1,,,,
write,1, 1)                        = 1,,,,
write,1, 1)                        = 1,,,,
write,1, 1)                        = 1,,,,
write,1, 1)                        = 1,,,,
write,1, 1)                        = 1,,,,
write,1, 1)                        = 1,,,,
write,1, 1)                        = 1,,,,
fsync,4)                                = 0,,,,,
fadvise64,4,6672384, POSIX_FADV_DONTNEED) = 0,,,
close,4)                                = 0,,,,,
write,1, 1)                       = 1,,,,
ioctl,1, {B38400 opost isig icanon echo ...}) = 0,,,,
write,1, 114) = 114,,,,
read,3, 16) = 16,,,,
read,3, 16) = 16,,,,
lstat,lecture3.pdf, st_size=6672384, ...}) = 0,,,
stat,lecture3.pdf, st_size=6672384, ...}) = 0,,,
openat,AT_FDCWD, O_WRONLY|O_DIRECT) = 4,,,,
mmap,NULL, PROT_READ|PROT_WRITE, MAP_PRIVATE|MAP_ANONYMOUS,-1, 0) = 0x7f09009fa000,
mmap,NULL, PROT_NONE, MAP_PRIVATE|MAP_ANONYMOUS|MAP_STACK,-1, 0) = 0x7f09001f9000,
mprotect,0x7f09001fa000, PROT_READ|PROT_WRITE) = 0,,,,
clone,child_stack=0x7f09009f8fb0, parent_tid=[2859], tls=0x7f09009f9700, child_tidptr=0x7f09009f99d0) = 2859,,
futex,0x7f09009f99d0,2859, NULL) = 0,,,
clone,child_stack=0x7f09009f8fb0, parent_tid=[2861], tls=0x7f09009f9700, child_tidptr=0x7f09009f99d0) = 2861,,
write,4, 4194304) = 4194304,,,,
write,1, 1)                        = 1,,,,
write,1, 1)                        = 1,,,,
write,1, 1)                        = 1,,,,
write,1, 1)                        = 1,,,,
write,1, 1)                        = 1,,,,
write,1, 1)                        = 1,,,,
write,1, 1)                        = 1,,,,
write,1, 1)                        = 1,,,,
write,1, 1)                        = 1,,,,
write,1, 1)                        = 1,,,,
write,1, 1)                        = 1,,,,
write,1, 1)                        = 1,,,,
write,1, 1)                        = 1,,,,
write,1, 1)                        = 1,,,,
write,1, 1)                        = 1,,,,
write,1, 1)                        = 1,,,,
write,1, 1)                        = 1,,,,
write,1, 1)                        = 1,,,,
write,1, 1)                        = 1,,,,
write,1, 1)                        = 1,,,,
write,1, 1)                        = 1,,,,
write,1, 1)                        = 1,,,,
write,1, 1)                        = 1,,,,
write,1, 1)                        = 1,,,,
write,1, 1)                        = 1,,,,
write,1, 1)                        = 1,,,,
write,1, 1)                        = 1,,,,
write,1, 1)                        = 1,,,,
write,1, 1)                        = 1,,,,
write,1, 1)                        = 1,,,,
write,1, 1)                        = 1,,,,
write,4, 2478080) = 2478080,,,,
write,1, 1)                        = 1,,,,
write,1, 1)                        = 1,,,,
write,1, 1)                        = 1,,,,
write,1, 1)                        = 1,,,,
write,1, 1)                        = 1,,,,
write,1, 1)                        = 1,,,,
write,1, 1)                        = 1,,,,
write,1, 1)                        = 1,,,,
write,1, 1)                        = 1,,,,
write,1, 1)                        = 1,,,,
write,1, 1)                        = 1,,,,
write,1, 1)                        = 1,,,,
write,1, 1)                        = 1,,,,
write,1, 1)                        = 1,,,,
write,1, 1)                        = 1,,,,
write,1, 1)                        = 1,,,,
write,1, 1)                        = 1,,,,
fsync,4)                                = 0,,,,,
fadvise64,4,6672384, POSIX_FADV_DONTNEED) = 0,,,
close,4)                                = 0,,,,,
munmap,0x7f09009fa000,,,,,
write,1, 1)                       = 1,,,,
ioctl,1, {B38400 opost isig icanon echo ...}) = 0,,,,
write,1, 114) = 114,,,,
lstat,lecture3.pdf, st_size=6672384, ...}) = 0,,,
stat,lecture3.pdf, st_size=6672384, ...}) = 0,,,
openat,AT_FDCWD, O_WRONLY|O_DIRECT) = 4,,,,
write,4, 4194304) = 4194304,,,,
write,1, 1)                        = 1,,,,
write,1, 1)                        = 1,,,,
write,1, 1)                        = 1,,,,
write,1, 1)                        = 1,,,,
write,1, 1)                        = 1,,,,
write,1, 1)                        = 1,,,,
write,1, 1)                        = 1,,,,
write,1, 1)                        = 1,,,,
write,1, 1)                        = 1,,,,
write,1, 1)                        = 1,,,,
write,1, 1)                        = 1,,,,
write,1, 1)                        = 1,,,,
write,1, 1)                        = 1,,,,
write,1, 1)                        = 1,,,,
write,1, 1)                        = 1,,,,
write,1, 1)                        = 1,,,,
write,1, 1)                        = 1,,,,
write,1, 1)                        = 1,,,,
write,1, 1)                        = 1,,,,
write,1, 1)                        = 1,,,,
write,1, 1)                        = 1,,,,
write,1, 1)                        = 1,,,,
write,1, 1)                        = 1,,,,
write,1, 1)                        = 1,,,,
write,1, 1)                        = 1,,,,
write,1, 1)                        = 1,,,,
write,1, 1)                        = 1,,,,
write,1, 1)                        = 1,,,,
write,1, 1)                        = 1,,,,
write,1, 1)                        = 1,,,,
write,1, 1)                        = 1,,,,
write,4, 2478080) = 2478080,,,,
write,1, 1)                        = 1,,,,
write,1, 1)                        = 1,,,,
write,1, 1)                        = 1,,,,
write,1, 1)                        = 1,,,,
write,1, 1)                        = 1,,,,
write,1, 1)                        = 1,,,,
write,1, 1)                        = 1,,,,
write,1, 1)                        = 1,,,,
write,1, 1)                        = 1,,,,
write,1, 1)                        = 1,,,,
write,1, 1)                        = 1,,,,
write,1, 1)                        = 1,,,,
write,1, 1)                        = 1,,,,
write,1, 1)                        = 1,,,,
write,1, 1)                        = 1,,,,
write,1, 1)                        = 1,,,,
write,1, 1)                        = 1,,,,
fsync,4)                                = 0,,,,,
fadvise64,4,6672384, POSIX_FADV_DONTNEED) = 0,,,
close,4)                                = 0,,,,,
write,1, 1)                       = 1,,,,
ioctl,1, {B38400 opost isig icanon echo ...}) = 0,,,,
write,1, 114) = 114,,,,
mmap,NULL, PROT_READ|PROT_WRITE, MAP_PRIVATE|MAP_ANONYMOUS,-1, 0) = 0x7f08fedf8000,
lstat,lecture3.pdf, st_size=6672384, ...}) = 0,,,
stat,lecture3.pdf, st_size=6672384, ...}) = 0,,,
openat,AT_FDCWD, O_RDONLY|O_DIRECT) = 4,,,,
read,4, 4194304) = 4194304,,,,
write,1, 1)                        = 1,,,,
write,1, 1)                        = 1,,,,
write,1, 1)                        = 1,,,,
write,1, 1)                        = 1,,,,
write,1, 1)                        = 1,,,,
write,1, 1)                        = 1,,,,
write,1, 1)                        = 1,,,,
write,1, 1)                        = 1,,,,
write,1, 1)                        = 1,,,,
write,1, 1)                        = 1,,,,
write,1, 1)                        = 1,,,,
write,1, 1)                        = 1,,,,
write,1, 1)                        = 1,,,,
write,1, 1)                        = 1,,,,
write,1, 1)                        = 1,,,,
write,1, 1)                        = 1,,,,
write,1, 1)                        = 1,,,,
write,1, 1)                        = 1,,,,
write,1, 1)                        = 1,,,,
write,1, 1)                        = 1,,,,
write,1, 1)                        = 1,,,,
write,1, 1)                        = 1,,,,
write,1, 1)                        = 1,,,,
write,1, 1)                        = 1,,,,
write,1, 1)                        = 1,,,,
write,1, 1)                        = 1,,,,
write,1, 1)                        = 1,,,,
write,1, 1)                        = 1,,,,
write,1, 1)                        = 1,,,,
write,1, 1)                        = 1,,,,
write,1, 1)                        = 1,,,,
read,4, 2478080) = 2478080,,,,
write,1, 1)                        = 1,,,,
write,1, 1)                        = 1,,,,
write,1, 1)                        = 1,,,,
write,1, 1)                        = 1,,,,
write,1, 1)                        = 1,,,,
write,1, 1)                        = 1,,,,
write,1, 1)                        = 1,,,,
write,1, 1)                        = 1,,,,
write,1, 1)                        = 1,,,,
write,1, 1)                        = 1,,,,
write,1, 1)                        = 1,,,,
write,1, 1)                        = 1,,,,
write,1, 1)                        = 1,,,,
write,1, 1)                        = 1,,,,
write,1, 1)                        = 1,,,,
write,1, 1)                        = 1,,,,
write,1, 1)                        = 1,,,,
close,4)                                = 0,,,,,
munmap,0x7f08fedf8000,,,,,
write,1, 1)                       = 1,,,,
stat,lecture3.pdf, st_size=6672384, ...}) = 0,,,
openat,AT_FDCWD, O_RDWR) = 4,,,,
read,4, 4096) = 4096,,,,
lseek,4, SEEK_SET)                   = 0,,,,
write,4, 4096) = 4096,,,,
close,4)                                = 0,,,,,
munmap,0x7f0900dfb000,,,,,
exit_group,0)                           = ?,,,,,
+++ exited with 0 +++,,,,,,
