Data,,,,,,
execve,/usr/bin/scrub," ""lecture5.pdf"""," ""-p"""," ""bsi""]", 0x7ffdef026da8 /* 50 vars */) = 0,
brk,NULL)                               = 0x5652f1e91000,,,,,
arch_prctl,0x3001 /* ARCH_??? */,,,,,
access,/etc/ld.so.preload,,,,,
openat,AT_FDCWD, O_RDONLY|O_CLOEXEC) = 3,,,,
fstat,3, st_size=69600, ...}) = 0,,,
mmap,NULL, PROT_READ, MAP_PRIVATE,3, 0) = 0x7f364a307000,
close,3)                                = 0,,,,,
openat,AT_FDCWD, O_RDONLY|O_CLOEXEC) = 3,,,,
read,3, 832) = 832,,,,
pread64,3,68, 824) = 68,,,
fstat,3, st_size=157224, ...}) = 0,,,
mmap,NULL, PROT_READ|PROT_WRITE, MAP_PRIVATE|MAP_ANONYMOUS,-1, 0) = 0x7f364a305000,
pread64,3,68, 824) = 68,,,
mmap,NULL, PROT_READ, MAP_PRIVATE|MAP_DENYWRITE,3, 0) = 0x7f364a2e2000,
mmap,0x7f364a2e8000, PROT_READ|PROT_EXEC, MAP_PRIVATE|MAP_FIXED|MAP_DENYWRITE,3, 0x6000) = 0x7f364a2e8000,
mmap,0x7f364a2f9000, PROT_READ, MAP_PRIVATE|MAP_FIXED|MAP_DENYWRITE,3, 0x17000) = 0x7f364a2f9000,
mmap,0x7f364a2ff000, PROT_READ|PROT_WRITE, MAP_PRIVATE|MAP_FIXED|MAP_DENYWRITE,3, 0x1c000) = 0x7f364a2ff000,
mmap,0x7f364a301000, PROT_READ|PROT_WRITE, MAP_PRIVATE|MAP_FIXED|MAP_ANONYMOUS,-1, 0) = 0x7f364a301000,
close,3)                                = 0,,,,,
openat,AT_FDCWD, O_RDONLY|O_CLOEXEC) = 3,,,,
read,3, 832) = 832,,,,
pread64,3,784, 64) = 784,,,
pread64,3,32, 848) = 32,,,
pread64,3,68, 880) = 68,,,
fstat,3, st_size=2029592, ...}) = 0,,,
pread64,3,784, 64) = 784,,,
pread64,3,32, 848) = 32,,,
pread64,3,68, 880) = 68,,,
mmap,NULL, PROT_READ, MAP_PRIVATE|MAP_DENYWRITE,3, 0) = 0x7f364a0f0000,
mmap,0x7f364a112000, PROT_READ|PROT_EXEC, MAP_PRIVATE|MAP_FIXED|MAP_DENYWRITE,3, 0x22000) = 0x7f364a112000,
mmap,0x7f364a28a000, PROT_READ, MAP_PRIVATE|MAP_FIXED|MAP_DENYWRITE,3, 0x19a000) = 0x7f364a28a000,
mmap,0x7f364a2d8000, PROT_READ|PROT_WRITE, MAP_PRIVATE|MAP_FIXED|MAP_DENYWRITE,3, 0x1e7000) = 0x7f364a2d8000,
mmap,0x7f364a2de000, PROT_READ|PROT_WRITE, MAP_PRIVATE|MAP_FIXED|MAP_ANONYMOUS,-1, 0) = 0x7f364a2de000,
close,3)                                = 0,,,,,
mmap,NULL, PROT_READ|PROT_WRITE, MAP_PRIVATE|MAP_ANONYMOUS,-1, 0) = 0x7f364a0ed000,
arch_prctl,ARCH_SET_FS,,,,,
mprotect,0x7f364a2d8000, PROT_READ) = 0,,,,
mprotect,0x7f364a2ff000, PROT_READ) = 0,,,,
mprotect,0x5652f0a79000, PROT_READ) = 0,,,,
mprotect,0x7f364a345000, PROT_READ) = 0,,,,
munmap,0x7f364a307000,,,,,
set_tid_address,0x7f364a0eda10)         = 2907,,,,,
set_robust_list,0x7f364a0eda20,,,,,
rt_sigaction,SIGRTMIN, sa_mask=[], sa_flags=SA_RESTORER|SA_SIGINFO, sa_restorer=0x7f364a2f6420}, NULL, 8) = 0
rt_sigaction,SIGRT_1, sa_mask=[], sa_flags=SA_RESTORER|SA_RESTART|SA_SIGINFO, sa_restorer=0x7f364a2f6420}, NULL, 8) = 0
rt_sigprocmask,SIG_UNBLOCK, NULL, 8) = 0,,,
prlimit64,0, NULL, {rlim_cur=8192*1024, rlim_max=RLIM64_INFINITY}) = 0,,
fstat,1, st_rdev=makedev(0x88, 0), ...}) = 0,,
brk,NULL)                               = 0x5652f1e91000,,,,,
brk,0x5652f1eb2000)                     = 0x5652f1eb2000,,,,,
write,1, 26) = 26,,,,
lstat,lecture5.pdf, st_size=6669435, ...}) = 0,,,
stat,lecture5.pdf, st_size=6669435, ...}) = 0,,,
access,lecture5.pdf,,,,,
stat,lecture5.pdf, st_size=6669435, ...}) = 0,,,
openat,AT_FDCWD, O_RDONLY) = 3,,,,
read,3, 4096) = 4096,,,,
close,3)                                = 0,,,,,
lstat,lecture5.pdf, st_size=6669435, ...}) = 0,,,
stat,lecture5.pdf, st_size=6669435, ...}) = 0,,,
stat,lecture5.pdf, st_size=6669435, ...}) = 0,,,
write,1, 66) = 66,,,,
mmap,NULL, PROT_READ|PROT_WRITE, MAP_PRIVATE|MAP_ANONYMOUS,-1, 0) = 0x7f3648cec000,
write,1, 54) = 54,,,,
openat,AT_FDCWD, O_RDONLY) = 3,,,,
read,3, 16) = 16,,,,
read,3,"I\25\20#X$\3002""", 16) = 16,,,
ioctl,1, {B38400 opost isig icanon echo ...}) = 0,,,,
write,1, 114) = 114,,,,
lstat,lecture5.pdf, st_size=6669435, ...}) = 0,,,
stat,lecture5.pdf, st_size=6669435, ...}) = 0,,,
openat,AT_FDCWD, O_WRONLY|O_DIRECT) = 4,,,,
write,4, 4194304) = 4194304,,,,
write,1, 1)                        = 1,,,,
write,1, 1)                        = 1,,,,
write,1, 1)                        = 1,,,,
write,1, 1)                        = 1,,,,
write,1, 1)                        = 1,,,,
write,1, 1)                        = 1,,,,
write,1, 1)                        = 1,,,,
write,1, 1)                        = 1,,,,
write,1, 1)                        = 1,,,,
write,1, 1)                        = 1,,,,
write,1, 1)                        = 1,,,,
write,1, 1)                        = 1,,,,
write,1, 1)                        = 1,,,,
write,1, 1)                        = 1,,,,
write,1, 1)                        = 1,,,,
write,1, 1)                        = 1,,,,
write,1, 1)                        = 1,,,,
write,1, 1)                        = 1,,,,
write,1, 1)                        = 1,,,,
write,1, 1)                        = 1,,,,
write,1, 1)                        = 1,,,,
write,1, 1)                        = 1,,,,
write,1, 1)                        = 1,,,,
write,1, 1)                        = 1,,,,
write,1, 1)                        = 1,,,,
write,1, 1)                        = 1,,,,
write,1, 1)                        = 1,,,,
write,1, 1)                        = 1,,,,
write,1, 1)                        = 1,,,,
write,1, 1)                        = 1,,,,
write,1, 1)                        = 1,,,,
write,4, 2478080) = 2478080,,,,
write,1, 1)                        = 1,,,,
write,1, 1)                        = 1,,,,
write,1, 1)                        = 1,,,,
write,1, 1)                        = 1,,,,
write,1, 1)                        = 1,,,,
write,1, 1)                        = 1,,,,
write,1, 1)                        = 1,,,,
write,1, 1)                        = 1,,,,
write,1, 1)                        = 1,,,,
write,1, 1)                        = 1,,,,
write,1, 1)                        = 1,,,,
write,1, 1)                        = 1,,,,
write,1, 1)                        = 1,,,,
write,1, 1)                        = 1,,,,
write,1, 1)                        = 1,,,,
write,1, 1)                        = 1,,,,
write,1, 1)                        = 1,,,,
fsync,4)                                = 0,,,,,
fadvise64,4,6672384, POSIX_FADV_DONTNEED) = 0,,,
close,4)                                = 0,,,,,
write,1, 1)                       = 1,,,,
ioctl,1, {B38400 opost isig icanon echo ...}) = 0,,,,
write,1, 114) = 114,,,,
lstat,lecture5.pdf, st_size=6672384, ...}) = 0,,,
stat,lecture5.pdf, st_size=6672384, ...}) = 0,,,
openat,AT_FDCWD, O_WRONLY|O_DIRECT) = 4,,,,
write,4, 4194304) = 4194304,,,,
write,1, 1)                        = 1,,,,
write,1, 1)                        = 1,,,,
write,1, 1)                        = 1,,,,
write,1, 1)                        = 1,,,,
write,1, 1)                        = 1,,,,
write,1, 1)                        = 1,,,,
write,1, 1)                        = 1,,,,
write,1, 1)                        = 1,,,,
write,1, 1)                        = 1,,,,
write,1, 1)                        = 1,,,,
write,1, 1)                        = 1,,,,
write,1, 1)                        = 1,,,,
write,1, 1)                        = 1,,,,
write,1, 1)                        = 1,,,,
write,1, 1)                        = 1,,,,
write,1, 1)                        = 1,,,,
write,1, 1)                        = 1,,,,
write,1, 1)                        = 1,,,,
write,1, 1)                        = 1,,,,
write,1, 1)                        = 1,,,,
write,1, 1)                        = 1,,,,
write,1, 1)                        = 1,,,,
write,1, 1)                        = 1,,,,
write,1, 1)                        = 1,,,,
write,1, 1)                        = 1,,,,
write,1, 1)                        = 1,,,,
write,1, 1)                        = 1,,,,
write,1, 1)                        = 1,,,,
write,1, 1)                        = 1,,,,
write,1, 1)                        = 1,,,,
write,1, 1)                        = 1,,,,
write,4, 2478080) = 2478080,,,,
write,1, 1)                        = 1,,,,
write,1, 1)                        = 1,,,,
write,1, 1)                        = 1,,,,
write,1, 1)                        = 1,,,,
write,1, 1)                        = 1,,,,
write,1, 1)                        = 1,,,,
write,1, 1)                        = 1,,,,
write,1, 1)                        = 1,,,,
write,1, 1)                        = 1,,,,
write,1, 1)                        = 1,,,,
write,1, 1)                        = 1,,,,
write,1, 1)                        = 1,,,,
write,1, 1)                        = 1,,,,
write,1, 1)                        = 1,,,,
write,1, 1)                        = 1,,,,
write,1, 1)                        = 1,,,,
write,1, 1)                        = 1,,,,
fsync,4)                                = 0,,,,,
fadvise64,4,6672384, POSIX_FADV_DONTNEED) = 0,,,
close,4)                                = 0,,,,,
write,1, 1)                       = 1,,,,
ioctl,1, {B38400 opost isig icanon echo ...}) = 0,,,,
write,1, 114) = 114,,,,
lstat,lecture5.pdf, st_size=6672384, ...}) = 0,,,
stat,lecture5.pdf, st_size=6672384, ...}) = 0,,,
openat,AT_FDCWD, O_WRONLY|O_DIRECT) = 4,,,,
write,4, 4194304) = 4194304,,,,
write,1, 1)                        = 1,,,,
write,1, 1)                        = 1,,,,
write,1, 1)                        = 1,,,,
write,1, 1)                        = 1,,,,
write,1, 1)                        = 1,,,,
write,1, 1)                        = 1,,,,
write,1, 1)                        = 1,,,,
write,1, 1)                        = 1,,,,
write,1, 1)                        = 1,,,,
write,1, 1)                        = 1,,,,
write,1, 1)                        = 1,,,,
write,1, 1)                        = 1,,,,
write,1, 1)                        = 1,,,,
write,1, 1)                        = 1,,,,
write,1, 1)                        = 1,,,,
write,1, 1)                        = 1,,,,
write,1, 1)                        = 1,,,,
write,1, 1)                        = 1,,,,
write,1, 1)                        = 1,,,,
write,1, 1)                        = 1,,,,
write,1, 1)                        = 1,,,,
write,1, 1)                        = 1,,,,
write,1, 1)                        = 1,,,,
write,1, 1)                        = 1,,,,
write,1, 1)                        = 1,,,,
write,1, 1)                        = 1,,,,
write,1, 1)                        = 1,,,,
write,1, 1)                        = 1,,,,
write,1, 1)                        = 1,,,,
write,1, 1)                        = 1,,,,
write,1, 1)                        = 1,,,,
write,4, 2478080) = 2478080,,,,
write,1, 1)                        = 1,,,,
write,1, 1)                        = 1,,,,
write,1, 1)                        = 1,,,,
write,1, 1)                        = 1,,,,
write,1, 1)                        = 1,,,,
write,1, 1)                        = 1,,,,
write,1, 1)                        = 1,,,,
write,1, 1)                        = 1,,,,
write,1, 1)                        = 1,,,,
write,1, 1)                        = 1,,,,
write,1, 1)                        = 1,,,,
write,1, 1)                        = 1,,,,
write,1, 1)                        = 1,,,,
write,1, 1)                        = 1,,,,
write,1, 1)                        = 1,,,,
write,1, 1)                        = 1,,,,
write,1, 1)                        = 1,,,,
fsync,4)                                = 0,,,,,
fadvise64,4,6672384, POSIX_FADV_DONTNEED) = 0,,,
close,4)                                = 0,,,,,
write,1, 1)                       = 1,,,,
ioctl,1, {B38400 opost isig icanon echo ...}) = 0,,,,
write,1, 114) = 114,,,,
lstat,lecture5.pdf, st_size=6672384, ...}) = 0,,,
stat,lecture5.pdf, st_size=6672384, ...}) = 0,,,
openat,AT_FDCWD, O_WRONLY|O_DIRECT) = 4,,,,
write,4, 4194304) = 4194304,,,,
write,1, 1)                        = 1,,,,
write,1, 1)                        = 1,,,,
write,1, 1)                        = 1,,,,
write,1, 1)                        = 1,,,,
write,1, 1)                        = 1,,,,
write,1, 1)                        = 1,,,,
write,1, 1)                        = 1,,,,
write,1, 1)                        = 1,,,,
write,1, 1)                        = 1,,,,
write,1, 1)                        = 1,,,,
write,1, 1)                        = 1,,,,
write,1, 1)                        = 1,,,,
write,1, 1)                        = 1,,,,
write,1, 1)                        = 1,,,,
write,1, 1)                        = 1,,,,
write,1, 1)                        = 1,,,,
write,1, 1)                        = 1,,,,
write,1, 1)                        = 1,,,,
write,1, 1)                        = 1,,,,
write,1, 1)                        = 1,,,,
write,1, 1)                        = 1,,,,
write,1, 1)                        = 1,,,,
write,1, 1)                        = 1,,,,
write,1, 1)                        = 1,,,,
write,1, 1)                        = 1,,,,
write,1, 1)                        = 1,,,,
write,1, 1)                        = 1,,,,
write,1, 1)                        = 1,,,,
write,1, 1)                        = 1,,,,
write,1, 1)                        = 1,,,,
write,1, 1)                        = 1,,,,
write,4, 2478080) = 2478080,,,,
write,1, 1)                        = 1,,,,
write,1, 1)                        = 1,,,,
write,1, 1)                        = 1,,,,
write,1, 1)                        = 1,,,,
write,1, 1)                        = 1,,,,
write,1, 1)                        = 1,,,,
write,1, 1)                        = 1,,,,
write,1, 1)                        = 1,,,,
write,1, 1)                        = 1,,,,
write,1, 1)                        = 1,,,,
write,1, 1)                        = 1,,,,
write,1, 1)                        = 1,,,,
write,1, 1)                        = 1,,,,
write,1, 1)                        = 1,,,,
write,1, 1)                        = 1,,,,
write,1, 1)                        = 1,,,,
write,1, 1)                        = 1,,,,
fsync,4)                                = 0,,,,,
fadvise64,4,6672384, POSIX_FADV_DONTNEED) = 0,,,
close,4)                                = 0,,,,,
write,1, 1)                       = 1,,,,
ioctl,1, {B38400 opost isig icanon echo ...}) = 0,,,,
write,1, 114) = 114,,,,
lstat,lecture5.pdf, st_size=6672384, ...}) = 0,,,
stat,lecture5.pdf, st_size=6672384, ...}) = 0,,,
openat,AT_FDCWD, O_WRONLY|O_DIRECT) = 4,,,,
write,4, 4194304) = 4194304,,,,
write,1, 1)                        = 1,,,,
write,1, 1)                        = 1,,,,
write,1, 1)                        = 1,,,,
write,1, 1)                        = 1,,,,
write,1, 1)                        = 1,,,,
write,1, 1)                        = 1,,,,
write,1, 1)                        = 1,,,,
write,1, 1)                        = 1,,,,
write,1, 1)                        = 1,,,,
write,1, 1)                        = 1,,,,
write,1, 1)                        = 1,,,,
write,1, 1)                        = 1,,,,
write,1, 1)                        = 1,,,,
write,1, 1)                        = 1,,,,
write,1, 1)                        = 1,,,,
write,1, 1)                        = 1,,,,
write,1, 1)                        = 1,,,,
write,1, 1)                        = 1,,,,
write,1, 1)                        = 1,,,,
write,1, 1)                        = 1,,,,
write,1, 1)                        = 1,,,,
write,1, 1)                        = 1,,,,
write,1, 1)                        = 1,,,,
write,1, 1)                        = 1,,,,
write,1, 1)                        = 1,,,,
write,1, 1)                        = 1,,,,
write,1, 1)                        = 1,,,,
write,1, 1)                        = 1,,,,
write,1, 1)                        = 1,,,,
write,1, 1)                        = 1,,,,
write,1, 1)                        = 1,,,,
write,4, 2478080) = 2478080,,,,
write,1, 1)                        = 1,,,,
write,1, 1)                        = 1,,,,
write,1, 1)                        = 1,,,,
write,1, 1)                        = 1,,,,
write,1, 1)                        = 1,,,,
write,1, 1)                        = 1,,,,
write,1, 1)                        = 1,,,,
write,1, 1)                        = 1,,,,
write,1, 1)                        = 1,,,,
write,1, 1)                        = 1,,,,
write,1, 1)                        = 1,,,,
write,1, 1)                        = 1,,,,
write,1, 1)                        = 1,,,,
write,1, 1)                        = 1,,,,
write,1, 1)                        = 1,,,,
write,1, 1)                        = 1,,,,
write,1, 1)                        = 1,,,,
fsync,4)                                = 0,,,,,
fadvise64,4,6672384, POSIX_FADV_DONTNEED) = 0,,,
close,4)                                = 0,,,,,
write,1, 1)                       = 1,,,,
ioctl,1, {B38400 opost isig icanon echo ...}) = 0,,,,
write,1, 114) = 114,,,,
lstat,lecture5.pdf, st_size=6672384, ...}) = 0,,,
stat,lecture5.pdf, st_size=6672384, ...}) = 0,,,
openat,AT_FDCWD, O_WRONLY|O_DIRECT) = 4,,,,
write,4, 4194304) = 4194304,,,,
write,1, 1)                        = 1,,,,
write,1, 1)                        = 1,,,,
write,1, 1)                        = 1,,,,
write,1, 1)                        = 1,,,,
write,1, 1)                        = 1,,,,
write,1, 1)                        = 1,,,,
write,1, 1)                        = 1,,,,
write,1, 1)                        = 1,,,,
write,1, 1)                        = 1,,,,
write,1, 1)                        = 1,,,,
write,1, 1)                        = 1,,,,
write,1, 1)                        = 1,,,,
write,1, 1)                        = 1,,,,
write,1, 1)                        = 1,,,,
write,1, 1)                        = 1,,,,
write,1, 1)                        = 1,,,,
write,1, 1)                        = 1,,,,
write,1, 1)                        = 1,,,,
write,1, 1)                        = 1,,,,
write,1, 1)                        = 1,,,,
write,1, 1)                        = 1,,,,
write,1, 1)                        = 1,,,,
write,1, 1)                        = 1,,,,
write,1, 1)                        = 1,,,,
write,1, 1)                        = 1,,,,
write,1, 1)                        = 1,,,,
write,1, 1)                        = 1,,,,
write,1, 1)                        = 1,,,,
write,1, 1)                        = 1,,,,
write,1, 1)                        = 1,,,,
write,1, 1)                        = 1,,,,
write,4, 2478080) = 2478080,,,,
write,1, 1)                        = 1,,,,
write,1, 1)                        = 1,,,,
write,1, 1)                        = 1,,,,
write,1, 1)                        = 1,,,,
write,1, 1)                        = 1,,,,
write,1, 1)                        = 1,,,,
write,1, 1)                        = 1,,,,
write,1, 1)                        = 1,,,,
write,1, 1)                        = 1,,,,
write,1, 1)                        = 1,,,,
write,1, 1)                        = 1,,,,
write,1, 1)                        = 1,,,,
write,1, 1)                        = 1,,,,
write,1, 1)                        = 1,,,,
write,1, 1)                        = 1,,,,
write,1, 1)                        = 1,,,,
write,1, 1)                        = 1,,,,
fsync,4)                                = 0,,,,,
fadvise64,4,6672384, POSIX_FADV_DONTNEED) = 0,,,
close,4)                                = 0,,,,,
write,1, 1)                       = 1,,,,
ioctl,1, {B38400 opost isig icanon echo ...}) = 0,,,,
write,1, 114) = 114,,,,
lstat,lecture5.pdf, st_size=6672384, ...}) = 0,,,
stat,lecture5.pdf, st_size=6672384, ...}) = 0,,,
openat,AT_FDCWD, O_WRONLY|O_DIRECT) = 4,,,,
write,4, 4194304) = 4194304,,,,
write,1, 1)                        = 1,,,,
write,1, 1)                        = 1,,,,
write,1, 1)                        = 1,,,,
write,1, 1)                        = 1,,,,
write,1, 1)                        = 1,,,,
write,1, 1)                        = 1,,,,
write,1, 1)                        = 1,,,,
write,1, 1)                        = 1,,,,
write,1, 1)                        = 1,,,,
write,1, 1)                        = 1,,,,
write,1, 1)                        = 1,,,,
write,1, 1)                        = 1,,,,
write,1, 1)                        = 1,,,,
write,1, 1)                        = 1,,,,
write,1, 1)                        = 1,,,,
write,1, 1)                        = 1,,,,
write,1, 1)                        = 1,,,,
write,1, 1)                        = 1,,,,
write,1, 1)                        = 1,,,,
write,1, 1)                        = 1,,,,
write,1, 1)                        = 1,,,,
write,1, 1)                        = 1,,,,
write,1, 1)                        = 1,,,,
write,1, 1)                        = 1,,,,
write,1, 1)                        = 1,,,,
write,1, 1)                        = 1,,,,
write,1, 1)                        = 1,,,,
write,1, 1)                        = 1,,,,
write,1, 1)                        = 1,,,,
write,1, 1)                        = 1,,,,
write,1, 1)                        = 1,,,,
write,4, 2478080) = 2478080,,,,
write,1, 1)                        = 1,,,,
write,1, 1)                        = 1,,,,
write,1, 1)                        = 1,,,,
write,1, 1)                        = 1,,,,
write,1, 1)                        = 1,,,,
write,1, 1)                        = 1,,,,
write,1, 1)                        = 1,,,,
write,1, 1)                        = 1,,,,
write,1, 1)                        = 1,,,,
write,1, 1)                        = 1,,,,
write,1, 1)                        = 1,,,,
write,1, 1)                        = 1,,,,
write,1, 1)                        = 1,,,,
write,1, 1)                        = 1,,,,
write,1, 1)                        = 1,,,,
write,1, 1)                        = 1,,,,
write,1, 1)                        = 1,,,,
fsync,4)                                = 0,,,,,
fadvise64,4,6672384, POSIX_FADV_DONTNEED) = 0,,,
close,4)                                = 0,,,,,
write,1, 1)                       = 1,,,,
ioctl,1, {B38400 opost isig icanon echo ...}) = 0,,,,
write,1, 114) = 114,,,,
lstat,lecture5.pdf, st_size=6672384, ...}) = 0,,,
stat,lecture5.pdf, st_size=6672384, ...}) = 0,,,
openat,AT_FDCWD, O_WRONLY|O_DIRECT) = 4,,,,
write,4, 4194304) = 4194304,,,,
write,1, 1)                        = 1,,,,
write,1, 1)                        = 1,,,,
write,1, 1)                        = 1,,,,
write,1, 1)                        = 1,,,,
write,1, 1)                        = 1,,,,
write,1, 1)                        = 1,,,,
write,1, 1)                        = 1,,,,
write,1, 1)                        = 1,,,,
write,1, 1)                        = 1,,,,
write,1, 1)                        = 1,,,,
write,1, 1)                        = 1,,,,
write,1, 1)                        = 1,,,,
write,1, 1)                        = 1,,,,
write,1, 1)                        = 1,,,,
write,1, 1)                        = 1,,,,
write,1, 1)                        = 1,,,,
write,1, 1)                        = 1,,,,
write,1, 1)                        = 1,,,,
write,1, 1)                        = 1,,,,
write,1, 1)                        = 1,,,,
write,1, 1)                        = 1,,,,
write,1, 1)                        = 1,,,,
write,1, 1)                        = 1,,,,
write,1, 1)                        = 1,,,,
write,1, 1)                        = 1,,,,
write,1, 1)                        = 1,,,,
write,1, 1)                        = 1,,,,
write,1, 1)                        = 1,,,,
write,1, 1)                        = 1,,,,
write,1, 1)                        = 1,,,,
write,1, 1)                        = 1,,,,
write,4, 2478080) = 2478080,,,,
write,1, 1)                        = 1,,,,
write,1, 1)                        = 1,,,,
write,1, 1)                        = 1,,,,
write,1, 1)                        = 1,,,,
write,1, 1)                        = 1,,,,
write,1, 1)                        = 1,,,,
write,1, 1)                        = 1,,,,
write,1, 1)                        = 1,,,,
write,1, 1)                        = 1,,,,
write,1, 1)                        = 1,,,,
write,1, 1)                        = 1,,,,
write,1, 1)                        = 1,,,,
write,1, 1)                        = 1,,,,
write,1, 1)                        = 1,,,,
write,1, 1)                        = 1,,,,
write,1, 1)                        = 1,,,,
write,1, 1)                        = 1,,,,
fsync,4)                                = 0,,,,,
fadvise64,4,6672384, POSIX_FADV_DONTNEED) = 0,,,
close,4)                                = 0,,,,,
write,1, 1)                       = 1,,,,
ioctl,1, {B38400 opost isig icanon echo ...}) = 0,,,,
write,1, 114) = 114,,,,
lstat,lecture5.pdf, st_size=6672384, ...}) = 0,,,
stat,lecture5.pdf, st_size=6672384, ...}) = 0,,,
openat,AT_FDCWD, O_WRONLY|O_DIRECT) = 4,,,,
write,4, 4194304) = 4194304,,,,
write,1, 1)                        = 1,,,,
write,1, 1)                        = 1,,,,
write,1, 1)                        = 1,,,,
write,1, 1)                        = 1,,,,
write,1, 1)                        = 1,,,,
write,1, 1)                        = 1,,,,
write,1, 1)                        = 1,,,,
write,1, 1)                        = 1,,,,
write,1, 1)                        = 1,,,,
write,1, 1)                        = 1,,,,
write,1, 1)                        = 1,,,,
write,1, 1)                        = 1,,,,
write,1, 1)                        = 1,,,,
write,1, 1)                        = 1,,,,
write,1, 1)                        = 1,,,,
write,1, 1)                        = 1,,,,
write,1, 1)                        = 1,,,,
write,1, 1)                        = 1,,,,
write,1, 1)                        = 1,,,,
write,1, 1)                        = 1,,,,
write,1, 1)                        = 1,,,,
write,1, 1)                        = 1,,,,
write,1, 1)                        = 1,,,,
write,1, 1)                        = 1,,,,
write,1, 1)                        = 1,,,,
write,1, 1)                        = 1,,,,
write,1, 1)                        = 1,,,,
write,1, 1)                        = 1,,,,
write,1, 1)                        = 1,,,,
write,1, 1)                        = 1,,,,
write,1, 1)                        = 1,,,,
write,4, 2478080) = 2478080,,,,
write,1, 1)                        = 1,,,,
write,1, 1)                        = 1,,,,
write,1, 1)                        = 1,,,,
write,1, 1)                        = 1,,,,
write,1, 1)                        = 1,,,,
write,1, 1)                        = 1,,,,
write,1, 1)                        = 1,,,,
write,1, 1)                        = 1,,,,
write,1, 1)                        = 1,,,,
write,1, 1)                        = 1,,,,
write,1, 1)                        = 1,,,,
write,1, 1)                        = 1,,,,
write,1, 1)                        = 1,,,,
write,1, 1)                        = 1,,,,
write,1, 1)                        = 1,,,,
write,1, 1)                        = 1,,,,
write,1, 1)                        = 1,,,,
fsync,4)                                = 0,,,,,
fadvise64,4,6672384, POSIX_FADV_DONTNEED) = 0,,,
close,4)                                = 0,,,,,
write,1, 1)                       = 1,,,,
stat,lecture5.pdf, st_size=6672384, ...}) = 0,,,
openat,AT_FDCWD, O_RDWR) = 4,,,,
read,4, 4096) = 4096,,,,
lseek,4, SEEK_SET)                   = 0,,,,
write,4, 4096) = 4096,,,,
close,4)                                = 0,,,,,
munmap,0x7f3648cec000,,,,,
exit_group,0)                           = ?,,,,,
+++ exited with 0 +++,,,,,,
