Data,,,,,,
execve,/usr/bin/sed," ""G"""," ""sample.txt""]", 0x7ffc340914f0 /* 50 vars */) = 0,,
brk,NULL)                               = 0x55c210ba4000,,,,,
arch_prctl,0x3001 /* ARCH_??? */,,,,,
access,/etc/ld.so.preload,,,,,
openat,AT_FDCWD, O_RDONLY|O_CLOEXEC) = 3,,,,
fstat,3, st_size=69600, ...}) = 0,,,
mmap,NULL, PROT_READ, MAP_PRIVATE,3, 0) = 0x7f4a58cbb000,
close,3)                                = 0,,,,,
openat,AT_FDCWD, O_RDONLY|O_CLOEXEC) = 3,,,,
read,3, 832) = 832,,,,
fstat,3, st_size=39088, ...}) = 0,,,
mmap,NULL, PROT_READ|PROT_WRITE, MAP_PRIVATE|MAP_ANONYMOUS,-1, 0) = 0x7f4a58cb9000,
mmap,NULL, PROT_READ, MAP_PRIVATE|MAP_DENYWRITE,3, 0) = 0x7f4a58cae000,
mmap,0x7f4a58cb0000, PROT_READ|PROT_EXEC, MAP_PRIVATE|MAP_FIXED|MAP_DENYWRITE,3, 0x2000) = 0x7f4a58cb0000,
mmap,0x7f4a58cb5000, PROT_READ, MAP_PRIVATE|MAP_FIXED|MAP_DENYWRITE,3, 0x7000) = 0x7f4a58cb5000,
mmap,0x7f4a58cb7000, PROT_READ|PROT_WRITE, MAP_PRIVATE|MAP_FIXED|MAP_DENYWRITE,3, 0x8000) = 0x7f4a58cb7000,
close,3)                                = 0,,,,,
openat,AT_FDCWD, O_RDONLY|O_CLOEXEC) = 3,,,,
read,3, 832) = 832,,,,
fstat,3, st_size=163200, ...}) = 0,,,
mmap,NULL, PROT_READ, MAP_PRIVATE|MAP_DENYWRITE,3, 0) = 0x7f4a58c83000,
mprotect,0x7f4a58c89000, PROT_NONE) = 0,,,,
mmap,0x7f4a58c89000, PROT_READ|PROT_EXEC, MAP_PRIVATE|MAP_FIXED|MAP_DENYWRITE,3, 0x6000) = 0x7f4a58c89000,
mmap,0x7f4a58ca2000, PROT_READ, MAP_PRIVATE|MAP_FIXED|MAP_DENYWRITE,3, 0x1f000) = 0x7f4a58ca2000,
mmap,0x7f4a58caa000, PROT_READ|PROT_WRITE, MAP_PRIVATE|MAP_FIXED|MAP_DENYWRITE,3, 0x26000) = 0x7f4a58caa000,
mmap,0x7f4a58cac000, PROT_READ|PROT_WRITE, MAP_PRIVATE|MAP_FIXED|MAP_ANONYMOUS,-1, 0) = 0x7f4a58cac000,
close,3)                                = 0,,,,,
openat,AT_FDCWD, O_RDONLY|O_CLOEXEC) = 3,,,,
read,3, 832) = 832,,,,
pread64,3,784, 64) = 784,,,
pread64,3,32, 848) = 32,,,
pread64,3,68, 880) = 68,,,
fstat,3, st_size=2029592, ...}) = 0,,,
pread64,3,784, 64) = 784,,,
pread64,3,32, 848) = 32,,,
pread64,3,68, 880) = 68,,,
mmap,NULL, PROT_READ, MAP_PRIVATE|MAP_DENYWRITE,3, 0) = 0x7f4a58a91000,
mmap,0x7f4a58ab3000, PROT_READ|PROT_EXEC, MAP_PRIVATE|MAP_FIXED|MAP_DENYWRITE,3, 0x22000) = 0x7f4a58ab3000,
mmap,0x7f4a58c2b000, PROT_READ, MAP_PRIVATE|MAP_FIXED|MAP_DENYWRITE,3, 0x19a000) = 0x7f4a58c2b000,
mmap,0x7f4a58c79000, PROT_READ|PROT_WRITE, MAP_PRIVATE|MAP_FIXED|MAP_DENYWRITE,3, 0x1e7000) = 0x7f4a58c79000,
mmap,0x7f4a58c7f000, PROT_READ|PROT_WRITE, MAP_PRIVATE|MAP_FIXED|MAP_ANONYMOUS,-1, 0) = 0x7f4a58c7f000,
close,3)                                = 0,,,,,
openat,AT_FDCWD, O_RDONLY|O_CLOEXEC) = 3,,,,
read,3, 832) = 832,,,,
fstat,3, st_size=588488, ...}) = 0,,,
mmap,NULL, PROT_READ, MAP_PRIVATE|MAP_DENYWRITE,3, 0) = 0x7f4a58a00000,
mmap,0x7f4a58a02000, PROT_READ|PROT_EXEC, MAP_PRIVATE|MAP_FIXED|MAP_DENYWRITE,3, 0x2000) = 0x7f4a58a02000,
mmap,0x7f4a58a67000, PROT_READ, MAP_PRIVATE|MAP_FIXED|MAP_DENYWRITE,3, 0x67000) = 0x7f4a58a67000,
mmap,0x7f4a58a8f000, PROT_READ|PROT_WRITE, MAP_PRIVATE|MAP_FIXED|MAP_DENYWRITE,3, 0x8e000) = 0x7f4a58a8f000,
close,3)                                = 0,,,,,
openat,AT_FDCWD, O_RDONLY|O_CLOEXEC) = 3,,,,
read,3, 832) = 832,,,,
fstat,3, st_size=18848, ...}) = 0,,,
mmap,NULL, PROT_READ, MAP_PRIVATE|MAP_DENYWRITE,3, 0) = 0x7f4a589fa000,
mmap,0x7f4a589fb000, PROT_READ|PROT_EXEC, MAP_PRIVATE|MAP_FIXED|MAP_DENYWRITE,3, 0x1000) = 0x7f4a589fb000,
mmap,0x7f4a589fd000, PROT_READ, MAP_PRIVATE|MAP_FIXED|MAP_DENYWRITE,3, 0x3000) = 0x7f4a589fd000,
mmap,0x7f4a589fe000, PROT_READ|PROT_WRITE, MAP_PRIVATE|MAP_FIXED|MAP_DENYWRITE,3, 0x3000) = 0x7f4a589fe000,
close,3)                                = 0,,,,,
openat,AT_FDCWD, O_RDONLY|O_CLOEXEC) = 3,,,,
read,3, 832) = 832,,,,
pread64,3,68, 824) = 68,,,
fstat,3, st_size=157224, ...}) = 0,,,
pread64,3,68, 824) = 68,,,
mmap,NULL, PROT_READ, MAP_PRIVATE|MAP_DENYWRITE,3, 0) = 0x7f4a589d7000,
mmap,0x7f4a589dd000, PROT_READ|PROT_EXEC, MAP_PRIVATE|MAP_FIXED|MAP_DENYWRITE,3, 0x6000) = 0x7f4a589dd000,
mmap,0x7f4a589ee000, PROT_READ, MAP_PRIVATE|MAP_FIXED|MAP_DENYWRITE,3, 0x17000) = 0x7f4a589ee000,
mmap,0x7f4a589f4000, PROT_READ|PROT_WRITE, MAP_PRIVATE|MAP_FIXED|MAP_DENYWRITE,3, 0x1c000) = 0x7f4a589f4000,
mmap,0x7f4a589f6000, PROT_READ|PROT_WRITE, MAP_PRIVATE|MAP_FIXED|MAP_ANONYMOUS,-1, 0) = 0x7f4a589f6000,
close,3)                                = 0,,,,,
mmap,NULL, PROT_READ|PROT_WRITE, MAP_PRIVATE|MAP_ANONYMOUS,-1, 0) = 0x7f4a589d5000,
mmap,NULL, PROT_READ|PROT_WRITE, MAP_PRIVATE|MAP_ANONYMOUS,-1, 0) = 0x7f4a589d2000,
arch_prctl,ARCH_SET_FS,,,,,
mprotect,0x7f4a58c79000, PROT_READ) = 0,,,,
mprotect,0x7f4a589f4000, PROT_READ) = 0,,,,
mprotect,0x7f4a589fe000, PROT_READ) = 0,,,,
mprotect,0x7f4a58a8f000, PROT_READ) = 0,,,,
mprotect,0x7f4a58caa000, PROT_READ) = 0,,,,
mprotect,0x7f4a58cb7000, PROT_READ) = 0,,,,
mprotect,0x55c2108de000, PROT_READ) = 0,,,,
mprotect,0x7f4a58cf9000, PROT_READ) = 0,,,,
munmap,0x7f4a58cbb000,,,,,
set_tid_address,0x7f4a589d2ad0)         = 7494,,,,,
set_robust_list,0x7f4a589d2ae0,,,,,
rt_sigaction,SIGRTMIN, sa_mask=[], sa_flags=SA_RESTORER|SA_SIGINFO, sa_restorer=0x7f4a589eb420}, NULL, 8) = 0
rt_sigaction,SIGRT_1, sa_mask=[], sa_flags=SA_RESTORER|SA_RESTART|SA_SIGINFO, sa_restorer=0x7f4a589eb420}, NULL, 8) = 0
rt_sigprocmask,SIG_UNBLOCK, NULL, 8) = 0,,,
prlimit64,0, NULL, {rlim_cur=8192*1024, rlim_max=RLIM64_INFINITY}) = 0,,
statfs,/sys/fs/selinux,,,,,
statfs,/selinux,,,,,
brk,NULL)                               = 0x55c210ba4000,,,,,
brk,0x55c210bc5000)                     = 0x55c210bc5000,,,,,
openat,AT_FDCWD, O_RDONLY|O_CLOEXEC) = 3,,,,
fstat,3, st_size=0, ...}) = 0,,,
read,3, 1024) = 387,,,,
read,3, 1024)                       = 0,,,,
close,3)                                = 0,,,,,
access,/etc/selinux/config,,,,,
openat,AT_FDCWD, O_RDONLY|O_CLOEXEC) = 3,,,,
fstat,3, st_size=5699248, ...}) = 0,,,
mmap,NULL, PROT_READ, MAP_PRIVATE,3, 0) = 0x7f4a58462000,
close,3)                                = 0,,,,,
openat,AT_FDCWD, O_RDONLY) = 3,,,,
fstat,3, st_size=27002, ...}) = 0,,,
mmap,NULL, PROT_READ, MAP_SHARED,3, 0) = 0x7f4a58cc5000,
close,3)                                = 0,,,,,
futex,0x7f4a58c7e954, 2147483647) = 0,,,,
openat,AT_FDCWD, O_RDONLY) = 3,,,,
fstat,3, st_size=55, ...}) = 0,,,
read,3, 4096) = 55,,,,
fstat,1, st_rdev=makedev(0x88, 0), ...}) = 0,,
write,1, 9)               = 9,,,,
write,1, 1)                       = 1,,,,
write,1, 9)               = 9,,,,
write,1, 1)                       = 1,,,,
write,1, 7)                 = 7,,,,
write,1, 1)                       = 1,,,,
write,1, 7)                 = 7,,,,
write,1, 1)                       = 1,,,,
write,1, 9)               = 9,,,,
write,1, 1)                       = 1,,,,
write,1, 8)                = 8,,,,
write,1, 1)                       = 1,,,,
write,1, 6)                  = 6,,,,
write,1, 1)                       = 1,,,,
read,3, 4096)                       = 0,,,,
close,3)                                = 0,,,,,
close,1)                                = 0,,,,,
exit_group,0)                           = ?,,,,,
+++ exited with 0 +++,,,,,,
