Data,,,,,,,,,,,,
execve,/usr/sbin/service," ""vsftpd"""," ""start""]", 0x7ffc21eb9a10 /* 50 vars */) = 0,,,,,,,,
brk,NULL)                               = 0x560bd3b8f000,,,,,,,,,,,
arch_prctl,0x3001 /* ARCH_??? */,,,,,,,,,,,
access,/etc/ld.so.preload,,,,,,,,,,,
openat,AT_FDCWD, O_RDONLY|O_CLOEXEC) = 3,,,,,,,,,,
fstat,3, st_size=69600, ...}) = 0,,,,,,,,,
mmap,NULL, PROT_READ, MAP_PRIVATE,3, 0) = 0x7fba1dfb1000,,,,,,,
close,3)                                = 0,,,,,,,,,,,
openat,AT_FDCWD, O_RDONLY|O_CLOEXEC) = 3,,,,,,,,,,
read,3, 832) = 832,,,,,,,,,,
pread64,3,784, 64) = 784,,,,,,,,,
pread64,3,32, 848) = 32,,,,,,,,,
pread64,3,68, 880) = 68,,,,,,,,,
fstat,3, st_size=2029592, ...}) = 0,,,,,,,,,
mmap,NULL, PROT_READ|PROT_WRITE, MAP_PRIVATE|MAP_ANONYMOUS,-1, 0) = 0x7fba1dfaf000,,,,,,,
pread64,3,784, 64) = 784,,,,,,,,,
pread64,3,32, 848) = 32,,,,,,,,,
pread64,3,68, 880) = 68,,,,,,,,,
mmap,NULL, PROT_READ, MAP_PRIVATE|MAP_DENYWRITE,3, 0) = 0x7fba1ddbd000,,,,,,,
mmap,0x7fba1dddf000, PROT_READ|PROT_EXEC, MAP_PRIVATE|MAP_FIXED|MAP_DENYWRITE,3, 0x22000) = 0x7fba1dddf000,,,,,,,
mmap,0x7fba1df57000, PROT_READ, MAP_PRIVATE|MAP_FIXED|MAP_DENYWRITE,3, 0x19a000) = 0x7fba1df57000,,,,,,,
mmap,0x7fba1dfa5000, PROT_READ|PROT_WRITE, MAP_PRIVATE|MAP_FIXED|MAP_DENYWRITE,3, 0x1e7000) = 0x7fba1dfa5000,,,,,,,
mmap,0x7fba1dfab000, PROT_READ|PROT_WRITE, MAP_PRIVATE|MAP_FIXED|MAP_ANONYMOUS,-1, 0) = 0x7fba1dfab000,,,,,,,
close,3)                                = 0,,,,,,,,,,,
arch_prctl,ARCH_SET_FS,,,,,,,,,,,
mprotect,0x7fba1dfa5000, PROT_READ) = 0,,,,,,,,,,
mprotect,0x560bd25a6000, PROT_READ) = 0,,,,,,,,,,
mprotect,0x7fba1dfef000, PROT_READ) = 0,,,,,,,,,,
munmap,0x7fba1dfb1000,,,,,,,,,,,
getuid,)                                = 1000,,,,,,,,,,,
getgid,)                                = 1000,,,,,,,,,,,
getpid,)                                = 3062,,,,,,,,,,,
rt_sigaction,SIGCHLD, sa_mask=~[RTMIN RT_1], sa_flags=SA_RESTORER, sa_restorer=0x7fba1de00090}, NULL, 8) = 0,,,,,,
geteuid,)                               = 1000,,,,,,,,,,,
brk,NULL)                               = 0x560bd3b8f000,,,,,,,,,,,
brk,0x560bd3bb0000)                     = 0x560bd3bb0000,,,,,,,,,,,
getppid,)                               = 3059,,,,,,,,,,,
stat,/home/keshav/Keshav_demo, st_size=4096, ...}) = 0,,,,,,,,,
stat,., st_size=4096, ...}) = 0,,,,,,,,,
openat,AT_FDCWD, O_RDONLY) = 3,,,,,,,,,,
fcntl,3, 10)                   = 10,,,,,,,,,,
close,3)                                = 0,,,,,,,,,,,
fcntl,10, FD_CLOEXEC)          = 0,,,,,,,,,,
geteuid,)                               = 1000,,,,,,,,,,,
getegid,)                               = 1000,,,,,,,,,,,
rt_sigaction,SIGINT, {sa_handler=SIG_DFL, sa_mask=[], sa_flags=0}, 8) = 0,,,,,,,
rt_sigaction,SIGINT, sa_mask=~[RTMIN RT_1], sa_flags=SA_RESTORER, sa_restorer=0x7fba1de00090}, NULL, 8) = 0,,,,,,
rt_sigaction,SIGQUIT, {sa_handler=SIG_DFL, sa_mask=[], sa_flags=0}, 8) = 0,,,,,,,
rt_sigaction,SIGQUIT, sa_mask=~[RTMIN RT_1], sa_flags=SA_RESTORER, sa_restorer=0x7fba1de00090}, NULL, 8) = 0,,,,,,
rt_sigaction,SIGTERM, {sa_handler=SIG_DFL, sa_mask=[], sa_flags=0}, 8) = 0,,,,,,,
rt_sigaction,SIGTERM, sa_mask=~[RTMIN RT_1], sa_flags=SA_RESTORER, sa_restorer=0x7fba1de00090}, NULL, 8) = 0,,,,,,
read,10, 8192) = 8192,,,,,,,,,,
pipe,[3,,,,,,,,,,,
clone,child_stack=NULL, child_tidptr=0x7fba1dfb0850) = 3063,,,,,,,,,,
close,4)                                = 0,,,,,,,,,,,
read,3, 128)               = 8,,,,,,,,,,
read,3, 128)                        = 0,,,,,,,,,,
--- SIGCHLD {si_signo=SIGCHLD,, si_pid=3063, si_uid=1000, si_status=0, si_utime=0, si_stime=0} ---,,,,,,
rt_sigreturn,{mask=[]})                 = 0,,,,,,,,,,,
close,3)                                = 0,,,,,,,,,,,
wait4,-1,0, NULL) = 3063,,,,,,,,,
pipe,[3,,,,,,,,,,,
clone,child_stack=NULL, child_tidptr=0x7fba1dfb0850) = 3064,,,,,,,,,,
close,4)                                = 0,,,,,,,,,,,
read,3, 128)               = 8,,,,,,,,,,
read,3, 128)                        = 0,,,,,,,,,,
close,3)                                = 0,,,,,,,,,,,
wait4,-1,0, NULL) = 3064,,,,,,,,,
--- SIGCHLD {si_signo=SIGCHLD,, si_pid=3064, si_uid=1000, si_status=0, si_utime=0, si_stime=0} ---,,,,,,
rt_sigreturn,{mask=[]})                 = 3064,,,,,,,,,,,
wait4,-1, WNOHANG, NULL) = -1 ECHILD (No child processes),,,,,,,,,
stat,/run/systemd/system, st_size=80, ...}) = 0,,,,,,,,,
chdir,/)                              = 0,,,,,,,,,,,
read,10, 8192) = 1070,,,,,,,,,,
stat,/usr/local/sbin/systemctl,,,,,,,,,,,
stat,/usr/local/bin/systemctl,,,,,,,,,,,
stat,/usr/sbin/systemctl,,,,,,,,,,,
stat,/usr/bin/systemctl, st_size=996584, ...}) = 0,,,,,,,,,
clone,child_stack=NULL, child_tidptr=0x7fba1dfb0850) = 3065,,,,,,,,,,
wait4,-1,0, NULL) = 3065,,,,,,,,,
--- SIGCHLD {si_signo=SIGCHLD,, si_pid=3065, si_uid=1000, si_status=0, si_utime=0, si_stime=0} ---,,,,,,
rt_sigreturn,{mask=[]})                 = 3065,,,,,,,,,,,
pipe,[3,,,,,,,,,,,
clone,child_stack=NULL, child_tidptr=0x7fba1dfb0850) = 3066,,,,,,,,,,
close,4)                                = 0,,,,,,,,,,,
read,3, 128)                        = 0,,,,,,,,,,
--- SIGCHLD {si_signo=SIGCHLD,, si_pid=3066, si_uid=1000, si_status=0, si_utime=0, si_stime=0} ---,,,,,,
rt_sigreturn,{mask=[]})                 = 0,,,,,,,,,,,
close,3)                                = 0,,,,,,,,,,,
wait4,-1,0, NULL) = 3066,,,,,,,,,
execve,/usr/local/sbin/systemctl," ""start"""," ""vsftpd.service""]", 0x560bd3b91ce8 /* 50 vars */) = -1 ENOENT (No such file or directory),,,,,,,,
execve,/usr/local/bin/systemctl," ""start"""," ""vsftpd.service""]", 0x560bd3b91ce8 /* 50 vars */) = -1 ENOENT (No such file or directory),,,,,,,,
execve,/usr/sbin/systemctl," ""start"""," ""vsftpd.service""]", 0x560bd3b91ce8 /* 50 vars */) = -1 ENOENT (No such file or directory),,,,,,,,
execve,/usr/bin/systemctl," ""start"""," ""vsftpd.service""]", 0x560bd3b91ce8 /* 50 vars */) = 0,,,,,,,,
brk,NULL)                               = 0x562d684de000,,,,,,,,,,,
arch_prctl,0x3001 /* ARCH_??? */,,,,,,,,,,,
access,/etc/ld.so.preload,,,,,,,,,,,
openat,AT_FDCWD, O_RDONLY|O_CLOEXEC) = -1 ENOENT (No such file or directory),,,,,,,,,,
stat,/lib/systemd/tls/x86_64/x86_64,,,,,,,,,,,
openat,AT_FDCWD, O_RDONLY|O_CLOEXEC) = -1 ENOENT (No such file or directory),,,,,,,,,,
stat,/lib/systemd/tls/x86_64,,,,,,,,,,,
openat,AT_FDCWD, O_RDONLY|O_CLOEXEC) = -1 ENOENT (No such file or directory),,,,,,,,,,
stat,/lib/systemd/tls/x86_64,,,,,,,,,,,
openat,AT_FDCWD, O_RDONLY|O_CLOEXEC) = -1 ENOENT (No such file or directory),,,,,,,,,,
stat,/lib/systemd/tls,,,,,,,,,,,
openat,AT_FDCWD, O_RDONLY|O_CLOEXEC) = -1 ENOENT (No such file or directory),,,,,,,,,,
stat,/lib/systemd/x86_64/x86_64,,,,,,,,,,,
openat,AT_FDCWD, O_RDONLY|O_CLOEXEC) = -1 ENOENT (No such file or directory),,,,,,,,,,
stat,/lib/systemd/x86_64,,,,,,,,,,,
openat,AT_FDCWD, O_RDONLY|O_CLOEXEC) = -1 ENOENT (No such file or directory),,,,,,,,,,
stat,/lib/systemd/x86_64,,,,,,,,,,,
openat,AT_FDCWD, O_RDONLY|O_CLOEXEC) = -1 ENOENT (No such file or directory),,,,,,,,,,
stat,/lib/systemd, st_size=12288, ...}) = 0,,,,,,,,,
openat,AT_FDCWD, O_RDONLY|O_CLOEXEC) = 3,,,,,,,,,,
fstat,3, st_size=69600, ...}) = 0,,,,,,,,,
mmap,NULL, PROT_READ, MAP_PRIVATE,3, 0) = 0x7f629d94a000,,,,,,,
close,3)                                = 0,,,,,,,,,,,
openat,AT_FDCWD, O_RDONLY|O_CLOEXEC) = 3,,,,,,,,,,
read,3, 832) = 832,,,,,,,,,,
pread64,3,784, 64) = 784,,,,,,,,,
pread64,3,32, 848) = 32,,,,,,,,,
pread64,3,68, 880) = 68,,,,,,,,,
fstat,3, st_size=2029592, ...}) = 0,,,,,,,,,
mmap,NULL, PROT_READ|PROT_WRITE, MAP_PRIVATE|MAP_ANONYMOUS,-1, 0) = 0x7f629d948000,,,,,,,
pread64,3,784, 64) = 784,,,,,,,,,
pread64,3,32, 848) = 32,,,,,,,,,
pread64,3,68, 880) = 68,,,,,,,,,
mmap,NULL, PROT_READ, MAP_PRIVATE|MAP_DENYWRITE,3, 0) = 0x7f629d756000,,,,,,,
mmap,0x7f629d778000, PROT_READ|PROT_EXEC, MAP_PRIVATE|MAP_FIXED|MAP_DENYWRITE,3, 0x22000) = 0x7f629d778000,,,,,,,
mmap,0x7f629d8f0000, PROT_READ, MAP_PRIVATE|MAP_FIXED|MAP_DENYWRITE,3, 0x19a000) = 0x7f629d8f0000,,,,,,,
mmap,0x7f629d93e000, PROT_READ|PROT_WRITE, MAP_PRIVATE|MAP_FIXED|MAP_DENYWRITE,3, 0x1e7000) = 0x7f629d93e000,,,,,,,
mmap,0x7f629d944000, PROT_READ|PROT_WRITE, MAP_PRIVATE|MAP_FIXED|MAP_ANONYMOUS,-1, 0) = 0x7f629d944000,,,,,,,
close,3)                                = 0,,,,,,,,,,,
openat,AT_FDCWD, O_RDONLY|O_CLOEXEC) = -1 ENOENT (No such file or directory),,,,,,,,,,
openat,AT_FDCWD, O_RDONLY|O_CLOEXEC) = 3,,,,,,,,,,
read,3, 832) = 832,,,,,,,,,,
fstat,3, st_size=163200, ...}) = 0,,,,,,,,,
mmap,NULL, PROT_READ, MAP_PRIVATE|MAP_DENYWRITE,3, 0) = 0x7f629d72b000,,,,,,,
mprotect,0x7f629d731000, PROT_NONE) = 0,,,,,,,,,,
mmap,0x7f629d731000, PROT_READ|PROT_EXEC, MAP_PRIVATE|MAP_FIXED|MAP_DENYWRITE,3, 0x6000) = 0x7f629d731000,,,,,,,
mmap,0x7f629d74a000, PROT_READ, MAP_PRIVATE|MAP_FIXED|MAP_DENYWRITE,3, 0x1f000) = 0x7f629d74a000,,,,,,,
mmap,0x7f629d752000, PROT_READ|PROT_WRITE, MAP_PRIVATE|MAP_FIXED|MAP_DENYWRITE,3, 0x26000) = 0x7f629d752000,,,,,,,
mmap,0x7f629d754000, PROT_READ|PROT_WRITE, MAP_PRIVATE|MAP_FIXED|MAP_ANONYMOUS,-1, 0) = 0x7f629d754000,,,,,,,
close,3)                                = 0,,,,,,,,,,,
openat,AT_FDCWD, O_RDONLY|O_CLOEXEC) = -1 ENOENT (No such file or directory),,,,,,,,,,
openat,AT_FDCWD, O_RDONLY|O_CLOEXEC) = 3,,,,,,,,,,
read,3, 832) = 832,,,,,,,,,,
fstat,3, st_size=162264, ...}) = 0,,,,,,,,,
mmap,NULL, PROT_READ, MAP_PRIVATE|MAP_DENYWRITE,3, 0) = 0x7f629d702000,,,,,,,
mprotect,0x7f629d705000, PROT_NONE) = 0,,,,,,,,,,
mmap,0x7f629d705000, PROT_READ|PROT_EXEC, MAP_PRIVATE|MAP_FIXED|MAP_DENYWRITE,3, 0x3000) = 0x7f629d705000,,,,,,,
mmap,0x7f629d71d000, PROT_READ, MAP_PRIVATE|MAP_FIXED|MAP_DENYWRITE,3, 0x1b000) = 0x7f629d71d000,,,,,,,
mmap,0x7f629d729000, PROT_READ|PROT_WRITE, MAP_PRIVATE|MAP_FIXED|MAP_DENYWRITE,3, 0x26000) = 0x7f629d729000,,,,,,,
close,3)                                = 0,,,,,,,,,,,
openat,AT_FDCWD, O_RDONLY|O_CLOEXEC) = -1 ENOENT (No such file or directory),,,,,,,,,,
openat,AT_FDCWD, O_RDONLY|O_CLOEXEC) = 3,,,,,,,,,,
read,3, 832) = 832,,,,,,,,,,
fstat,3, st_size=129248, ...}) = 0,,,,,,,,,
mmap,NULL, PROT_READ, MAP_PRIVATE|MAP_DENYWRITE,3, 0) = 0x7f629d6e1000,,,,,,,
mmap,0x7f629d6e3000, PROT_READ|PROT_EXEC, MAP_PRIVATE|MAP_FIXED|MAP_DENYWRITE,3, 0x2000) = 0x7f629d6e3000,,,,,,,
mmap,0x7f629d6fd000, PROT_READ, MAP_PRIVATE|MAP_FIXED|MAP_DENYWRITE,3, 0x1c000) = 0x7f629d6fd000,,,,,,,
mmap,0x7f629d700000, PROT_READ|PROT_WRITE, MAP_PRIVATE|MAP_FIXED|MAP_DENYWRITE,3, 0x1e000) = 0x7f629d700000,,,,,,,
close,3)                                = 0,,,,,,,,,,,
openat,AT_FDCWD, O_RDONLY|O_CLOEXEC) = -1 ENOENT (No such file or directory),,,,,,,,,,
openat,AT_FDCWD, O_RDONLY|O_CLOEXEC) = 3,,,,,,,,,,
read,3, 832) = 832,,,,,,,,,,
fstat,3, st_size=351352, ...}) = 0,,,,,,,,,
mmap,NULL, PROT_READ, MAP_PRIVATE|MAP_DENYWRITE,3, 0) = 0x7f629d68a000,,,,,,,
mprotect,0x7f629d694000, PROT_NONE) = 0,,,,,,,,,,
mmap,0x7f629d694000, PROT_READ|PROT_EXEC, MAP_PRIVATE|MAP_FIXED|MAP_DENYWRITE,3, 0xa000) = 0x7f629d694000,,,,,,,
mmap,0x7f629d6ca000, PROT_READ, MAP_PRIVATE|MAP_FIXED|MAP_DENYWRITE,3, 0x40000) = 0x7f629d6ca000,,,,,,,
mmap,0x7f629d6db000, PROT_READ|PROT_WRITE, MAP_PRIVATE|MAP_FIXED|MAP_DENYWRITE,3, 0x50000) = 0x7f629d6db000,,,,,,,
close,3)                                = 0,,,,,,,,,,,
openat,AT_FDCWD, O_RDONLY|O_CLOEXEC) = -1 ENOENT (No such file or directory),,,,,,,,,,
openat,AT_FDCWD, O_RDONLY|O_CLOEXEC) = 3,,,,,,,,,,
read,3, 832) = 832,,,,,,,,,,
fstat,3, st_size=1168056, ...}) = 0,,,,,,,,,
mmap,NULL, PROT_READ, MAP_PRIVATE|MAP_DENYWRITE,3, 0) = 0x7f629d56c000,,,,,,,
mmap,0x7f629d578000, PROT_READ|PROT_EXEC, MAP_PRIVATE|MAP_FIXED|MAP_DENYWRITE,3, 0xc000) = 0x7f629d578000,,,,,,,
mmap,0x7f629d646000, PROT_READ, MAP_PRIVATE|MAP_FIXED|MAP_DENYWRITE,3, 0xda000) = 0x7f629d646000,,,,,,,
mmap,0x7f629d683000, PROT_READ|PROT_WRITE, MAP_PRIVATE|MAP_FIXED|MAP_DENYWRITE,3, 0x116000) = 0x7f629d683000,,,,,,,
close,3)                                = 0,,,,,,,,,,,
openat,AT_FDCWD, O_RDONLY|O_CLOEXEC) = -1 ENOENT (No such file or directory),,,,,,,,,,
openat,AT_FDCWD, O_RDONLY|O_CLOEXEC) = 3,,,,,,,,,,
read,3, 832) = 832,,,,,,,,,,
pread64,3,68, 824) = 68,,,,,,,,,
fstat,3, st_size=157224, ...}) = 0,,,,,,,,,
mmap,NULL, PROT_READ|PROT_WRITE, MAP_PRIVATE|MAP_ANONYMOUS,-1, 0) = 0x7f629d56a000,,,,,,,
pread64,3,68, 824) = 68,,,,,,,,,
mmap,NULL, PROT_READ, MAP_PRIVATE|MAP_DENYWRITE,3, 0) = 0x7f629d547000,,,,,,,
mmap,0x7f629d54d000, PROT_READ|PROT_EXEC, MAP_PRIVATE|MAP_FIXED|MAP_DENYWRITE,3, 0x6000) = 0x7f629d54d000,,,,,,,
mmap,0x7f629d55e000, PROT_READ, MAP_PRIVATE|MAP_FIXED|MAP_DENYWRITE,3, 0x17000) = 0x7f629d55e000,,,,,,,
mmap,0x7f629d564000, PROT_READ|PROT_WRITE, MAP_PRIVATE|MAP_FIXED|MAP_DENYWRITE,3, 0x1c000) = 0x7f629d564000,,,,,,,
mmap,0x7f629d566000, PROT_READ|PROT_WRITE, MAP_PRIVATE|MAP_FIXED|MAP_ANONYMOUS,-1, 0) = 0x7f629d566000,,,,,,,
close,3)                                = 0,,,,,,,,,,,
openat,AT_FDCWD, O_RDONLY|O_CLOEXEC) = 3,,,,,,,,,,
read,3, 832) = 832,,,,,,,,,,
fstat,3, st_size=588488, ...}) = 0,,,,,,,,,
mmap,NULL, PROT_READ, MAP_PRIVATE|MAP_DENYWRITE,3, 0) = 0x7f629d4b6000,,,,,,,
mmap,0x7f629d4b8000, PROT_READ|PROT_EXEC, MAP_PRIVATE|MAP_FIXED|MAP_DENYWRITE,3, 0x2000) = 0x7f629d4b8000,,,,,,,
mmap,0x7f629d51d000, PROT_READ, MAP_PRIVATE|MAP_FIXED|MAP_DENYWRITE,3, 0x67000) = 0x7f629d51d000,,,,,,,
mmap,0x7f629d545000, PROT_READ|PROT_WRITE, MAP_PRIVATE|MAP_FIXED|MAP_DENYWRITE,3, 0x8e000) = 0x7f629d545000,,,,,,,
close,3)                                = 0,,,,,,,,,,,
openat,AT_FDCWD, O_RDONLY|O_CLOEXEC) = 3,,,,,,,,,,
read,3, 832) = 832,,,,,,,,,,
fstat,3, st_size=18848, ...}) = 0,,,,,,,,,
mmap,NULL, PROT_READ, MAP_PRIVATE|MAP_DENYWRITE,3, 0) = 0x7f629d4b0000,,,,,,,
mmap,0x7f629d4b1000, PROT_READ|PROT_EXEC, MAP_PRIVATE|MAP_FIXED|MAP_DENYWRITE,3, 0x1000) = 0x7f629d4b1000,,,,,,,
mmap,0x7f629d4b3000, PROT_READ, MAP_PRIVATE|MAP_FIXED|MAP_DENYWRITE,3, 0x3000) = 0x7f629d4b3000,,,,,,,
mmap,0x7f629d4b4000, PROT_READ|PROT_WRITE, MAP_PRIVATE|MAP_FIXED|MAP_DENYWRITE,3, 0x3000) = 0x7f629d4b4000,,,,,,,
close,3)                                = 0,,,,,,,,,,,
openat,AT_FDCWD, O_RDONLY|O_CLOEXEC) = 3,,,,,,,,,,
read,3, 832) = 832,,,,,,,,,,
fstat,3, st_size=137584, ...}) = 0,,,,,,,,,
mmap,NULL, PROT_READ, MAP_PRIVATE|MAP_DENYWRITE,3, 0) = 0x7f629d48d000,,,,,,,
mmap,0x7f629d491000, PROT_READ|PROT_EXEC, MAP_PRIVATE|MAP_FIXED|MAP_DENYWRITE,3, 0x4000) = 0x7f629d491000,,,,,,,
mmap,0x7f629d4a4000, PROT_READ, MAP_PRIVATE|MAP_FIXED|MAP_DENYWRITE,3, 0x17000) = 0x7f629d4a4000,,,,,,,
mmap,0x7f629d4ae000, PROT_READ|PROT_WRITE, MAP_PRIVATE|MAP_FIXED|MAP_DENYWRITE,3, 0x20000) = 0x7f629d4ae000,,,,,,,
close,3)                                = 0,,,,,,,,,,,
mmap,NULL, PROT_READ|PROT_WRITE, MAP_PRIVATE|MAP_ANONYMOUS,-1, 0) = 0x7f629d48b000,,,,,,,
mmap,NULL, PROT_READ|PROT_WRITE, MAP_PRIVATE|MAP_ANONYMOUS,-1, 0) = 0x7f629d489000,,,,,,,
arch_prctl,ARCH_SET_FS,,,,,,,,,,,
mprotect,0x7f629d93e000, PROT_READ) = 0,,,,,,,,,,
mprotect,0x7f629d4ae000, PROT_READ) = 0,,,,,,,,,,
mprotect,0x7f629d4b4000, PROT_READ) = 0,,,,,,,,,,
mprotect,0x7f629d564000, PROT_READ) = 0,,,,,,,,,,
mprotect,0x7f629d545000, PROT_READ) = 0,,,,,,,,,,
mprotect,0x7f629d683000, PROT_READ) = 0,,,,,,,,,,
mprotect,0x7f629d6db000, PROT_READ) = 0,,,,,,,,,,
mprotect,0x7f629d700000, PROT_READ) = 0,,,,,,,,,,
mprotect,0x7f629d729000, PROT_READ) = 0,,,,,,,,,,
mprotect,0x7f629d752000, PROT_READ) = 0,,,,,,,,,,
mprotect,0x562d67015000, PROT_READ) = 0,,,,,,,,,,
mprotect,0x7f629d988000, PROT_READ) = 0,,,,,,,,,,
munmap,0x7f629d94a000,,,,,,,,,,,
set_tid_address,0x7f629d48c8d0)         = 3062,,,,,,,,,,,
set_robust_list,0x7f629d48c8e0,,,,,,,,,,,
rt_sigaction,SIGRTMIN, sa_mask=[], sa_flags=SA_RESTORER|SA_SIGINFO, sa_restorer=0x7f629d55b420}, NULL, 8) = 0,,,,,,
rt_sigaction,SIGRT_1, sa_mask=[], sa_flags=SA_RESTORER|SA_RESTART|SA_SIGINFO, sa_restorer=0x7f629d55b420}, NULL, 8) = 0,,,,,,
rt_sigprocmask,SIG_UNBLOCK, NULL, 8) = 0,,,,,,,,,
prlimit64,0, NULL, {rlim_cur=8192*1024, rlim_max=RLIM64_INFINITY}) = 0,,,,,,,,
brk,NULL)                               = 0x562d684de000,,,,,,,,,,,
brk,0x562d684ff000)                     = 0x562d684ff000,,,,,,,,,,,
statfs,/sys/fs/selinux,,,,,,,,,,,
statfs,/selinux,,,,,,,,,,,
openat,AT_FDCWD, O_RDONLY|O_CLOEXEC) = 3,,,,,,,,,,
fstat,3, st_size=0, ...}) = 0,,,,,,,,,
read,3, 1024) = 387,,,,,,,,,,
read,3, 1024)                       = 0,,,,,,,,,,
close,3)                                = 0,,,,,,,,,,,
access,/etc/selinux/config,,,,,,,,,,,
openat,AT_FDCWD, O_RDONLY|O_CLOEXEC) = 3,,,,,,,,,,
fstat,3, st_size=5699248, ...}) = 0,,,,,,,,,
mmap,NULL, PROT_READ, MAP_PRIVATE,3, 0) = 0x7f629cf19000,,,,,,,
close,3)                                = 0,,,,,,,,,,,
getpid,)                                = 3062,,,,,,,,,,,
openat,AT_FDCWD, O_RDONLY|O_CLOEXEC) = 3,,,,,,,,,,
fstat,3, st_size=0, ...}) = 0,,,,,,,,,
read,3, 1024) = 313,,,,,,,,,,
ioctl,3, 0x7ffc6e49aa40)        = -1 ENOTTY (Inappropriate ioctl for device),,,,,,,,,,
read,3, 1024)                       = 0,,,,,,,,,,
close,3)                                = 0,,,,,,,,,,,
prlimit64,0, {rlim_cur=512*1024, rlim_max=512*1024}, NULL) = 0,,,,,,,,
rt_sigaction,SIGBUS, sa_mask=[], sa_flags=SA_RESTORER|SA_SIGINFO, sa_restorer=0x7f629d799090}, {sa_handler=SIG_DFL, sa_mask=[], sa_flags=0}, 8) = 0,,,,
ioctl,1, {B38400 opost isig icanon echo ...}) = 0,,,,,,,,,,
newfstatat,AT_FDCWD, 0x7ffc6e49ab10, 0) = -1 EACCES (Permission denied),,,,,,,,,
newfstatat,AT_FDCWD, {st_mode=S_IFDIR|0755, st_size=80, ...}, AT_SYMLINK_NOFOLLOW) = 0,,,,,,,
geteuid,)                               = 1000,,,,,,,,,,,
socket,AF_UNIX, 0) = 3,,,,,,,,,,
getsockopt,3, SO_RCVBUF, [212992], [4]) = 0,,,,,,,,
setsockopt,3, SO_RCVBUF, [8388608], 4) = 0,,,,,,,,
getsockopt,3, SO_SNDBUF, [212992], [4]) = 0,,,,,,,,
setsockopt,3, SO_SNDBUF, [8388608], 4) = 0,,,,,,,,
connect,3," sun_path=""/run/dbus/system_bus_socket""}", 30) = 0,,,,,,,,,
getsockopt,3, SO_PEERCRED, {pid=1, uid=0, gid=0}, [12]) = 0,,,,,,
getsockopt,3, SO_PEERSEC," ""unconfined""", [64->10]) = 0,,,,,,,,
getsockopt,3, SO_PEERGROUPS, 0x562d684e04d0, [256->0]) = 0,,,,,,,,
fstat,3, st_size=0, ...}) = 0,,,,,,,,,
getsockopt,3, SO_ACCEPTCONN, [0], [4]) = 0,,,,,,,,
getsockname,3, [128->2]) = 0,,,,,,,,,,
sendmsg,3, msg_namelen=0," msg_iov=[{iov_base=""\0AUTH EXTERNAL\r\nDATA\r\n""", iov_len=22}," {iov_base=""NEGOTIATE_UNIX_FD\r\n""", iov_len=19}," {iov_base=""BEGIN\r\n""", iov_len=7}], msg_iovlen=3, msg_controllen=0, msg_flags=0}, MSG_DONTWAIT|MSG_NOSIGNAL) = 48
gettid,)                                = 3062,,,,,,,,,,,
futex,0x562d6701eec0, 2147483647) = 0,,,,,,,,,,
gettid,)                                = 3062,,,,,,,,,,,
ioctl,0, {B38400 opost isig icanon echo ...}) = 0,,,,,,,,,,
rt_sigprocmask,SIG_SETMASK, [], 8) = 0,,,,,,,,,
clone,child_stack=NULL, child_tidptr=0x7f629d48c8d0) = 3070,,,,,,,,,,
rt_sigprocmask,SIG_SETMASK, NULL, 8) = 0,,,,,,,,,
geteuid,)                               = 1000,,,,,,,,,,,
ioctl,0, {B38400 opost isig icanon echo ...}) = 0,,,,,,,,,,
pipe2,[4, 0)                        = 0,,,,,,,,,,
rt_sigprocmask,SIG_SETMASK, [], 8) = 0,,,,,,,,,
clone,child_stack=NULL, child_tidptr=0x7f629d48c8d0) = 3071,,,,,,,,,,
rt_sigprocmask,SIG_SETMASK, NULL, 8) = 0,,,,,,,,,
close,5)                                = 0,,,,,,,,,,,
ppoll,[{fd=4,1, NULL, NULL, 8) = 1 ([{fd=4, revents=POLLHUP}]),,,,,,
close,4)                                = 0,,,,,,,,,,,
recvmsg,3, msg_namelen=0," msg_iov=[{iov_base=""DATA\r\nOK 3ab24dac7ad4252cdebd4b2""...", iov_len=256}], msg_iovlen=1, msg_controllen=0, msg_flags=MSG_CMSG_CLOEXEC}, MSG_DONTWAIT|MSG_CMSG_CLOEXEC) = 58,,,,
sendmsg,3, msg_namelen=0," msg_iov=[{iov_base=""l\1\0\1\0\0\0\0\1\0\0\0m\0\0\0\1\1o\0\25\0\0\0/org/fre""...", iov_len=128}], msg_iovlen=1, msg_controllen=0, msg_flags=0}, MSG_DONTWAIT|MSG_NOSIGNAL) = 128,,,,
sendmsg,3, msg_namelen=0," msg_iov=[{iov_base=""l\1\4\1\226\0\0\0\2\0\0\0\177\0\0\0\1\1o\0\25\0\0\0/org/fre""...", iov_len=144}," {iov_base=""\221\0\0\0type='signal'","sender='org.fr""...", iov_len=150}], msg_iovlen=2, msg_controllen=0, msg_flags=0}, MSG_DONTWAIT|MSG_NOSIGNAL) = 294,
recvmsg,3, MSG_DONTWAIT|MSG_CMSG_CLOEXEC) = -1 EAGAIN (Resource temporarily unavailable),,,,,,,,,,
ppoll,[{fd=3,1, {tv_sec=24, tv_nsec=999375000}, NULL, 8) = 1 ([{fd=3, revents=POLLIN}], left {tv_sec=24, tv_nsec=974505876}),,,
recvmsg,3, msg_namelen=0," msg_iov=[{iov_base=""l\2\1\1\v\0\0\0\1\0\0\0=\0\0\0\6\1s\0\6\0\0\0""", iov_len=24}], msg_iovlen=1, msg_controllen=0, msg_flags=MSG_CMSG_CLOEXEC}, MSG_DONTWAIT|MSG_CMSG_CLOEXEC) = 24,,,,
recvmsg,3, msg_namelen=0," msg_iov=[{iov_base="":1.140\0\0\5\1u\0\1\0\0\0\10\1g\0\1s\0\0\7\1s\0\24\0\0\0""...", iov_len=67}], msg_iovlen=1, msg_controllen=0, msg_flags=MSG_CMSG_CLOEXEC}, MSG_DONTWAIT|MSG_CMSG_CLOEXEC) = 67,,,,
sendmsg,3, msg_namelen=0," msg_iov=[{iov_base=""l\1\4\1 \0\0\0\3\0\0\0\240\0\0\0\1\1o\0\31\0\0\0/org/fre""...", iov_len=176}," {iov_base=""\16\0\0\0vsftpd.service\0\0\7\0\0\0replace\0""", iov_len=32}], msg_iovlen=2, msg_controllen=0, msg_flags=0}, MSG_DONTWAIT|MSG_NOSIGNAL) = 208,,
recvmsg,3, msg_namelen=0," msg_iov=[{iov_base=""l\4\1\1\v\0\0\0\2\0\0\0\215\0\0\0\1\1o\0\25\0\0\0""", iov_len=24}], msg_iovlen=1, msg_controllen=0, msg_flags=MSG_CMSG_CLOEXEC}, MSG_DONTWAIT|MSG_CMSG_CLOEXEC) = 24,,,,
recvmsg,3, msg_namelen=0," msg_iov=[{iov_base=""/org/freedesktop/DBus\0\0\0\2\1s\0\24\0\0\0""...", iov_len=147}], msg_iovlen=1, msg_controllen=0, msg_flags=MSG_CMSG_CLOEXEC}, MSG_DONTWAIT|MSG_CMSG_CLOEXEC) = 147,,,,
recvmsg,3, msg_namelen=0," msg_iov=[{iov_base=""l\2\1\1\0\0\0\0\3\0\0\0005\0\0\0\6\1s\0\6\0\0\0""", iov_len=24}], msg_iovlen=1, msg_controllen=0, msg_flags=MSG_CMSG_CLOEXEC}, MSG_DONTWAIT|MSG_CMSG_CLOEXEC) = 24,,,,
recvmsg,3, msg_namelen=0," msg_iov=[{iov_base="":1.140\0\0\5\1u\0\2\0\0\0\7\1s\0\24\0\0\0org.free""...", iov_len=48}], msg_iovlen=1, msg_controllen=0, msg_flags=MSG_CMSG_CLOEXEC}, MSG_DONTWAIT|MSG_CMSG_CLOEXEC) = 48,,,,
recvmsg,3, MSG_DONTWAIT|MSG_CMSG_CLOEXEC) = -1 EAGAIN (Resource temporarily unavailable),,,,,,,,,,
ppoll,[{fd=3,1, {tv_sec=24, tv_nsec=998817000}, NULL, 8) = 1 ([{fd=3, revents=POLLIN}], left {tv_sec=20, tv_nsec=938834222}),,,
recvmsg,3, msg_namelen=0," msg_iov=[{iov_base=""l\3\1\1\26\0\0\0\331\5\0\0^\0\0\0\5\1u\0\3\0\0\0""", iov_len=24}], msg_iovlen=1, msg_controllen=0, msg_flags=MSG_CMSG_CLOEXEC}, MSG_DONTWAIT|MSG_CMSG_CLOEXEC) = 24,,,,
recvmsg,3, msg_namelen=0," msg_iov=[{iov_base=""\6\1s\0\6\0\0\0:1.140\0\0\4\1s\0'\0\0\0org.free""...", iov_len=110}], msg_iovlen=1, msg_controllen=0, msg_flags=MSG_CMSG_CLOEXEC}, MSG_DONTWAIT|MSG_CMSG_CLOEXEC) = 110,,,,
writev,2, iov_len=45}," {iov_base=""\n""", iov_len=1}], 2) = 46,,,,,,,
writev,2, iov_len=66}," {iov_base=""\n""", iov_len=1}], 2) = 67,,,,,,,
sendmsg,3, msg_namelen=0," msg_iov=[{iov_base=""l\1\5\1\226\0\0\0\4\0\0\0\177\0\0\0\1\1o\0\25\0\0\0/org/fre""...", iov_len=144}," {iov_base=""\221\0\0\0type='signal'","sender='org.fr""...", iov_len=150}], msg_iovlen=2, msg_controllen=0, msg_flags=0}, MSG_DONTWAIT|MSG_NOSIGNAL) = 294,
close,3)                                = 0,,,,,,,,,,,
kill,3070,,,,,,,,,,,
kill,3070,,,,,,,,,,,
waitid,P_PID, {si_signo=SIGCHLD, si_code=CLD_EXITED, si_pid=3070, si_uid=1000, si_status=0, si_utime=0, si_stime=0}, WEXITED, NULL) = 0,,
--- SIGCHLD {si_signo=SIGCHLD,, si_pid=3070, si_uid=1000, si_status=0, si_utime=0, si_stime=0} ---,,,,,,
kill,3071,,,,,,,,,,,
kill,3071,,,,,,,,,,,
waitid,P_PID, {si_signo=SIGCHLD, si_code=CLD_KILLED, si_pid=3071, si_uid=1000, si_status=SIGTERM, si_utime=0, si_stime=0}, WEXITED, NULL) = 0,,
--- SIGCHLD {si_signo=SIGCHLD,, si_pid=3071, si_uid=1000, si_status=SIGTERM, si_utime=1, si_stime=1} ---,,,,,,
exit_group,4)                           = ?,,,,,,,,,,,
+++ exited with 4 +++,,,,,,,,,,,,
