Data,,,,,,,,,,,,
execve,/usr/sbin/shutdown, 0x7ffdc147fd50 /* 50 vars */) = 0,,,,,,,,,,
brk,NULL)                               = 0x55d1d44c6000,,,,,,,,,,,
arch_prctl,0x3001 /* ARCH_??? */,,,,,,,,,,,
access,/etc/ld.so.preload,,,,,,,,,,,
openat,AT_FDCWD, O_RDONLY|O_CLOEXEC) = -1 ENOENT (No such file or directory),,,,,,,,,,
stat,/lib/systemd/tls/x86_64/x86_64,,,,,,,,,,,
openat,AT_FDCWD, O_RDONLY|O_CLOEXEC) = -1 ENOENT (No such file or directory),,,,,,,,,,
stat,/lib/systemd/tls/x86_64,,,,,,,,,,,
openat,AT_FDCWD, O_RDONLY|O_CLOEXEC) = -1 ENOENT (No such file or directory),,,,,,,,,,
stat,/lib/systemd/tls/x86_64,,,,,,,,,,,
openat,AT_FDCWD, O_RDONLY|O_CLOEXEC) = -1 ENOENT (No such file or directory),,,,,,,,,,
stat,/lib/systemd/tls,,,,,,,,,,,
openat,AT_FDCWD, O_RDONLY|O_CLOEXEC) = -1 ENOENT (No such file or directory),,,,,,,,,,
stat,/lib/systemd/x86_64/x86_64,,,,,,,,,,,
openat,AT_FDCWD, O_RDONLY|O_CLOEXEC) = -1 ENOENT (No such file or directory),,,,,,,,,,
stat,/lib/systemd/x86_64,,,,,,,,,,,
openat,AT_FDCWD, O_RDONLY|O_CLOEXEC) = -1 ENOENT (No such file or directory),,,,,,,,,,
stat,/lib/systemd/x86_64,,,,,,,,,,,
openat,AT_FDCWD, O_RDONLY|O_CLOEXEC) = -1 ENOENT (No such file or directory),,,,,,,,,,
stat,/lib/systemd, st_size=12288, ...}) = 0,,,,,,,,,
openat,AT_FDCWD, O_RDONLY|O_CLOEXEC) = 3,,,,,,,,,,
fstat,3, st_size=69600, ...}) = 0,,,,,,,,,
mmap,NULL, PROT_READ, MAP_PRIVATE,3, 0) = 0x7fef709aa000,,,,,,,
close,3)                                = 0,,,,,,,,,,,
openat,AT_FDCWD, O_RDONLY|O_CLOEXEC) = 3,,,,,,,,,,
read,3, 832) = 832,,,,,,,,,,
pread64,3,784, 64) = 784,,,,,,,,,
pread64,3,32, 848) = 32,,,,,,,,,
pread64,3,68, 880) = 68,,,,,,,,,
fstat,3, st_size=2029592, ...}) = 0,,,,,,,,,
mmap,NULL, PROT_READ|PROT_WRITE, MAP_PRIVATE|MAP_ANONYMOUS,-1, 0) = 0x7fef709a8000,,,,,,,
pread64,3,784, 64) = 784,,,,,,,,,
pread64,3,32, 848) = 32,,,,,,,,,
pread64,3,68, 880) = 68,,,,,,,,,
mmap,NULL, PROT_READ, MAP_PRIVATE|MAP_DENYWRITE,3, 0) = 0x7fef707b6000,,,,,,,
mmap,0x7fef707d8000, PROT_READ|PROT_EXEC, MAP_PRIVATE|MAP_FIXED|MAP_DENYWRITE,3, 0x22000) = 0x7fef707d8000,,,,,,,
mmap,0x7fef70950000, PROT_READ, MAP_PRIVATE|MAP_FIXED|MAP_DENYWRITE,3, 0x19a000) = 0x7fef70950000,,,,,,,
mmap,0x7fef7099e000, PROT_READ|PROT_WRITE, MAP_PRIVATE|MAP_FIXED|MAP_DENYWRITE,3, 0x1e7000) = 0x7fef7099e000,,,,,,,
mmap,0x7fef709a4000, PROT_READ|PROT_WRITE, MAP_PRIVATE|MAP_FIXED|MAP_ANONYMOUS,-1, 0) = 0x7fef709a4000,,,,,,,
close,3)                                = 0,,,,,,,,,,,
openat,AT_FDCWD, O_RDONLY|O_CLOEXEC) = -1 ENOENT (No such file or directory),,,,,,,,,,
openat,AT_FDCWD, O_RDONLY|O_CLOEXEC) = 3,,,,,,,,,,
read,3, 832) = 832,,,,,,,,,,
fstat,3, st_size=163200, ...}) = 0,,,,,,,,,
mmap,NULL, PROT_READ, MAP_PRIVATE|MAP_DENYWRITE,3, 0) = 0x7fef7078b000,,,,,,,
mprotect,0x7fef70791000, PROT_NONE) = 0,,,,,,,,,,
mmap,0x7fef70791000, PROT_READ|PROT_EXEC, MAP_PRIVATE|MAP_FIXED|MAP_DENYWRITE,3, 0x6000) = 0x7fef70791000,,,,,,,
mmap,0x7fef707aa000, PROT_READ, MAP_PRIVATE|MAP_FIXED|MAP_DENYWRITE,3, 0x1f000) = 0x7fef707aa000,,,,,,,
mmap,0x7fef707b2000, PROT_READ|PROT_WRITE, MAP_PRIVATE|MAP_FIXED|MAP_DENYWRITE,3, 0x26000) = 0x7fef707b2000,,,,,,,
mmap,0x7fef707b4000, PROT_READ|PROT_WRITE, MAP_PRIVATE|MAP_FIXED|MAP_ANONYMOUS,-1, 0) = 0x7fef707b4000,,,,,,,
close,3)                                = 0,,,,,,,,,,,
openat,AT_FDCWD, O_RDONLY|O_CLOEXEC) = -1 ENOENT (No such file or directory),,,,,,,,,,
openat,AT_FDCWD, O_RDONLY|O_CLOEXEC) = 3,,,,,,,,,,
read,3, 832) = 832,,,,,,,,,,
fstat,3, st_size=162264, ...}) = 0,,,,,,,,,
mmap,NULL, PROT_READ, MAP_PRIVATE|MAP_DENYWRITE,3, 0) = 0x7fef70762000,,,,,,,
mprotect,0x7fef70765000, PROT_NONE) = 0,,,,,,,,,,
mmap,0x7fef70765000, PROT_READ|PROT_EXEC, MAP_PRIVATE|MAP_FIXED|MAP_DENYWRITE,3, 0x3000) = 0x7fef70765000,,,,,,,
mmap,0x7fef7077d000, PROT_READ, MAP_PRIVATE|MAP_FIXED|MAP_DENYWRITE,3, 0x1b000) = 0x7fef7077d000,,,,,,,
mmap,0x7fef70789000, PROT_READ|PROT_WRITE, MAP_PRIVATE|MAP_FIXED|MAP_DENYWRITE,3, 0x26000) = 0x7fef70789000,,,,,,,
close,3)                                = 0,,,,,,,,,,,
openat,AT_FDCWD, O_RDONLY|O_CLOEXEC) = -1 ENOENT (No such file or directory),,,,,,,,,,
openat,AT_FDCWD, O_RDONLY|O_CLOEXEC) = 3,,,,,,,,,,
read,3, 832) = 832,,,,,,,,,,
fstat,3, st_size=129248, ...}) = 0,,,,,,,,,
mmap,NULL, PROT_READ, MAP_PRIVATE|MAP_DENYWRITE,3, 0) = 0x7fef70741000,,,,,,,
mmap,0x7fef70743000, PROT_READ|PROT_EXEC, MAP_PRIVATE|MAP_FIXED|MAP_DENYWRITE,3, 0x2000) = 0x7fef70743000,,,,,,,
mmap,0x7fef7075d000, PROT_READ, MAP_PRIVATE|MAP_FIXED|MAP_DENYWRITE,3, 0x1c000) = 0x7fef7075d000,,,,,,,
mmap,0x7fef70760000, PROT_READ|PROT_WRITE, MAP_PRIVATE|MAP_FIXED|MAP_DENYWRITE,3, 0x1e000) = 0x7fef70760000,,,,,,,
close,3)                                = 0,,,,,,,,,,,
openat,AT_FDCWD, O_RDONLY|O_CLOEXEC) = -1 ENOENT (No such file or directory),,,,,,,,,,
openat,AT_FDCWD, O_RDONLY|O_CLOEXEC) = 3,,,,,,,,,,
read,3, 832) = 832,,,,,,,,,,
fstat,3, st_size=351352, ...}) = 0,,,,,,,,,
mmap,NULL, PROT_READ, MAP_PRIVATE|MAP_DENYWRITE,3, 0) = 0x7fef706ea000,,,,,,,
mprotect,0x7fef706f4000, PROT_NONE) = 0,,,,,,,,,,
mmap,0x7fef706f4000, PROT_READ|PROT_EXEC, MAP_PRIVATE|MAP_FIXED|MAP_DENYWRITE,3, 0xa000) = 0x7fef706f4000,,,,,,,
mmap,0x7fef7072a000, PROT_READ, MAP_PRIVATE|MAP_FIXED|MAP_DENYWRITE,3, 0x40000) = 0x7fef7072a000,,,,,,,
mmap,0x7fef7073b000, PROT_READ|PROT_WRITE, MAP_PRIVATE|MAP_FIXED|MAP_DENYWRITE,3, 0x50000) = 0x7fef7073b000,,,,,,,
close,3)                                = 0,,,,,,,,,,,
openat,AT_FDCWD, O_RDONLY|O_CLOEXEC) = -1 ENOENT (No such file or directory),,,,,,,,,,
openat,AT_FDCWD, O_RDONLY|O_CLOEXEC) = 3,,,,,,,,,,
read,3, 832) = 832,,,,,,,,,,
fstat,3, st_size=1168056, ...}) = 0,,,,,,,,,
mmap,NULL, PROT_READ, MAP_PRIVATE|MAP_DENYWRITE,3, 0) = 0x7fef705cc000,,,,,,,
mmap,0x7fef705d8000, PROT_READ|PROT_EXEC, MAP_PRIVATE|MAP_FIXED|MAP_DENYWRITE,3, 0xc000) = 0x7fef705d8000,,,,,,,
mmap,0x7fef706a6000, PROT_READ, MAP_PRIVATE|MAP_FIXED|MAP_DENYWRITE,3, 0xda000) = 0x7fef706a6000,,,,,,,
mmap,0x7fef706e3000, PROT_READ|PROT_WRITE, MAP_PRIVATE|MAP_FIXED|MAP_DENYWRITE,3, 0x116000) = 0x7fef706e3000,,,,,,,
close,3)                                = 0,,,,,,,,,,,
openat,AT_FDCWD, O_RDONLY|O_CLOEXEC) = -1 ENOENT (No such file or directory),,,,,,,,,,
openat,AT_FDCWD, O_RDONLY|O_CLOEXEC) = 3,,,,,,,,,,
read,3, 832) = 832,,,,,,,,,,
pread64,3,68, 824) = 68,,,,,,,,,
fstat,3, st_size=157224, ...}) = 0,,,,,,,,,
mmap,NULL, PROT_READ|PROT_WRITE, MAP_PRIVATE|MAP_ANONYMOUS,-1, 0) = 0x7fef705ca000,,,,,,,
pread64,3,68, 824) = 68,,,,,,,,,
mmap,NULL, PROT_READ, MAP_PRIVATE|MAP_DENYWRITE,3, 0) = 0x7fef705a7000,,,,,,,
mmap,0x7fef705ad000, PROT_READ|PROT_EXEC, MAP_PRIVATE|MAP_FIXED|MAP_DENYWRITE,3, 0x6000) = 0x7fef705ad000,,,,,,,
mmap,0x7fef705be000, PROT_READ, MAP_PRIVATE|MAP_FIXED|MAP_DENYWRITE,3, 0x17000) = 0x7fef705be000,,,,,,,
mmap,0x7fef705c4000, PROT_READ|PROT_WRITE, MAP_PRIVATE|MAP_FIXED|MAP_DENYWRITE,3, 0x1c000) = 0x7fef705c4000,,,,,,,
mmap,0x7fef705c6000, PROT_READ|PROT_WRITE, MAP_PRIVATE|MAP_FIXED|MAP_ANONYMOUS,-1, 0) = 0x7fef705c6000,,,,,,,
close,3)                                = 0,,,,,,,,,,,
openat,AT_FDCWD, O_RDONLY|O_CLOEXEC) = 3,,,,,,,,,,
read,3, 832) = 832,,,,,,,,,,
fstat,3, st_size=588488, ...}) = 0,,,,,,,,,
mmap,NULL, PROT_READ, MAP_PRIVATE|MAP_DENYWRITE,3, 0) = 0x7fef70516000,,,,,,,
mmap,0x7fef70518000, PROT_READ|PROT_EXEC, MAP_PRIVATE|MAP_FIXED|MAP_DENYWRITE,3, 0x2000) = 0x7fef70518000,,,,,,,
mmap,0x7fef7057d000, PROT_READ, MAP_PRIVATE|MAP_FIXED|MAP_DENYWRITE,3, 0x67000) = 0x7fef7057d000,,,,,,,
mmap,0x7fef705a5000, PROT_READ|PROT_WRITE, MAP_PRIVATE|MAP_FIXED|MAP_DENYWRITE,3, 0x8e000) = 0x7fef705a5000,,,,,,,
close,3)                                = 0,,,,,,,,,,,
openat,AT_FDCWD, O_RDONLY|O_CLOEXEC) = 3,,,,,,,,,,
read,3, 832) = 832,,,,,,,,,,
fstat,3, st_size=18848, ...}) = 0,,,,,,,,,
mmap,NULL, PROT_READ, MAP_PRIVATE|MAP_DENYWRITE,3, 0) = 0x7fef70510000,,,,,,,
mmap,0x7fef70511000, PROT_READ|PROT_EXEC, MAP_PRIVATE|MAP_FIXED|MAP_DENYWRITE,3, 0x1000) = 0x7fef70511000,,,,,,,
mmap,0x7fef70513000, PROT_READ, MAP_PRIVATE|MAP_FIXED|MAP_DENYWRITE,3, 0x3000) = 0x7fef70513000,,,,,,,
mmap,0x7fef70514000, PROT_READ|PROT_WRITE, MAP_PRIVATE|MAP_FIXED|MAP_DENYWRITE,3, 0x3000) = 0x7fef70514000,,,,,,,
close,3)                                = 0,,,,,,,,,,,
openat,AT_FDCWD, O_RDONLY|O_CLOEXEC) = 3,,,,,,,,,,
read,3, 832) = 832,,,,,,,,,,
fstat,3, st_size=137584, ...}) = 0,,,,,,,,,
mmap,NULL, PROT_READ, MAP_PRIVATE|MAP_DENYWRITE,3, 0) = 0x7fef704ed000,,,,,,,
mmap,0x7fef704f1000, PROT_READ|PROT_EXEC, MAP_PRIVATE|MAP_FIXED|MAP_DENYWRITE,3, 0x4000) = 0x7fef704f1000,,,,,,,
mmap,0x7fef70504000, PROT_READ, MAP_PRIVATE|MAP_FIXED|MAP_DENYWRITE,3, 0x17000) = 0x7fef70504000,,,,,,,
mmap,0x7fef7050e000, PROT_READ|PROT_WRITE, MAP_PRIVATE|MAP_FIXED|MAP_DENYWRITE,3, 0x20000) = 0x7fef7050e000,,,,,,,
close,3)                                = 0,,,,,,,,,,,
mmap,NULL, PROT_READ|PROT_WRITE, MAP_PRIVATE|MAP_ANONYMOUS,-1, 0) = 0x7fef704eb000,,,,,,,
mmap,NULL, PROT_READ|PROT_WRITE, MAP_PRIVATE|MAP_ANONYMOUS,-1, 0) = 0x7fef704e9000,,,,,,,
arch_prctl,ARCH_SET_FS,,,,,,,,,,,
mprotect,0x7fef7099e000, PROT_READ) = 0,,,,,,,,,,
mprotect,0x7fef7050e000, PROT_READ) = 0,,,,,,,,,,
mprotect,0x7fef70514000, PROT_READ) = 0,,,,,,,,,,
mprotect,0x7fef705c4000, PROT_READ) = 0,,,,,,,,,,
mprotect,0x7fef705a5000, PROT_READ) = 0,,,,,,,,,,
mprotect,0x7fef706e3000, PROT_READ) = 0,,,,,,,,,,
mprotect,0x7fef7073b000, PROT_READ) = 0,,,,,,,,,,
mprotect,0x7fef70760000, PROT_READ) = 0,,,,,,,,,,
mprotect,0x7fef70789000, PROT_READ) = 0,,,,,,,,,,
mprotect,0x7fef707b2000, PROT_READ) = 0,,,,,,,,,,
mprotect,0x55d1d3bba000, PROT_READ) = 0,,,,,,,,,,
mprotect,0x7fef709e8000, PROT_READ) = 0,,,,,,,,,,
munmap,0x7fef709aa000,,,,,,,,,,,
set_tid_address,0x7fef704ec8d0)         = 3501,,,,,,,,,,,
set_robust_list,0x7fef704ec8e0,,,,,,,,,,,
rt_sigaction,SIGRTMIN, sa_mask=[], sa_flags=SA_RESTORER|SA_SIGINFO, sa_restorer=0x7fef705bb420}, NULL, 8) = 0,,,,,,
rt_sigaction,SIGRT_1, sa_mask=[], sa_flags=SA_RESTORER|SA_RESTART|SA_SIGINFO, sa_restorer=0x7fef705bb420}, NULL, 8) = 0,,,,,,
rt_sigprocmask,SIG_UNBLOCK, NULL, 8) = 0,,,,,,,,,
prlimit64,0, NULL, {rlim_cur=8192*1024, rlim_max=RLIM64_INFINITY}) = 0,,,,,,,,
brk,NULL)                               = 0x55d1d44c6000,,,,,,,,,,,
brk,0x55d1d44e7000)                     = 0x55d1d44e7000,,,,,,,,,,,
statfs,/sys/fs/selinux,,,,,,,,,,,
statfs,/selinux,,,,,,,,,,,
openat,AT_FDCWD, O_RDONLY|O_CLOEXEC) = 3,,,,,,,,,,
fstat,3, st_size=0, ...}) = 0,,,,,,,,,
read,3, 1024) = 387,,,,,,,,,,
read,3, 1024)                       = 0,,,,,,,,,,
close,3)                                = 0,,,,,,,,,,,
access,/etc/selinux/config,,,,,,,,,,,
openat,AT_FDCWD, O_RDONLY|O_CLOEXEC) = 3,,,,,,,,,,
fstat,3, st_size=5699248, ...}) = 0,,,,,,,,,
mmap,NULL, PROT_READ, MAP_PRIVATE,3, 0) = 0x7fef6ff79000,,,,,,,
close,3)                                = 0,,,,,,,,,,,
getpid,)                                = 3501,,,,,,,,,,,
openat,AT_FDCWD, O_RDONLY|O_CLOEXEC) = 3,,,,,,,,,,
fstat,3, st_size=0, ...}) = 0,,,,,,,,,
read,3, 1024) = 309,,,,,,,,,,
ioctl,3, 0x7fff4b33ee30)        = -1 ENOTTY (Inappropriate ioctl for device),,,,,,,,,,
read,3, 1024)                       = 0,,,,,,,,,,
close,3)                                = 0,,,,,,,,,,,
prlimit64,0, {rlim_cur=512*1024, rlim_max=512*1024}, NULL) = 0,,,,,,,,
rt_sigaction,SIGBUS, sa_mask=[], sa_flags=SA_RESTORER|SA_SIGINFO, sa_restorer=0x7fef707f9090}, {sa_handler=SIG_DFL, sa_mask=[], sa_flags=0}, 8) = 0,,,,
ioctl,1, {B38400 opost isig icanon echo ...}) = 0,,,,,,,,,,
newfstatat,AT_FDCWD, 0x7fff4b33ef10, 0) = -1 EACCES (Permission denied),,,,,,,,,
newfstatat,AT_FDCWD, {st_mode=S_IFDIR|0755, st_size=80, ...}, AT_SYMLINK_NOFOLLOW) = 0,,,,,,,
socket,AF_UNIX, 0) = 3,,,,,,,,,,
getsockopt,3, SO_RCVBUF, [212992], [4]) = 0,,,,,,,,
setsockopt,3, SO_RCVBUF, [8388608], 4) = 0,,,,,,,,
getsockopt,3, SO_SNDBUF, [212992], [4]) = 0,,,,,,,,
setsockopt,3, SO_SNDBUF, [8388608], 4) = 0,,,,,,,,
connect,3," sun_path=""/run/dbus/system_bus_socket""}", 30) = 0,,,,,,,,,
getsockopt,3, SO_PEERCRED, {pid=1, uid=0, gid=0}, [12]) = 0,,,,,,
getsockopt,3, SO_PEERSEC," ""unconfined""", [64->10]) = 0,,,,,,,,
getsockopt,3, SO_PEERGROUPS, 0x55d1d44c8390, [256->0]) = 0,,,,,,,,
fstat,3, st_size=0, ...}) = 0,,,,,,,,,
getsockopt,3, SO_ACCEPTCONN, [0], [4]) = 0,,,,,,,,
getsockname,3, [128->2]) = 0,,,,,,,,,,
sendmsg,3, msg_namelen=0," msg_iov=[{iov_base=""\0AUTH EXTERNAL\r\nDATA\r\n""", iov_len=22}," {iov_base=""NEGOTIATE_UNIX_FD\r\n""", iov_len=19}," {iov_base=""BEGIN\r\n""", iov_len=7}], msg_iovlen=3, msg_controllen=0, msg_flags=0}, MSG_DONTWAIT|MSG_NOSIGNAL) = 48
gettid,)                                = 3501,,,,,,,,,,,
futex,0x55d1d3bc3ec0, 2147483647) = 0,,,,,,,,,,
gettid,)                                = 3501,,,,,,,,,,,
recvmsg,3, msg_namelen=0," msg_iov=[{iov_base=""DATA\r\nOK 401b1f69933019b713059fd""...", iov_len=256}], msg_iovlen=1, msg_controllen=0, msg_flags=MSG_CMSG_CLOEXEC}, MSG_DONTWAIT|MSG_CMSG_CLOEXEC) = 58,,,,
sendmsg,3, msg_namelen=0," msg_iov=[{iov_base=""l\1\0\1\0\0\0\0\1\0\0\0m\0\0\0\1\1o\0\25\0\0\0/org/fre""...", iov_len=128}], msg_iovlen=1, msg_controllen=0, msg_flags=0}, MSG_DONTWAIT|MSG_NOSIGNAL) = 128,,,,
recvmsg,3, msg_namelen=0," msg_iov=[{iov_base=""l\2\1\1\v\0\0\0\1\0\0\0=\0\0\0\6\1s\0\6\0\0\0""", iov_len=24}], msg_iovlen=1, msg_controllen=0, msg_flags=MSG_CMSG_CLOEXEC}, MSG_DONTWAIT|MSG_CMSG_CLOEXEC) = 24,,,,
recvmsg,3, msg_namelen=0," msg_iov=[{iov_base="":1.155\0\0\5\1u\0\1\0\0\0\10\1g\0\1s\0\0\7\1s\0\24\0\0\0""...", iov_len=67}], msg_iovlen=1, msg_controllen=0, msg_flags=MSG_CMSG_CLOEXEC}, MSG_DONTWAIT|MSG_CMSG_CLOEXEC) = 67,,,,
sendmsg,3, msg_namelen=0," msg_iov=[{iov_base=""l\1\0\1\f\0\0\0\2\0\0\0\210\0\0\0\1\1o\0\27\0\0\0/org/fre""...", iov_len=152}," {iov_base=""\0\0\0\0\0\0\0\0\1\0\0\0""", iov_len=12}], msg_iovlen=2, msg_controllen=0, msg_flags=0}, MSG_DONTWAIT|MSG_NOSIGNAL) = 164,,
recvmsg,3, msg_namelen=0," msg_iov=[{iov_base=""l\4\1\1\v\0\0\0\2\0\0\0\215\0\0\0\1\1o\0\25\0\0\0""", iov_len=24}], msg_iovlen=1, msg_controllen=0, msg_flags=MSG_CMSG_CLOEXEC}, MSG_DONTWAIT|MSG_CMSG_CLOEXEC) = 24,,,,
recvmsg,3, msg_namelen=0," msg_iov=[{iov_base=""/org/freedesktop/DBus\0\0\0\2\1s\0\24\0\0\0""...", iov_len=147}], msg_iovlen=1, msg_controllen=0, msg_flags=MSG_CMSG_CLOEXEC}, MSG_DONTWAIT|MSG_CMSG_CLOEXEC) = 147,,,,
recvmsg,3, MSG_DONTWAIT|MSG_CMSG_CLOEXEC) = -1 EAGAIN (Resource temporarily unavailable),,,,,,,,,,
ppoll,[{fd=3,1, {tv_sec=24, tv_nsec=996357000}, NULL, 8) = 1 ([{fd=3, revents=POLLIN}], left {tv_sec=24, tv_nsec=971976194}),,,
recvmsg,3, msg_namelen=0," msg_iov=[{iov_base=""l\2\1\1\0\0\0\0\361\0\0\0&\0\0\0\5\1u\0\2\0\0\0""", iov_len=24}], msg_iovlen=1, msg_controllen=0, msg_flags=MSG_CMSG_CLOEXEC}, MSG_DONTWAIT|MSG_CMSG_CLOEXEC) = 24,,,,
recvmsg,3, msg_namelen=0," msg_iov=[{iov_base=""\6\1s\0\6\0\0\0:1.155\0\0\7\1s\0\5\0\0\0:1.18\0\0\0""", iov_len=32}], msg_iovlen=1, msg_controllen=0, msg_flags=MSG_CMSG_CLOEXEC}, MSG_DONTWAIT|MSG_CMSG_CLOEXEC) = 32,,,,
sendmsg,3, msg_namelen=0," msg_iov=[{iov_base=""l\1\0\1\30\0\0\0\3\0\0\0\220\0\0\0\1\1o\0\27\0\0\0/org/fre""...", iov_len=160}," {iov_base=""\10\0\0\0poweroff\0\0\0\0*Rq\355\312\377\5\0""", iov_len=24}], msg_iovlen=2, msg_controllen=0, msg_flags=0}, MSG_DONTWAIT|MSG_NOSIGNAL) = 184,,
recvmsg,3, MSG_DONTWAIT|MSG_CMSG_CLOEXEC) = -1 EAGAIN (Resource temporarily unavailable),,,,,,,,,,
ppoll,[{fd=3,1, {tv_sec=24, tv_nsec=999900000}, NULL, 8) = 1 ([{fd=3, revents=POLLIN}], left {tv_sec=24, tv_nsec=971786614}),,,
recvmsg,3, msg_namelen=0," msg_iov=[{iov_base=""l\2\1\1\0\0\0\0\367\0\0\0&\0\0\0\5\1u\0\3\0\0\0""", iov_len=24}], msg_iovlen=1, msg_controllen=0, msg_flags=MSG_CMSG_CLOEXEC}, MSG_DONTWAIT|MSG_CMSG_CLOEXEC) = 24,,,,
recvmsg,3, msg_namelen=0," msg_iov=[{iov_base=""\6\1s\0\6\0\0\0:1.155\0\0\7\1s\0\5\0\0\0:1.18\0\0\0""", iov_len=32}], msg_iovlen=1, msg_controllen=0, msg_flags=MSG_CMSG_CLOEXEC}, MSG_DONTWAIT|MSG_CMSG_CLOEXEC) = 32,,,,
openat,AT_FDCWD, O_RDONLY|O_CLOEXEC) = 4,,,,,,,,,,
fstat,4, st_size=303, ...}) = 0,,,,,,,,,
fstat,4, st_size=303, ...}) = 0,,,,,,,,,
read,4, 4096) = 303,,,,,,,,,,
lseek,4, SEEK_CUR)                = 124,,,,,,,,,,
read,4, 4096) = 179,,,,,,,,,,
close,4)                                = 0,,,,,,,,,,,
writev,2, iov_len=80}," {iov_base=""\n""", iov_len=1}], 2) = 81,,,,,,,
close,3)                                = 0,,,,,,,,,,,
exit_group,0)                           = ?,,,,,,,,,,,
+++ exited with 0 +++,,,,,,,,,,,,
