Data,,,,,,,,,,,,,
execve,/usr/bin/sort," ""-b"""," ""sample.txt""]", 0x7ffdbf719c40 /* 50 vars */) = 0,,,,,,,,,
brk,NULL)                               = 0x563f013c6000,,,,,,,,,,,,
arch_prctl,0x3001 /* ARCH_??? */,,,,,,,,,,,,
access,/etc/ld.so.preload,,,,,,,,,,,,
openat,AT_FDCWD, O_RDONLY|O_CLOEXEC) = 3,,,,,,,,,,,
fstat,3, st_size=69600, ...}) = 0,,,,,,,,,,
mmap,NULL, PROT_READ, MAP_PRIVATE,3, 0) = 0x7fc6f3fc1000,,,,,,,,
close,3)                                = 0,,,,,,,,,,,,
openat,AT_FDCWD, O_RDONLY|O_CLOEXEC) = 3,,,,,,,,,,,
read,3, 832) = 832,,,,,,,,,,,
pread64,3,68, 824) = 68,,,,,,,,,,
fstat,3, st_size=157224, ...}) = 0,,,,,,,,,,
mmap,NULL, PROT_READ|PROT_WRITE, MAP_PRIVATE|MAP_ANONYMOUS,-1, 0) = 0x7fc6f3fbf000,,,,,,,,
pread64,3,68, 824) = 68,,,,,,,,,,
mmap,NULL, PROT_READ, MAP_PRIVATE|MAP_DENYWRITE,3, 0) = 0x7fc6f3f9c000,,,,,,,,
mmap,0x7fc6f3fa2000, PROT_READ|PROT_EXEC, MAP_PRIVATE|MAP_FIXED|MAP_DENYWRITE,3, 0x6000) = 0x7fc6f3fa2000,,,,,,,,
mmap,0x7fc6f3fb3000, PROT_READ, MAP_PRIVATE|MAP_FIXED|MAP_DENYWRITE,3, 0x17000) = 0x7fc6f3fb3000,,,,,,,,
mmap,0x7fc6f3fb9000, PROT_READ|PROT_WRITE, MAP_PRIVATE|MAP_FIXED|MAP_DENYWRITE,3, 0x1c000) = 0x7fc6f3fb9000,,,,,,,,
mmap,0x7fc6f3fbb000, PROT_READ|PROT_WRITE, MAP_PRIVATE|MAP_FIXED|MAP_ANONYMOUS,-1, 0) = 0x7fc6f3fbb000,,,,,,,,
close,3)                                = 0,,,,,,,,,,,,
openat,AT_FDCWD, O_RDONLY|O_CLOEXEC) = 3,,,,,,,,,,,
read,3, 832) = 832,,,,,,,,,,,
pread64,3,784, 64) = 784,,,,,,,,,,
pread64,3,32, 848) = 32,,,,,,,,,,
pread64,3,68, 880) = 68,,,,,,,,,,
fstat,3, st_size=2029592, ...}) = 0,,,,,,,,,,
pread64,3,784, 64) = 784,,,,,,,,,,
pread64,3,32, 848) = 32,,,,,,,,,,
pread64,3,68, 880) = 68,,,,,,,,,,
mmap,NULL, PROT_READ, MAP_PRIVATE|MAP_DENYWRITE,3, 0) = 0x7fc6f3daa000,,,,,,,,
mmap,0x7fc6f3dcc000, PROT_READ|PROT_EXEC, MAP_PRIVATE|MAP_FIXED|MAP_DENYWRITE,3, 0x22000) = 0x7fc6f3dcc000,,,,,,,,
mmap,0x7fc6f3f44000, PROT_READ, MAP_PRIVATE|MAP_FIXED|MAP_DENYWRITE,3, 0x19a000) = 0x7fc6f3f44000,,,,,,,,
mmap,0x7fc6f3f92000, PROT_READ|PROT_WRITE, MAP_PRIVATE|MAP_FIXED|MAP_DENYWRITE,3, 0x1e7000) = 0x7fc6f3f92000,,,,,,,,
mmap,0x7fc6f3f98000, PROT_READ|PROT_WRITE, MAP_PRIVATE|MAP_FIXED|MAP_ANONYMOUS,-1, 0) = 0x7fc6f3f98000,,,,,,,,
close,3)                                = 0,,,,,,,,,,,,
mmap,NULL, PROT_READ|PROT_WRITE, MAP_PRIVATE|MAP_ANONYMOUS,-1, 0) = 0x7fc6f3da7000,,,,,,,,
arch_prctl,ARCH_SET_FS,,,,,,,,,,,,
mprotect,0x7fc6f3f92000, PROT_READ) = 0,,,,,,,,,,,
mprotect,0x7fc6f3fb9000, PROT_READ) = 0,,,,,,,,,,,
mprotect,0x563f0023d000, PROT_READ) = 0,,,,,,,,,,,
mprotect,0x7fc6f3fff000, PROT_READ) = 0,,,,,,,,,,,
munmap,0x7fc6f3fc1000,,,,,,,,,,,,
set_tid_address,0x7fc6f3da7a10)         = 9456,,,,,,,,,,,,
set_robust_list,0x7fc6f3da7a20,,,,,,,,,,,,
rt_sigaction,SIGRTMIN, sa_mask=[], sa_flags=SA_RESTORER|SA_SIGINFO, sa_restorer=0x7fc6f3fb0420}, NULL, 8) = 0,,,,,,,
rt_sigaction,SIGRT_1, sa_mask=[], sa_flags=SA_RESTORER|SA_RESTART|SA_SIGINFO, sa_restorer=0x7fc6f3fb0420}, NULL, 8) = 0,,,,,,,
rt_sigprocmask,SIG_UNBLOCK, NULL, 8) = 0,,,,,,,,,,
prlimit64,0, NULL, {rlim_cur=8192*1024, rlim_max=RLIM64_INFINITY}) = 0,,,,,,,,,
openat,AT_FDCWD, O_RDONLY|O_CLOEXEC) = 3,,,,,,,,,,,
fstat,3, st_size=5699248, ...}) = 0,,,,,,,,,,
mmap,NULL, PROT_READ, MAP_PRIVATE,3, 0) = 0x7fc6f3837000,,,,,,,,
close,3)                                = 0,,,,,,,,,,,,
brk,NULL)                               = 0x563f013c6000,,,,,,,,,,,,
brk,0x563f013e7000)                     = 0x563f013e7000,,,,,,,,,,,,
rt_sigaction,SIGALRM, {sa_handler=SIG_DFL, sa_mask=[], sa_flags=0}, 8) = 0,,,,,,,,
rt_sigaction,SIGHUP, {sa_handler=SIG_DFL, sa_mask=[], sa_flags=0}, 8) = 0,,,,,,,,
rt_sigaction,SIGINT, {sa_handler=SIG_DFL, sa_mask=[], sa_flags=0}, 8) = 0,,,,,,,,
rt_sigaction,SIGPIPE, {sa_handler=SIG_DFL, sa_mask=[], sa_flags=0}, 8) = 0,,,,,,,,
rt_sigaction,SIGQUIT, {sa_handler=SIG_DFL, sa_mask=[], sa_flags=0}, 8) = 0,,,,,,,,
rt_sigaction,SIGTERM, {sa_handler=SIG_DFL, sa_mask=[], sa_flags=0}, 8) = 0,,,,,,,,
rt_sigaction,SIGIO, {sa_handler=SIG_DFL, sa_mask=[], sa_flags=0}, 8) = 0,,,,,,,,
rt_sigaction,SIGPROF, {sa_handler=SIG_DFL, sa_mask=[], sa_flags=0}, 8) = 0,,,,,,,,
rt_sigaction,SIGVTALRM, {sa_handler=SIG_DFL, sa_mask=[], sa_flags=0}, 8) = 0,,,,,,,,
rt_sigaction,SIGXCPU, {sa_handler=SIG_DFL, sa_mask=[], sa_flags=0}, 8) = 0,,,,,,,,
rt_sigaction,SIGXFSZ, {sa_handler=SIG_DFL, sa_mask=[], sa_flags=0}, 8) = 0,,,,,,,,
rt_sigaction,SIGALRM, sa_mask=[HUP INT QUIT PIPE ALRM TERM XCPU XFSZ VTALRM PROF IO], sa_flags=SA_RESTORER, sa_restorer=0x7fc6f3fb0420}, NULL, 8) = 0,,,,,,,
rt_sigaction,SIGHUP, sa_mask=[HUP INT QUIT PIPE ALRM TERM XCPU XFSZ VTALRM PROF IO], sa_flags=SA_RESTORER, sa_restorer=0x7fc6f3fb0420}, NULL, 8) = 0,,,,,,,
rt_sigaction,SIGINT, sa_mask=[HUP INT QUIT PIPE ALRM TERM XCPU XFSZ VTALRM PROF IO], sa_flags=SA_RESTORER, sa_restorer=0x7fc6f3fb0420}, NULL, 8) = 0,,,,,,,
rt_sigaction,SIGPIPE, sa_mask=[HUP INT QUIT PIPE ALRM TERM XCPU XFSZ VTALRM PROF IO], sa_flags=SA_RESTORER, sa_restorer=0x7fc6f3fb0420}, NULL, 8) = 0,,,,,,,
rt_sigaction,SIGQUIT, sa_mask=[HUP INT QUIT PIPE ALRM TERM XCPU XFSZ VTALRM PROF IO], sa_flags=SA_RESTORER, sa_restorer=0x7fc6f3fb0420}, NULL, 8) = 0,,,,,,,
rt_sigaction,SIGTERM, sa_mask=[HUP INT QUIT PIPE ALRM TERM XCPU XFSZ VTALRM PROF IO], sa_flags=SA_RESTORER, sa_restorer=0x7fc6f3fb0420}, NULL, 8) = 0,,,,,,,
rt_sigaction,SIGIO, sa_mask=[HUP INT QUIT PIPE ALRM TERM XCPU XFSZ VTALRM PROF IO], sa_flags=SA_RESTORER, sa_restorer=0x7fc6f3fb0420}, NULL, 8) = 0,,,,,,,
rt_sigaction,SIGPROF, sa_mask=[HUP INT QUIT PIPE ALRM TERM XCPU XFSZ VTALRM PROF IO], sa_flags=SA_RESTORER, sa_restorer=0x7fc6f3fb0420}, NULL, 8) = 0,,,,,,,
rt_sigaction,SIGVTALRM, sa_mask=[HUP INT QUIT PIPE ALRM TERM XCPU XFSZ VTALRM PROF IO], sa_flags=SA_RESTORER, sa_restorer=0x7fc6f3fb0420}, NULL, 8) = 0,,,,,,,
rt_sigaction,SIGXCPU, sa_mask=[HUP INT QUIT PIPE ALRM TERM XCPU XFSZ VTALRM PROF IO], sa_flags=SA_RESTORER, sa_restorer=0x7fc6f3fb0420}, NULL, 8) = 0,,,,,,,
rt_sigaction,SIGXFSZ, sa_mask=[HUP INT QUIT PIPE ALRM TERM XCPU XFSZ VTALRM PROF IO], sa_flags=SA_RESTORER, sa_restorer=0x7fc6f3fb0420}, NULL, 8) = 0,,,,,,,
rt_sigaction,SIGCHLD, sa_mask=[CHLD], sa_flags=SA_RESTORER|SA_RESTART, sa_restorer=0x7fc6f3ded090}, {sa_handler=SIG_DFL, sa_mask=[], sa_flags=0}, 8) = 0,,,,,
stat,sample.txt, st_size=71, ...}) = 0,,,,,,,,,,
geteuid,)                               = 1000,,,,,,,,,,,,
getegid,)                               = 1000,,,,,,,,,,,,
getuid,)                                = 1000,,,,,,,,,,,,
getgid,)                                = 1000,,,,,,,,,,,,
access,sample.txt,,,,,,,,,,,,
sched_getaffinity,0, [0, 1])       = 8,,,,,,,,,,
openat,AT_FDCWD, O_RDONLY|O_CLOEXEC) = 3,,,,,,,,,,,
fcntl,3,,,,,,,,,,,,
fadvise64,3,0, POSIX_FADV_SEQUENTIAL) = 0,,,,,,,,,,
fstat,3, st_size=71, ...}) = 0,,,,,,,,,,
prlimit64,0, NULL, {rlim_cur=RLIM64_INFINITY, rlim_max=RLIM64_INFINITY}) = 0,,,,,,,,,
prlimit64,0, NULL, {rlim_cur=RLIM64_INFINITY, rlim_max=RLIM64_INFINITY}) = 0,,,,,,,,,
prlimit64,0, NULL, {rlim_cur=RLIM64_INFINITY, rlim_max=RLIM64_INFINITY}) = 0,,,,,,,,,
sysinfo,{uptime=12227,76992, 91712], totalram=2071793664, freeram=234328064, sharedram=31236096, bufferram=29229056, totalswap=798912512, freeswap=399622144, procs=711, totalhigh=0, freehigh=0, mem_unit=1}) = 0
sysinfo,{uptime=12227,76992, 91712], totalram=2071793664, freeram=234328064, sharedram=31236096, bufferram=29229056, totalswap=798912512, freeswap=399622144, procs=711, totalhigh=0, freehigh=0, mem_unit=1}) = 0
fstat,3, st_size=71, ...}) = 0,,,,,,,,,,
read,3, 4096) = 71,,,,,,,,,,,
read,3, 4096)                       = 0,,,,,,,,,,,
lseek,3, SEEK_CUR)                   = 71,,,,,,,,,,,
close,3)                                = 0,,,,,,,,,,,,
fstat,1, st_rdev=makedev(0x88, 0), ...}) = 0,,,,,,,,,
write,1, 1)                       = 1,,,,,,,,,,,
write,1, 1)                       = 1,,,,,,,,,,,
write,1, 1)                       = 1,,,,,,,,,,,
write,1, 1)                       = 1,,,,,,,,,,,
write,1, 7)                 = 7,,,,,,,,,,,
write,1, 9)               = 9,,,,,,,,,,,
write,1, 9)               = 9,,,,,,,,,,,
write,1, 8)                = 8,,,,,,,,,,,
write,1, 6)                  = 6,,,,,,,,,,,
write,1, 7)                 = 7,,,,,,,,,,,
write,1, 9)               = 9,,,,,,,,,,,
write,1, 12)           = 12,,,,,,,,,,,
close,1)                                = 0,,,,,,,,,,,,
close,2)                                = 0,,,,,,,,,,,,
exit_group,0)                           = ?,,,,,,,,,,,,
+++ exited with 0 +++,,,,,,,,,,,,,
