Data,,,,,
execve,/usr/bin/split," ""-l"""," ""3"""," ""sample.txt""]", 0x7ffdd2861068 /* 50 vars */) = 0
brk,NULL)                               = 0x55caee2a7000,,,,
arch_prctl,0x3001 /* ARCH_??? */,,,,
access,/etc/ld.so.preload,,,,
openat,AT_FDCWD, O_RDONLY|O_CLOEXEC) = 3,,,
fstat,3, st_size=69600, ...}) = 0,,
mmap,NULL, PROT_READ, MAP_PRIVATE,3, 0) = 0x7f80363ae000
close,3)                                = 0,,,,
openat,AT_FDCWD, O_RDONLY|O_CLOEXEC) = 3,,,
read,3, 832) = 832,,,
pread64,3,784, 64) = 784,,
pread64,3,32, 848) = 32,,
pread64,3,68, 880) = 68,,
fstat,3, st_size=2029592, ...}) = 0,,
mmap,NULL, PROT_READ|PROT_WRITE, MAP_PRIVATE|MAP_ANONYMOUS,-1, 0) = 0x7f80363ac000
pread64,3,784, 64) = 784,,
pread64,3,32, 848) = 32,,
pread64,3,68, 880) = 68,,
mmap,NULL, PROT_READ, MAP_PRIVATE|MAP_DENYWRITE,3, 0) = 0x7f80361ba000
mmap,0x7f80361dc000, PROT_READ|PROT_EXEC, MAP_PRIVATE|MAP_FIXED|MAP_DENYWRITE,3, 0x22000) = 0x7f80361dc000
mmap,0x7f8036354000, PROT_READ, MAP_PRIVATE|MAP_FIXED|MAP_DENYWRITE,3, 0x19a000) = 0x7f8036354000
mmap,0x7f80363a2000, PROT_READ|PROT_WRITE, MAP_PRIVATE|MAP_FIXED|MAP_DENYWRITE,3, 0x1e7000) = 0x7f80363a2000
mmap,0x7f80363a8000, PROT_READ|PROT_WRITE, MAP_PRIVATE|MAP_FIXED|MAP_ANONYMOUS,-1, 0) = 0x7f80363a8000
close,3)                                = 0,,,,
arch_prctl,ARCH_SET_FS,,,,
mprotect,0x7f80363a2000, PROT_READ) = 0,,,
mprotect,0x55caed341000, PROT_READ) = 0,,,
mprotect,0x7f80363ec000, PROT_READ) = 0,,,
munmap,0x7f80363ae000,,,,
openat,AT_FDCWD, O_RDONLY|O_CLOEXEC) = 3,,,
fstat,3, st_size=5699248, ...}) = 0,,
mmap,NULL, PROT_READ, MAP_PRIVATE,3, 0) = 0x7f8035c4a000
close,3)                                = 0,,,,
brk,NULL)                               = 0x55caee2a7000,,,,
brk,0x55caee2c8000)                     = 0x55caee2c8000,,,,
openat,AT_FDCWD, O_RDONLY|O_CLOEXEC) = 3,,,
fstat,3, st_size=2996, ...}) = 0,,
read,3, 4096) = 2996,,,
read,3, 4096)                       = 0,,,
close,3)                                = 0,,,,
openat,AT_FDCWD, O_RDONLY) = -1 ENOENT (No such file or directory),,,
openat,AT_FDCWD, O_RDONLY) = -1 ENOENT (No such file or directory),,,
openat,AT_FDCWD, O_RDONLY) = -1 ENOENT (No such file or directory),,,
openat,AT_FDCWD, O_RDONLY) = 3,,,
fstat,3, st_size=613, ...}) = 0,,
mmap,NULL, PROT_READ, MAP_PRIVATE,3, 0) = 0x7f80363eb000
close,3)                                = 0,,,,
openat,AT_FDCWD, O_RDONLY) = 3,,,
dup2,3,,,,
close,3)                                = 0,,,,
fstat,0, st_size=71, ...}) = 0,,
mmap,NULL, PROT_READ|PROT_WRITE, MAP_PRIVATE|MAP_ANONYMOUS,-1, 0) = 0x7f8035c28000
read,0, 131072) = 71,,,
openat,AT_FDCWD, O_WRONLY|O_CREAT, 0666) = 3,,
fstat,3, st_size=32, ...}) = 0,,
ftruncate,3,,,,
write,3, 25) = 25,,,
close,3)                                = 0,,,,
openat,AT_FDCWD, O_WRONLY|O_CREAT, 0666) = 3,,
fstat,3, st_size=35, ...}) = 0,,
ftruncate,3,,,,
write,3, 24) = 24,,,
close,3)                                = 0,,,,
openat,AT_FDCWD, O_WRONLY|O_CREAT, 0666) = 3,,
fstat,3, st_size=4, ...}) = 0,,
ftruncate,3,,,,
write,3, 19)  = 19,,,
close,3)                                = 0,,,,
openat,AT_FDCWD, O_WRONLY|O_CREAT, 0666) = 3,,
fstat,3, st_size=0, ...}) = 0,,
ftruncate,3,,,,
write,3, 3)                   = 3,,,
read,0, 131072)                     = 0,,,
close,0)                                = 0,,,,
close,3)                                = 0,,,,
close,1)                                = 0,,,,
close,2)                                = 0,,,,
exit_group,0)                           = ?,,,,
+++ exited with 0 +++,,,,,
