Data,,,,,,,,,,,,,,,,,,
execve,/usr/bin/su," ""keshav""]", 0x7ffcdb8fd1b8 /* 51 vars */) = 0,,,,,,,,,,,,,,,
access,/etc/suid-debug,,,,,,,,,,,,,,,,,
brk,NULL)                               = 0x56225f204000,,,,,,,,,,,,,,,,,
arch_prctl,0x3001 /* ARCH_??? */,,,,,,,,,,,,,,,,,
fcntl,0,,,,,,,,,,,,,,,,,
fcntl,1,,,,,,,,,,,,,,,,,
fcntl,2,,,,,,,,,,,,,,,,,
access,/etc/suid-debug,,,,,,,,,,,,,,,,,
access,/etc/ld.so.preload,,,,,,,,,,,,,,,,,
openat,AT_FDCWD, O_RDONLY|O_CLOEXEC) = 3,,,,,,,,,,,,,,,,
fstat,3, st_size=69600, ...}) = 0,,,,,,,,,,,,,,,
mmap,NULL, PROT_READ, MAP_PRIVATE,3, 0) = 0x7f3ec21d2000,,,,,,,,,,,,,
close,3)                                = 0,,,,,,,,,,,,,,,,,
openat,AT_FDCWD, O_RDONLY|O_CLOEXEC) = 3,,,,,,,,,,,,,,,,
read,3, 832) = 832,,,,,,,,,,,,,,,,
fstat,3, st_size=68320, ...}) = 0,,,,,,,,,,,,,,,
mmap,NULL, PROT_READ|PROT_WRITE, MAP_PRIVATE|MAP_ANONYMOUS,-1, 0) = 0x7f3ec21d0000,,,,,,,,,,,,,
mmap,NULL, PROT_READ, MAP_PRIVATE|MAP_DENYWRITE,3, 0) = 0x7f3ec21be000,,,,,,,,,,,,,
mmap,0x7f3ec21c1000, PROT_READ|PROT_EXEC, MAP_PRIVATE|MAP_FIXED|MAP_DENYWRITE,3, 0x3000) = 0x7f3ec21c1000,,,,,,,,,,,,,
mmap,0x7f3ec21ca000, PROT_READ, MAP_PRIVATE|MAP_FIXED|MAP_DENYWRITE,3, 0xc000) = 0x7f3ec21ca000,,,,,,,,,,,,,
mmap,0x7f3ec21ce000, PROT_READ|PROT_WRITE, MAP_PRIVATE|MAP_FIXED|MAP_DENYWRITE,3, 0xf000) = 0x7f3ec21ce000,,,,,,,,,,,,,
close,3)                                = 0,,,,,,,,,,,,,,,,,
openat,AT_FDCWD, O_RDONLY|O_CLOEXEC) = 3,,,,,,,,,,,,,,,,
read,3, 832) = 832,,,,,,,,,,,,,,,,
fstat,3, st_size=14728, ...}) = 0,,,,,,,,,,,,,,,
mmap,NULL, PROT_READ, MAP_PRIVATE|MAP_DENYWRITE,3, 0) = 0x7f3ec21b9000,,,,,,,,,,,,,
mmap,0x7f3ec21ba000, PROT_READ|PROT_EXEC, MAP_PRIVATE|MAP_FIXED|MAP_DENYWRITE,3, 0x1000) = 0x7f3ec21ba000,,,,,,,,,,,,,
mmap,0x7f3ec21bb000, PROT_READ, MAP_PRIVATE|MAP_FIXED|MAP_DENYWRITE,3, 0x2000) = 0x7f3ec21bb000,,,,,,,,,,,,,
mmap,0x7f3ec21bc000, PROT_READ|PROT_WRITE, MAP_PRIVATE|MAP_FIXED|MAP_DENYWRITE,3, 0x2000) = 0x7f3ec21bc000,,,,,,,,,,,,,
close,3)                                = 0,,,,,,,,,,,,,,,,,
openat,AT_FDCWD, O_RDONLY|O_CLOEXEC) = 3,,,,,,,,,,,,,,,,
read,3, 832) = 832,,,,,,,,,,,,,,,,
fstat,3, st_size=14880, ...}) = 0,,,,,,,,,,,,,,,
mmap,NULL, PROT_READ, MAP_PRIVATE|MAP_DENYWRITE,3, 0) = 0x7f3ec21b4000,,,,,,,,,,,,,
mmap,0x7f3ec21b5000, PROT_READ|PROT_EXEC, MAP_PRIVATE|MAP_FIXED|MAP_DENYWRITE,3, 0x1000) = 0x7f3ec21b5000,,,,,,,,,,,,,
mmap,0x7f3ec21b6000, PROT_READ, MAP_PRIVATE|MAP_FIXED|MAP_DENYWRITE,3, 0x2000) = 0x7f3ec21b6000,,,,,,,,,,,,,
mmap,0x7f3ec21b7000, PROT_READ|PROT_WRITE, MAP_PRIVATE|MAP_FIXED|MAP_DENYWRITE,3, 0x2000) = 0x7f3ec21b7000,,,,,,,,,,,,,
close,3)                                = 0,,,,,,,,,,,,,,,,,
openat,AT_FDCWD, O_RDONLY|O_CLOEXEC) = 3,,,,,,,,,,,,,,,,
read,3, 832) = 832,,,,,,,,,,,,,,,,
pread64,3,784, 64) = 784,,,,,,,,,,,,,,,
pread64,3,32, 848) = 32,,,,,,,,,,,,,,,
pread64,3,68, 880) = 68,,,,,,,,,,,,,,,
fstat,3, st_size=2029592, ...}) = 0,,,,,,,,,,,,,,,
pread64,3,784, 64) = 784,,,,,,,,,,,,,,,
pread64,3,32, 848) = 32,,,,,,,,,,,,,,,
pread64,3,68, 880) = 68,,,,,,,,,,,,,,,
mmap,NULL, PROT_READ, MAP_PRIVATE|MAP_DENYWRITE,3, 0) = 0x7f3ec1fc2000,,,,,,,,,,,,,
mmap,0x7f3ec1fe4000, PROT_READ|PROT_EXEC, MAP_PRIVATE|MAP_FIXED|MAP_DENYWRITE,3, 0x22000) = 0x7f3ec1fe4000,,,,,,,,,,,,,
mmap,0x7f3ec215c000, PROT_READ, MAP_PRIVATE|MAP_FIXED|MAP_DENYWRITE,3, 0x19a000) = 0x7f3ec215c000,,,,,,,,,,,,,
mmap,0x7f3ec21aa000, PROT_READ|PROT_WRITE, MAP_PRIVATE|MAP_FIXED|MAP_DENYWRITE,3, 0x1e7000) = 0x7f3ec21aa000,,,,,,,,,,,,,
mmap,0x7f3ec21b0000, PROT_READ|PROT_WRITE, MAP_PRIVATE|MAP_FIXED|MAP_ANONYMOUS,-1, 0) = 0x7f3ec21b0000,,,,,,,,,,,,,
close,3)                                = 0,,,,,,,,,,,,,,,,,
openat,AT_FDCWD, O_RDONLY|O_CLOEXEC) = 3,,,,,,,,,,,,,,,,
read,3, 832) = 832,,,,,,,,,,,,,,,,
fstat,3, st_size=133200, ...}) = 0,,,,,,,,,,,,,,,
mmap,NULL, PROT_READ, MAP_PRIVATE|MAP_DENYWRITE,3, 0) = 0x7f3ec1f96000,,,,,,,,,,,,,
mprotect,0x7f3ec1f99000, PROT_NONE) = 0,,,,,,,,,,,,,,,,
mmap,0x7f3ec1f99000, PROT_READ|PROT_EXEC, MAP_PRIVATE|MAP_FIXED|MAP_DENYWRITE,3, 0x3000) = 0x7f3ec1f99000,,,,,,,,,,,,,
mmap,0x7f3ec1fa1000, PROT_READ, MAP_PRIVATE|MAP_FIXED|MAP_DENYWRITE,3, 0xb000) = 0x7f3ec1fa1000,,,,,,,,,,,,,
mmap,0x7f3ec1fb6000, PROT_READ|PROT_WRITE, MAP_PRIVATE|MAP_FIXED|MAP_DENYWRITE,3, 0x1f000) = 0x7f3ec1fb6000,,,,,,,,,,,,,
mmap,0x7f3ec1fb8000, PROT_READ|PROT_WRITE, MAP_PRIVATE|MAP_FIXED|MAP_ANONYMOUS,-1, 0) = 0x7f3ec1fb8000,,,,,,,,,,,,,
close,3)                                = 0,,,,,,,,,,,,,,,,,
openat,AT_FDCWD, O_RDONLY|O_CLOEXEC) = 3,,,,,,,,,,,,,,,,
read,3, 832) = 832,,,,,,,,,,,,,,,,
fstat,3, st_size=18848, ...}) = 0,,,,,,,,,,,,,,,
mmap,NULL, PROT_READ, MAP_PRIVATE|MAP_DENYWRITE,3, 0) = 0x7f3ec1f90000,,,,,,,,,,,,,
mmap,0x7f3ec1f91000, PROT_READ|PROT_EXEC, MAP_PRIVATE|MAP_FIXED|MAP_DENYWRITE,3, 0x1000) = 0x7f3ec1f91000,,,,,,,,,,,,,
mmap,0x7f3ec1f93000, PROT_READ, MAP_PRIVATE|MAP_FIXED|MAP_DENYWRITE,3, 0x3000) = 0x7f3ec1f93000,,,,,,,,,,,,,
mmap,0x7f3ec1f94000, PROT_READ|PROT_WRITE, MAP_PRIVATE|MAP_FIXED|MAP_DENYWRITE,3, 0x3000) = 0x7f3ec1f94000,,,,,,,,,,,,,
close,3)                                = 0,,,,,,,,,,,,,,,,,
openat,AT_FDCWD, O_RDONLY|O_CLOEXEC) = 3,,,,,,,,,,,,,,,,
read,3, 832) = 832,,,,,,,,,,,,,,,,
fstat,3, st_size=27064, ...}) = 0,,,,,,,,,,,,,,,
mmap,NULL, PROT_READ|PROT_WRITE, MAP_PRIVATE|MAP_ANONYMOUS,-1, 0) = 0x7f3ec1f8e000,,,,,,,,,,,,,
mmap,NULL, PROT_READ, MAP_PRIVATE|MAP_DENYWRITE,3, 0) = 0x7f3ec1f86000,,,,,,,,,,,,,
mmap,0x7f3ec1f88000, PROT_READ|PROT_EXEC, MAP_PRIVATE|MAP_FIXED|MAP_DENYWRITE,3, 0x2000) = 0x7f3ec1f88000,,,,,,,,,,,,,
mmap,0x7f3ec1f8b000, PROT_READ, MAP_PRIVATE|MAP_FIXED|MAP_DENYWRITE,3, 0x5000) = 0x7f3ec1f8b000,,,,,,,,,,,,,
mmap,0x7f3ec1f8c000, PROT_READ|PROT_WRITE, MAP_PRIVATE|MAP_FIXED|MAP_DENYWRITE,3, 0x5000) = 0x7f3ec1f8c000,,,,,,,,,,,,,
close,3)                                = 0,,,,,,,,,,,,,,,,,
mmap,NULL, PROT_READ|PROT_WRITE, MAP_PRIVATE|MAP_ANONYMOUS,-1, 0) = 0x7f3ec1f83000,,,,,,,,,,,,,
arch_prctl,ARCH_SET_FS,,,,,,,,,,,,,,,,,
mprotect,0x7f3ec21aa000, PROT_READ) = 0,,,,,,,,,,,,,,,,
mprotect,0x7f3ec1f8c000, PROT_READ) = 0,,,,,,,,,,,,,,,,
mprotect,0x7f3ec1f94000, PROT_READ) = 0,,,,,,,,,,,,,,,,
mprotect,0x7f3ec1fb6000, PROT_READ) = 0,,,,,,,,,,,,,,,,
mprotect,0x7f3ec21b7000, PROT_READ) = 0,,,,,,,,,,,,,,,,
mprotect,0x7f3ec21ce000, PROT_READ) = 0,,,,,,,,,,,,,,,,
mprotect,0x7f3ec21bc000, PROT_READ) = 0,,,,,,,,,,,,,,,,
mprotect,0x56225e15a000, PROT_READ) = 0,,,,,,,,,,,,,,,,
mprotect,0x7f3ec2210000, PROT_READ) = 0,,,,,,,,,,,,,,,,
munmap,0x7f3ec21d2000,,,,,,,,,,,,,,,,,
openat,AT_FDCWD, O_RDONLY|O_CLOEXEC) = 3,,,,,,,,,,,,,,,,
fstat,3, st_size=5699248, ...}) = 0,,,,,,,,,,,,,,,
mmap,NULL, PROT_READ, MAP_PRIVATE,3, 0) = 0x7f3ec1a13000,,,,,,,,,,,,,
close,3)                                = 0,,,,,,,,,,,,,,,,,
brk,NULL)                               = 0x56225f204000,,,,,,,,,,,,,,,,,
brk,0x56225f225000)                     = 0x56225f225000,,,,,,,,,,,,,,,,,
getuid,)                                = 1000,,,,,,,,,,,,,,,,,
geteuid,)                               = 1000,,,,,,,,,,,,,,,,,
ioctl,0, {B38400 opost isig icanon echo ...}) = 0,,,,,,,,,,,,,,,,
ioctl,0, {B38400 opost isig icanon echo ...}) = 0,,,,,,,,,,,,,,,,
ioctl,0, {B38400 opost isig icanon echo ...}) = 0,,,,,,,,,,,,,,,,
fstat,0, st_rdev=makedev(0x88, 0), ...}) = 0,,,,,,,,,,,,,,
readlink,/proc/self/fd/0, 4095) = 10,,,,,,,,,,,,,,,,
stat,/dev/pts/0, st_rdev=makedev(0x88, 0), ...}) = 0,,,,,,,,,,,,,,
socket,AF_UNIX, 0) = 3,,,,,,,,,,,,,,,,
connect,3," sun_path=""/var/run/nscd/socket""}", 110) = -1 ENOENT (No such file or directory),,,,,,,,,,,,,,,
close,3)                                = 0,,,,,,,,,,,,,,,,,
socket,AF_UNIX, 0) = 3,,,,,,,,,,,,,,,,
connect,3," sun_path=""/var/run/nscd/socket""}", 110) = -1 ENOENT (No such file or directory),,,,,,,,,,,,,,,
close,3)                                = 0,,,,,,,,,,,,,,,,,
openat,AT_FDCWD, O_RDONLY|O_CLOEXEC) = 3,,,,,,,,,,,,,,,,
fstat,3, st_size=542, ...}) = 0,,,,,,,,,,,,,,,
read,3, 4096) = 542,,,,,,,,,,,,,,,,
read,3, 4096)                       = 0,,,,,,,,,,,,,,,,
close,3)                                = 0,,,,,,,,,,,,,,,,,
openat,AT_FDCWD, O_RDONLY|O_CLOEXEC) = 3,,,,,,,,,,,,,,,,
fstat,3, st_size=69600, ...}) = 0,,,,,,,,,,,,,,,
mmap,NULL, PROT_READ, MAP_PRIVATE,3, 0) = 0x7f3ec21d2000,,,,,,,,,,,,,
close,3)                                = 0,,,,,,,,,,,,,,,,,
openat,AT_FDCWD, O_RDONLY|O_CLOEXEC) = 3,,,,,,,,,,,,,,,,
read,3, 832) = 832,,,,,,,,,,,,,,,,
fstat,3, st_size=51856, ...}) = 0,,,,,,,,,,,,,,,
mmap,NULL, PROT_READ, MAP_PRIVATE|MAP_DENYWRITE,3, 0) = 0x7f3ec19ff000,,,,,,,,,,,,,
mmap,0x7f3ec1a02000, PROT_READ|PROT_EXEC, MAP_PRIVATE|MAP_FIXED|MAP_DENYWRITE,3, 0x3000) = 0x7f3ec1a02000,,,,,,,,,,,,,
mmap,0x7f3ec1a09000, PROT_READ, MAP_PRIVATE|MAP_FIXED|MAP_DENYWRITE,3, 0xa000) = 0x7f3ec1a09000,,,,,,,,,,,,,
mmap,0x7f3ec1a0b000, PROT_READ|PROT_WRITE, MAP_PRIVATE|MAP_FIXED|MAP_DENYWRITE,3, 0xb000) = 0x7f3ec1a0b000,,,,,,,,,,,,,
mmap,0x7f3ec1a0d000, PROT_READ|PROT_WRITE, MAP_PRIVATE|MAP_FIXED|MAP_ANONYMOUS,-1, 0) = 0x7f3ec1a0d000,,,,,,,,,,,,,
close,3)                                = 0,,,,,,,,,,,,,,,,,
mprotect,0x7f3ec1a0b000, PROT_READ) = 0,,,,,,,,,,,,,,,,
munmap,0x7f3ec21d2000,,,,,,,,,,,,,,,,,
openat,AT_FDCWD, O_RDONLY|O_CLOEXEC) = 3,,,,,,,,,,,,,,,,
lseek,3, SEEK_CUR)                   = 0,,,,,,,,,,,,,,,,
fstat,3, st_size=2929, ...}) = 0,,,,,,,,,,,,,,,
read,3, 4096) = 2929,,,,,,,,,,,,,,,,
close,3)                                = 0,,,,,,,,,,,,,,,,,
openat,AT_FDCWD, O_RDONLY) = 3,,,,,,,,,,,,,,,,
read,3, 12)                     = 4,,,,,,,,,,,,,,,,
close,3)                                = 0,,,,,,,,,,,,,,,,,
openat,AT_FDCWD, O_RDONLY|O_CLOEXEC) = 3,,,,,,,,,,,,,,,,
lseek,3, SEEK_CUR)                   = 0,,,,,,,,,,,,,,,,
fstat,3, st_size=2929, ...}) = 0,,,,,,,,,,,,,,,
read,3, 4096) = 2929,,,,,,,,,,,,,,,,
close,3)                                = 0,,,,,,,,,,,,,,,,,
stat,/etc/pam.d, st_size=4096, ...}) = 0,,,,,,,,,,,,,,,
openat,AT_FDCWD, O_RDONLY) = 3,,,,,,,,,,,,,,,,
fstat,3, st_size=2257, ...}) = 0,,,,,,,,,,,,,,,
read,3, 4096) = 2257,,,,,,,,,,,,,,,,
openat,AT_FDCWD, O_RDONLY|O_CLOEXEC) = 4,,,,,,,,,,,,,,,,
read,4, 832) = 832,,,,,,,,,,,,,,,,
fstat,4, st_size=14552, ...}) = 0,,,,,,,,,,,,,,,
mmap,NULL, PROT_READ, MAP_PRIVATE|MAP_DENYWRITE,4, 0) = 0x7f3ec21de000,,,,,,,,,,,,,
mmap,0x7f3ec21df000, PROT_READ|PROT_EXEC, MAP_PRIVATE|MAP_FIXED|MAP_DENYWRITE,4, 0x1000) = 0x7f3ec21df000,,,,,,,,,,,,,
mmap,0x7f3ec21e0000, PROT_READ, MAP_PRIVATE|MAP_FIXED|MAP_DENYWRITE,4, 0x2000) = 0x7f3ec21e0000,,,,,,,,,,,,,
mmap,0x7f3ec21e1000, PROT_READ|PROT_WRITE, MAP_PRIVATE|MAP_FIXED|MAP_DENYWRITE,4, 0x2000) = 0x7f3ec21e1000,,,,,,,,,,,,,
close,4)                                = 0,,,,,,,,,,,,,,,,,
openat,AT_FDCWD, O_RDONLY|O_CLOEXEC) = 4,,,,,,,,,,,,,,,,
fstat,4, st_size=69600, ...}) = 0,,,,,,,,,,,,,,,
mmap,NULL, PROT_READ, MAP_PRIVATE,4, 0) = 0x7f3ec19ee000,,,,,,,,,,,,,
close,4)                                = 0,,,,,,,,,,,,,,,,,
openat,AT_FDCWD, O_RDONLY|O_CLOEXEC) = 4,,,,,,,,,,,,,,,,
read,4, 832) = 832,,,,,,,,,,,,,,,,
fstat,4, st_size=163200, ...}) = 0,,,,,,,,,,,,,,,
mmap,NULL, PROT_READ, MAP_PRIVATE|MAP_DENYWRITE,4, 0) = 0x7f3ec19c3000,,,,,,,,,,,,,
mprotect,0x7f3ec19c9000, PROT_NONE) = 0,,,,,,,,,,,,,,,,
mmap,0x7f3ec19c9000, PROT_READ|PROT_EXEC, MAP_PRIVATE|MAP_FIXED|MAP_DENYWRITE,4, 0x6000) = 0x7f3ec19c9000,,,,,,,,,,,,,
mmap,0x7f3ec19e2000, PROT_READ, MAP_PRIVATE|MAP_FIXED|MAP_DENYWRITE,4, 0x1f000) = 0x7f3ec19e2000,,,,,,,,,,,,,
mmap,0x7f3ec19ea000, PROT_READ|PROT_WRITE, MAP_PRIVATE|MAP_FIXED|MAP_DENYWRITE,4, 0x26000) = 0x7f3ec19ea000,,,,,,,,,,,,,
mmap,0x7f3ec19ec000, PROT_READ|PROT_WRITE, MAP_PRIVATE|MAP_FIXED|MAP_ANONYMOUS,-1, 0) = 0x7f3ec19ec000,,,,,,,,,,,,,
close,4)                                = 0,,,,,,,,,,,,,,,,,
openat,AT_FDCWD, O_RDONLY|O_CLOEXEC) = 4,,,,,,,,,,,,,,,,
read,4, 832) = 832,,,,,,,,,,,,,,,,
fstat,4, st_size=588488, ...}) = 0,,,,,,,,,,,,,,,
mmap,NULL, PROT_READ, MAP_PRIVATE|MAP_DENYWRITE,4, 0) = 0x7f3ec1932000,,,,,,,,,,,,,
mmap,0x7f3ec1934000, PROT_READ|PROT_EXEC, MAP_PRIVATE|MAP_FIXED|MAP_DENYWRITE,4, 0x2000) = 0x7f3ec1934000,,,,,,,,,,,,,
mmap,0x7f3ec1999000, PROT_READ, MAP_PRIVATE|MAP_FIXED|MAP_DENYWRITE,4, 0x67000) = 0x7f3ec1999000,,,,,,,,,,,,,
mmap,0x7f3ec19c1000, PROT_READ|PROT_WRITE, MAP_PRIVATE|MAP_FIXED|MAP_DENYWRITE,4, 0x8e000) = 0x7f3ec19c1000,,,,,,,,,,,,,
close,4)                                = 0,,,,,,,,,,,,,,,,,
openat,AT_FDCWD, O_RDONLY|O_CLOEXEC) = 4,,,,,,,,,,,,,,,,
read,4, 832) = 832,,,,,,,,,,,,,,,,
pread64,4,68, 824) = 68,,,,,,,,,,,,,,,
fstat,4, st_size=157224, ...}) = 0,,,,,,,,,,,,,,,
pread64,4,68, 824) = 68,,,,,,,,,,,,,,,
mmap,NULL, PROT_READ, MAP_PRIVATE|MAP_DENYWRITE,4, 0) = 0x7f3ec190f000,,,,,,,,,,,,,
mmap,0x7f3ec1915000, PROT_READ|PROT_EXEC, MAP_PRIVATE|MAP_FIXED|MAP_DENYWRITE,4, 0x6000) = 0x7f3ec1915000,,,,,,,,,,,,,
mmap,0x7f3ec1926000, PROT_READ, MAP_PRIVATE|MAP_FIXED|MAP_DENYWRITE,4, 0x17000) = 0x7f3ec1926000,,,,,,,,,,,,,
mmap,0x7f3ec192c000, PROT_READ|PROT_WRITE, MAP_PRIVATE|MAP_FIXED|MAP_DENYWRITE,4, 0x1c000) = 0x7f3ec192c000,,,,,,,,,,,,,
mmap,0x7f3ec192e000, PROT_READ|PROT_WRITE, MAP_PRIVATE|MAP_FIXED|MAP_ANONYMOUS,-1, 0) = 0x7f3ec192e000,,,,,,,,,,,,,
close,4)                                = 0,,,,,,,,,,,,,,,,,
mprotect,0x7f3ec192c000, PROT_READ) = 0,,,,,,,,,,,,,,,,
mprotect,0x7f3ec19c1000, PROT_READ) = 0,,,,,,,,,,,,,,,,
mprotect,0x7f3ec19ea000, PROT_READ) = 0,,,,,,,,,,,,,,,,
mprotect,0x7f3ec21e1000, PROT_READ) = 0,,,,,,,,,,,,,,,,
set_tid_address,0x7f3ec1f83a10)         = 13296,,,,,,,,,,,,,,,,,
set_robust_list,0x7f3ec1f83a20,,,,,,,,,,,,,,,,,
rt_sigaction,SIGRTMIN, sa_mask=[], sa_flags=SA_RESTORER|SA_SIGINFO, sa_restorer=0x7f3ec1923420}, NULL, 8) = 0,,,,,,,,,,,,
rt_sigaction,SIGRT_1, sa_mask=[], sa_flags=SA_RESTORER|SA_RESTART|SA_SIGINFO, sa_restorer=0x7f3ec1923420}, NULL, 8) = 0,,,,,,,,,,,,
rt_sigprocmask,SIG_UNBLOCK, NULL, 8) = 0,,,,,,,,,,,,,,,
prlimit64,0, NULL, {rlim_cur=8192*1024, rlim_max=RLIM64_INFINITY}) = 0,,,,,,,,,,,,,,
statfs,/sys/fs/selinux,,,,,,,,,,,,,,,,,
statfs,/selinux,,,,,,,,,,,,,,,,,
openat,AT_FDCWD, O_RDONLY|O_CLOEXEC) = 4,,,,,,,,,,,,,,,,
fstat,4, st_size=0, ...}) = 0,,,,,,,,,,,,,,,
read,4, 1024) = 387,,,,,,,,,,,,,,,,
read,4, 1024)                       = 0,,,,,,,,,,,,,,,,
close,4)                                = 0,,,,,,,,,,,,,,,,,
access,/etc/selinux/config,,,,,,,,,,,,,,,,,
munmap,0x7f3ec19ee000,,,,,,,,,,,,,,,,,
openat,AT_FDCWD, O_RDONLY|O_CLOEXEC) = 4,,,,,,,,,,,,,,,,
read,4, 832) = 832,,,,,,,,,,,,,,,,
fstat,4, st_size=18720, ...}) = 0,,,,,,,,,,,,,,,
mmap,NULL, PROT_READ, MAP_PRIVATE|MAP_DENYWRITE,4, 0) = 0x7f3ec21d8000,,,,,,,,,,,,,
mmap,0x7f3ec21d9000, PROT_READ|PROT_EXEC, MAP_PRIVATE|MAP_FIXED|MAP_DENYWRITE,4, 0x1000) = 0x7f3ec21d9000,,,,,,,,,,,,,
mmap,0x7f3ec21db000, PROT_READ, MAP_PRIVATE|MAP_FIXED|MAP_DENYWRITE,4, 0x3000) = 0x7f3ec21db000,,,,,,,,,,,,,
mmap,0x7f3ec21dc000, PROT_READ|PROT_WRITE, MAP_PRIVATE|MAP_FIXED|MAP_DENYWRITE,4, 0x3000) = 0x7f3ec21dc000,,,,,,,,,,,,,
close,4)                                = 0,,,,,,,,,,,,,,,,,
mprotect,0x7f3ec21dc000, PROT_READ) = 0,,,,,,,,,,,,,,,,
openat,AT_FDCWD, O_RDONLY|O_CLOEXEC) = 4,,,,,,,,,,,,,,,,
read,4, 832) = 832,,,,,,,,,,,,,,,,
fstat,4, st_size=14560, ...}) = 0,,,,,,,,,,,,,,,
mmap,NULL, PROT_READ, MAP_PRIVATE|MAP_DENYWRITE,4, 0) = 0x7f3ec21d3000,,,,,,,,,,,,,
mmap,0x7f3ec21d4000, PROT_READ|PROT_EXEC, MAP_PRIVATE|MAP_FIXED|MAP_DENYWRITE,4, 0x1000) = 0x7f3ec21d4000,,,,,,,,,,,,,
mmap,0x7f3ec21d5000, PROT_READ, MAP_PRIVATE|MAP_FIXED|MAP_DENYWRITE,4, 0x2000) = 0x7f3ec21d5000,,,,,,,,,,,,,
mmap,0x7f3ec21d6000, PROT_READ|PROT_WRITE, MAP_PRIVATE|MAP_FIXED|MAP_DENYWRITE,4, 0x2000) = 0x7f3ec21d6000,,,,,,,,,,,,,
close,4)                                = 0,,,,,,,,,,,,,,,,,
mprotect,0x7f3ec21d6000, PROT_READ) = 0,,,,,,,,,,,,,,,,
openat,AT_FDCWD, O_RDONLY|O_CLOEXEC) = 4,,,,,,,,,,,,,,,,
read,4, 832) = 832,,,,,,,,,,,,,,,,
fstat,4, st_size=27136, ...}) = 0,,,,,,,,,,,,,,,
mmap,NULL, PROT_READ, MAP_PRIVATE|MAP_DENYWRITE,4, 0) = 0x7f3ec19f7000,,,,,,,,,,,,,
mmap,0x7f3ec19f9000, PROT_READ|PROT_EXEC, MAP_PRIVATE|MAP_FIXED|MAP_DENYWRITE,4, 0x2000) = 0x7f3ec19f9000,,,,,,,,,,,,,
mmap,0x7f3ec19fc000, PROT_READ, MAP_PRIVATE|MAP_FIXED|MAP_DENYWRITE,4, 0x5000) = 0x7f3ec19fc000,,,,,,,,,,,,,
mmap,0x7f3ec19fd000, PROT_READ|PROT_WRITE, MAP_PRIVATE|MAP_FIXED|MAP_DENYWRITE,4, 0x5000) = 0x7f3ec19fd000,,,,,,,,,,,,,
close,4)                                = 0,,,,,,,,,,,,,,,,,
mprotect,0x7f3ec19fd000, PROT_READ) = 0,,,,,,,,,,,,,,,,
stat,/etc/pam.d, st_size=4096, ...}) = 0,,,,,,,,,,,,,,,
openat,AT_FDCWD, O_RDONLY) = 4,,,,,,,,,,,,,,,,
fstat,4, st_size=1242, ...}) = 0,,,,,,,,,,,,,,,
read,4, 4096) = 1242,,,,,,,,,,,,,,,,
openat,AT_FDCWD, O_RDONLY|O_CLOEXEC) = 5,,,,,,,,,,,,,,,,
read,5, 832) = 832,,,,,,,,,,,,,,,,
fstat,5, st_size=64504, ...}) = 0,,,,,,,,,,,,,,,
mmap,NULL, PROT_READ, MAP_PRIVATE|MAP_DENYWRITE,5, 0) = 0x7f3ec18f2000,,,,,,,,,,,,,
mmap,0x7f3ec18f5000, PROT_READ|PROT_EXEC, MAP_PRIVATE|MAP_FIXED|MAP_DENYWRITE,5, 0x3000) = 0x7f3ec18f5000,,,,,,,,,,,,,
mmap,0x7f3ec18fe000, PROT_READ, MAP_PRIVATE|MAP_FIXED|MAP_DENYWRITE,5, 0xc000) = 0x7f3ec18fe000,,,,,,,,,,,,,
mmap,0x7f3ec1901000, PROT_READ|PROT_WRITE, MAP_PRIVATE|MAP_FIXED|MAP_DENYWRITE,5, 0xe000) = 0x7f3ec1901000,,,,,,,,,,,,,
mmap,0x7f3ec1903000, PROT_READ|PROT_WRITE, MAP_PRIVATE|MAP_FIXED|MAP_ANONYMOUS,-1, 0) = 0x7f3ec1903000,,,,,,,,,,,,,
close,5)                                = 0,,,,,,,,,,,,,,,,,
openat,AT_FDCWD, O_RDONLY|O_CLOEXEC) = 5,,,,,,,,,,,,,,,,
fstat,5, st_size=69600, ...}) = 0,,,,,,,,,,,,,,,
mmap,NULL, PROT_READ, MAP_PRIVATE,5, 0) = 0x7f3ec18e1000,,,,,,,,,,,,,
close,5)                                = 0,,,,,,,,,,,,,,,,,
openat,AT_FDCWD, O_RDONLY|O_CLOEXEC) = 5,,,,,,,,,,,,,,,,
read,5, 832) = 832,,,,,,,,,,,,,,,,
fstat,5, st_size=202760, ...}) = 0,,,,,,,,,,,,,,,
mmap,NULL, PROT_READ, MAP_PRIVATE|MAP_DENYWRITE,5, 0) = 0x7f3ec18a6000,,,,,,,,,,,,,
mmap,0x7f3ec18a8000, PROT_READ|PROT_EXEC, MAP_PRIVATE|MAP_FIXED|MAP_DENYWRITE,5, 0x2000) = 0x7f3ec18a8000,,,,,,,,,,,,,
mmap,0x7f3ec18bd000, PROT_READ, MAP_PRIVATE|MAP_FIXED|MAP_DENYWRITE,5, 0x17000) = 0x7f3ec18bd000,,,,,,,,,,,,,
mmap,0x7f3ec18d7000, PROT_READ|PROT_WRITE, MAP_PRIVATE|MAP_FIXED|MAP_DENYWRITE,5, 0x30000) = 0x7f3ec18d7000,,,,,,,,,,,,,
mmap,0x7f3ec18d9000, PROT_READ|PROT_WRITE, MAP_PRIVATE|MAP_FIXED|MAP_ANONYMOUS,-1, 0) = 0x7f3ec18d9000,,,,,,,,,,,,,
close,5)                                = 0,,,,,,,,,,,,,,,,,
openat,AT_FDCWD, O_RDONLY|O_CLOEXEC) = 5,,,,,,,,,,,,,,,,
read,5, 832) = 832,,,,,,,,,,,,,,,,
fstat,5, st_size=105560, ...}) = 0,,,,,,,,,,,,,,,
mmap,NULL, PROT_READ, MAP_PRIVATE|MAP_DENYWRITE,5, 0) = 0x7f3ec1889000,,,,,,,,,,,,,
mmap,0x7f3ec188d000, PROT_READ|PROT_EXEC, MAP_PRIVATE|MAP_FIXED|MAP_DENYWRITE,5, 0x4000) = 0x7f3ec188d000,,,,,,,,,,,,,
mmap,0x7f3ec189d000, PROT_READ, MAP_PRIVATE|MAP_FIXED|MAP_DENYWRITE,5, 0x14000) = 0x7f3ec189d000,,,,,,,,,,,,,
mmap,0x7f3ec18a2000, PROT_READ|PROT_WRITE, MAP_PRIVATE|MAP_FIXED|MAP_DENYWRITE,5, 0x18000) = 0x7f3ec18a2000,,,,,,,,,,,,,
mmap,0x7f3ec18a4000, PROT_READ|PROT_WRITE, MAP_PRIVATE|MAP_FIXED|MAP_ANONYMOUS,-1, 0) = 0x7f3ec18a4000,,,,,,,,,,,,,
close,5)                                = 0,,,,,,,,,,,,,,,,,
mprotect,0x7f3ec18a2000, PROT_READ) = 0,,,,,,,,,,,,,,,,
mprotect,0x7f3ec18d7000, PROT_READ) = 0,,,,,,,,,,,,,,,,
mprotect,0x7f3ec1901000, PROT_READ) = 0,,,,,,,,,,,,,,,,
munmap,0x7f3ec18e1000,,,,,,,,,,,,,,,,,
openat,AT_FDCWD, O_RDONLY|O_CLOEXEC) = 5,,,,,,,,,,,,,,,,
read,5, 832) = 832,,,,,,,,,,,,,,,,
fstat,5, st_size=14048, ...}) = 0,,,,,,,,,,,,,,,
mmap,NULL, PROT_READ, MAP_PRIVATE|MAP_DENYWRITE,5, 0) = 0x7f3ec19f2000,,,,,,,,,,,,,
mmap,0x7f3ec19f3000, PROT_READ|PROT_EXEC, MAP_PRIVATE|MAP_FIXED|MAP_DENYWRITE,5, 0x1000) = 0x7f3ec19f3000,,,,,,,,,,,,,
mmap,0x7f3ec19f4000, PROT_READ, MAP_PRIVATE|MAP_FIXED|MAP_DENYWRITE,5, 0x2000) = 0x7f3ec19f4000,,,,,,,,,,,,,
mmap,0x7f3ec19f5000, PROT_READ|PROT_WRITE, MAP_PRIVATE|MAP_FIXED|MAP_DENYWRITE,5, 0x2000) = 0x7f3ec19f5000,,,,,,,,,,,,,
close,5)                                = 0,,,,,,,,,,,,,,,,,
mprotect,0x7f3ec19f5000, PROT_READ) = 0,,,,,,,,,,,,,,,,
openat,AT_FDCWD, O_RDONLY|O_CLOEXEC) = 5,,,,,,,,,,,,,,,,
read,5, 832) = 832,,,,,,,,,,,,,,,,
fstat,5, st_size=14448, ...}) = 0,,,,,,,,,,,,,,,
mmap,NULL, PROT_READ, MAP_PRIVATE|MAP_DENYWRITE,5, 0) = 0x7f3ec18ed000,,,,,,,,,,,,,
mmap,0x7f3ec18ee000, PROT_READ|PROT_EXEC, MAP_PRIVATE|MAP_FIXED|MAP_DENYWRITE,5, 0x1000) = 0x7f3ec18ee000,,,,,,,,,,,,,
mmap,0x7f3ec18ef000, PROT_READ, MAP_PRIVATE|MAP_FIXED|MAP_DENYWRITE,5, 0x2000) = 0x7f3ec18ef000,,,,,,,,,,,,,
mmap,0x7f3ec18f0000, PROT_READ|PROT_WRITE, MAP_PRIVATE|MAP_FIXED|MAP_DENYWRITE,5, 0x2000) = 0x7f3ec18f0000,,,,,,,,,,,,,
close,5)                                = 0,,,,,,,,,,,,,,,,,
mprotect,0x7f3ec18f0000, PROT_READ) = 0,,,,,,,,,,,,,,,,
openat,AT_FDCWD, O_RDONLY|O_CLOEXEC) = 5,,,,,,,,,,,,,,,,
read,5, 832) = 832,,,,,,,,,,,,,,,,
fstat,5, st_size=18424, ...}) = 0,,,,,,,,,,,,,,,
mmap,NULL, PROT_READ, MAP_PRIVATE|MAP_DENYWRITE,5, 0) = 0x7f3ec18e7000,,,,,,,,,,,,,
mmap,0x7f3ec18e8000, PROT_READ|PROT_EXEC, MAP_PRIVATE|MAP_FIXED|MAP_DENYWRITE,5, 0x1000) = 0x7f3ec18e8000,,,,,,,,,,,,,
mmap,0x7f3ec18ea000, PROT_READ, MAP_PRIVATE|MAP_FIXED|MAP_DENYWRITE,5, 0x3000) = 0x7f3ec18ea000,,,,,,,,,,,,,
mmap,0x7f3ec18eb000, PROT_READ|PROT_WRITE, MAP_PRIVATE|MAP_FIXED|MAP_DENYWRITE,5, 0x3000) = 0x7f3ec18eb000,,,,,,,,,,,,,
close,5)                                = 0,,,,,,,,,,,,,,,,,
openat,AT_FDCWD, O_RDONLY|O_CLOEXEC) = 5,,,,,,,,,,,,,,,,
fstat,5, st_size=69600, ...}) = 0,,,,,,,,,,,,,,,
mmap,NULL, PROT_READ, MAP_PRIVATE,5, 0) = 0x7f3ec1878000,,,,,,,,,,,,,
close,5)                                = 0,,,,,,,,,,,,,,,,,
openat,AT_FDCWD, O_RDONLY|O_CLOEXEC) = 5,,,,,,,,,,,,,,,,
read,5, 832) = 832,,,,,,,,,,,,,,,,
fstat,5, st_size=31120, ...}) = 0,,,,,,,,,,,,,,,
mmap,NULL, PROT_READ, MAP_PRIVATE|MAP_DENYWRITE,5, 0) = 0x7f3ec186f000,,,,,,,,,,,,,
mprotect,0x7f3ec1871000, PROT_NONE) = 0,,,,,,,,,,,,,,,,
mmap,0x7f3ec1871000, PROT_READ|PROT_EXEC, MAP_PRIVATE|MAP_FIXED|MAP_DENYWRITE,5, 0x2000) = 0x7f3ec1871000,,,,,,,,,,,,,
mmap,0x7f3ec1874000, PROT_READ, MAP_PRIVATE|MAP_FIXED|MAP_DENYWRITE,5, 0x5000) = 0x7f3ec1874000,,,,,,,,,,,,,
mmap,0x7f3ec1876000, PROT_READ|PROT_WRITE, MAP_PRIVATE|MAP_FIXED|MAP_DENYWRITE,5, 0x6000) = 0x7f3ec1876000,,,,,,,,,,,,,
close,5)                                = 0,,,,,,,,,,,,,,,,,
mprotect,0x7f3ec1876000, PROT_READ) = 0,,,,,,,,,,,,,,,,
mprotect,0x7f3ec18eb000, PROT_READ) = 0,,,,,,,,,,,,,,,,
prctl,PR_CAPBSET_READ,,,,,,,,,,,,,,,,,
prctl,PR_CAPBSET_READ,,,,,,,,,,,,,,,,,
prctl,PR_CAPBSET_READ,,,,,,,,,,,,,,,,,
prctl,PR_CAPBSET_READ,,,,,,,,,,,,,,,,,
prctl,PR_CAPBSET_READ,,,,,,,,,,,,,,,,,
prctl,PR_CAPBSET_READ,,,,,,,,,,,,,,,,,
munmap,0x7f3ec1878000,,,,,,,,,,,,,,,,,
read,4, 4096)                       = 0,,,,,,,,,,,,,,,,
close,4)                                = 0,,,,,,,,,,,,,,,,,
stat,/etc/pam.d, st_size=4096, ...}) = 0,,,,,,,,,,,,,,,
openat,AT_FDCWD, O_RDONLY) = 4,,,,,,,,,,,,,,,,
fstat,4, st_size=1208, ...}) = 0,,,,,,,,,,,,,,,
read,4, 4096) = 1208,,,,,,,,,,,,,,,,
read,4, 4096)                       = 0,,,,,,,,,,,,,,,,
close,4)                                = 0,,,,,,,,,,,,,,,,,
stat,/etc/pam.d, st_size=4096, ...}) = 0,,,,,,,,,,,,,,,
openat,AT_FDCWD, O_RDONLY) = 4,,,,,,,,,,,,,,,,
fstat,4, st_size=1470, ...}) = 0,,,,,,,,,,,,,,,
read,4, 4096) = 1470,,,,,,,,,,,,,,,,
openat,AT_FDCWD, O_RDONLY|O_CLOEXEC) = 5,,,,,,,,,,,,,,,,
read,5, 832) = 832,,,,,,,,,,,,,,,,
fstat,5, st_size=14624, ...}) = 0,,,,,,,,,,,,,,,
mmap,NULL, PROT_READ, MAP_PRIVATE|MAP_DENYWRITE,5, 0) = 0x7f3ec18e2000,,,,,,,,,,,,,
mmap,0x7f3ec18e3000, PROT_READ|PROT_EXEC, MAP_PRIVATE|MAP_FIXED|MAP_DENYWRITE,5, 0x1000) = 0x7f3ec18e3000,,,,,,,,,,,,,
mmap,0x7f3ec18e4000, PROT_READ, MAP_PRIVATE|MAP_FIXED|MAP_DENYWRITE,5, 0x2000) = 0x7f3ec18e4000,,,,,,,,,,,,,
mmap,0x7f3ec18e5000, PROT_READ|PROT_WRITE, MAP_PRIVATE|MAP_FIXED|MAP_DENYWRITE,5, 0x2000) = 0x7f3ec18e5000,,,,,,,,,,,,,
close,5)                                = 0,,,,,,,,,,,,,,,,,
mprotect,0x7f3ec18e5000, PROT_READ) = 0,,,,,,,,,,,,,,,,
openat,AT_FDCWD, O_RDONLY|O_CLOEXEC) = 5,,,,,,,,,,,,,,,,
read,5, 832) = 832,,,,,,,,,,,,,,,,
fstat,5, st_size=475944, ...}) = 0,,,,,,,,,,,,,,,
mmap,NULL, PROT_READ, MAP_PRIVATE|MAP_DENYWRITE,5, 0) = 0x7f3ec17f9000,,,,,,,,,,,,,
mmap,0x7f3ec1803000, PROT_READ|PROT_EXEC, MAP_PRIVATE|MAP_FIXED|MAP_DENYWRITE,5, 0xa000) = 0x7f3ec1803000,,,,,,,,,,,,,
mmap,0x7f3ec184f000, PROT_READ, MAP_PRIVATE|MAP_FIXED|MAP_DENYWRITE,5, 0x56000) = 0x7f3ec184f000,,,,,,,,,,,,,
mmap,0x7f3ec1868000, PROT_READ|PROT_WRITE, MAP_PRIVATE|MAP_FIXED|MAP_DENYWRITE,5, 0x6e000) = 0x7f3ec1868000,,,,,,,,,,,,,
mmap,0x7f3ec186e000, PROT_READ|PROT_WRITE, MAP_PRIVATE|MAP_FIXED|MAP_ANONYMOUS,-1, 0) = 0x7f3ec186e000,,,,,,,,,,,,,
close,5)                                = 0,,,,,,,,,,,,,,,,,
mprotect,0x7f3ec1868000, PROT_READ) = 0,,,,,,,,,,,,,,,,
read,4, 4096)                       = 0,,,,,,,,,,,,,,,,
close,4)                                = 0,,,,,,,,,,,,,,,,,
read,3, 4096)                       = 0,,,,,,,,,,,,,,,,
close,3)                                = 0,,,,,,,,,,,,,,,,,
openat,AT_FDCWD, O_RDONLY) = 3,,,,,,,,,,,,,,,,
fstat,3, st_size=520, ...}) = 0,,,,,,,,,,,,,,,
read,3, 4096) = 520,,,,,,,,,,,,,,,,
stat,/etc/pam.d, st_size=4096, ...}) = 0,,,,,,,,,,,,,,,
openat,AT_FDCWD, O_RDONLY) = 4,,,,,,,,,,,,,,,,
fstat,4, st_size=1242, ...}) = 0,,,,,,,,,,,,,,,
read,4, 4096) = 1242,,,,,,,,,,,,,,,,
read,4, 4096)                       = 0,,,,,,,,,,,,,,,,
close,4)                                = 0,,,,,,,,,,,,,,,,,
stat,/etc/pam.d, st_size=4096, ...}) = 0,,,,,,,,,,,,,,,
openat,AT_FDCWD, O_RDONLY) = 4,,,,,,,,,,,,,,,,
fstat,4, st_size=1208, ...}) = 0,,,,,,,,,,,,,,,
read,4, 4096) = 1208,,,,,,,,,,,,,,,,
read,4, 4096)                       = 0,,,,,,,,,,,,,,,,
close,4)                                = 0,,,,,,,,,,,,,,,,,
stat,/etc/pam.d, st_size=4096, ...}) = 0,,,,,,,,,,,,,,,
openat,AT_FDCWD, O_RDONLY) = 4,,,,,,,,,,,,,,,,
fstat,4, st_size=1480, ...}) = 0,,,,,,,,,,,,,,,
read,4, 4096) = 1480,,,,,,,,,,,,,,,,
openat,AT_FDCWD, O_RDONLY|O_CLOEXEC) = 5,,,,,,,,,,,,,,,,
read,5, 832) = 832,,,,,,,,,,,,,,,,
fstat,5, st_size=47168, ...}) = 0,,,,,,,,,,,,,,,
mmap,NULL, PROT_READ, MAP_PRIVATE|MAP_DENYWRITE,5, 0) = 0x7f3ec187c000,,,,,,,,,,,,,
mmap,0x7f3ec187e000, PROT_READ|PROT_EXEC, MAP_PRIVATE|MAP_FIXED|MAP_DENYWRITE,5, 0x2000) = 0x7f3ec187e000,,,,,,,,,,,,,
mmap,0x7f3ec1884000, PROT_READ, MAP_PRIVATE|MAP_FIXED|MAP_DENYWRITE,5, 0x8000) = 0x7f3ec1884000,,,,,,,,,,,,,
mmap,0x7f3ec1887000, PROT_READ|PROT_WRITE, MAP_PRIVATE|MAP_FIXED|MAP_DENYWRITE,5, 0xa000) = 0x7f3ec1887000,,,,,,,,,,,,,
close,5)                                = 0,,,,,,,,,,,,,,,,,
mprotect,0x7f3ec1887000, PROT_READ) = 0,,,,,,,,,,,,,,,,
read,4, 4096)                       = 0,,,,,,,,,,,,,,,,
close,4)                                = 0,,,,,,,,,,,,,,,,,
stat,/etc/pam.d, st_size=4096, ...}) = 0,,,,,,,,,,,,,,,
openat,AT_FDCWD, O_RDONLY) = 4,,,,,,,,,,,,,,,,
fstat,4, st_size=1470, ...}) = 0,,,,,,,,,,,,,,,
read,4, 4096) = 1470,,,,,,,,,,,,,,,,
read,4, 4096)                       = 0,,,,,,,,,,,,,,,,
close,4)                                = 0,,,,,,,,,,,,,,,,,
read,3, 4096)                       = 0,,,,,,,,,,,,,,,,
close,3)                                = 0,,,,,,,,,,,,,,,,,
getuid,)                                = 1000,,,,,,,,,,,,,,,,,
getuid,)                                = 1000,,,,,,,,,,,,,,,,,
openat,AT_FDCWD, O_RDONLY) = 3,,,,,,,,,,,,,,,,
fstat,3, st_size=10550, ...}) = 0,,,,,,,,,,,,,,,
read,3, 4096) = 4096,,,,,,,,,,,,,,,,
read,3, 4096) = 4096,,,,,,,,,,,,,,,,
read,3, 4096) = 2358,,,,,,,,,,,,,,,,
close,3)                                = 0,,,,,,,,,,,,,,,,,
openat,AT_FDCWD, O_RDONLY|O_CLOEXEC) = 3,,,,,,,,,,,,,,,,
lseek,3, SEEK_CUR)                   = 0,,,,,,,,,,,,,,,,
fstat,3, st_size=2929, ...}) = 0,,,,,,,,,,,,,,,
read,3, 4096) = 2929,,,,,,,,,,,,,,,,
close,3)                                = 0,,,,,,,,,,,,,,,,,
openat,AT_FDCWD, O_RDONLY|O_CLOEXEC) = -1 EACCES (Permission denied),,,,,,,,,,,,,,,,
geteuid,)                               = 1000,,,,,,,,,,,,,,,,,
pipe,[3,,,,,,,,,,,,,,,,,
rt_sigaction,SIGCHLD, sa_mask=[], sa_flags=SA_RESTORER, sa_restorer=0x7f3ec2005090}, {sa_handler=SIG_DFL, sa_mask=[], sa_flags=0}, 8) = 0,,,,,,,,,,
clone,child_stack=NULL, child_tidptr=0x7f3ec1f83a10) = 13297,,,,,,,,,,,,,,,,
write,4, 1)                       = 1,,,,,,,,,,,,,,,,
close,3)                                = 0,,,,,,,,,,,,,,,,,
close,4)                                = 0,,,,,,,,,,,,,,,,,
wait4,13297,0, NULL) = 13297,,,,,,,,,,,,,,,
--- SIGCHLD {si_signo=SIGCHLD,, si_pid=13297, si_uid=1000, si_status=7, si_utime=6, si_stime=2} ---,,,,,,,,,,,,
rt_sigaction,SIGCHLD, sa_mask=[], sa_flags=SA_RESTORER, sa_restorer=0x7f3ec2005090}, NULL, 8) = 0,,,,,,,,,,,,
openat,AT_FDCWD, O_RDONLY|O_CLOEXEC) = 3,,,,,,,,,,,,,,,,
fstat,3, st_size=2996, ...}) = 0,,,,,,,,,,,,,,,
read,3, 4096) = 2996,,,,,,,,,,,,,,,,
read,3, 4096)                       = 0,,,,,,,,,,,,,,,,
close,3)                                = 0,,,,,,,,,,,,,,,,,
openat,AT_FDCWD, O_RDONLY) = -1 ENOENT (No such file or directory),,,,,,,,,,,,,,,,
openat,AT_FDCWD, O_RDONLY) = -1 ENOENT (No such file or directory),,,,,,,,,,,,,,,,
openat,AT_FDCWD, O_RDONLY) = -1 ENOENT (No such file or directory),,,,,,,,,,,,,,,,
openat,AT_FDCWD, O_RDONLY) = -1 ENOENT (No such file or directory),,,,,,,,,,,,,,,,
ioctl,0, {B38400 opost isig icanon echo ...}) = 0,,,,,,,,,,,,,,,,
ioctl,0, {B38400 opost isig icanon echo ...}) = 0,,,,,,,,,,,,,,,,
rt_sigprocmask,SIG_BLOCK, [], 8) = 0,,,,,,,,,,,,,,,
ioctl,0, {B38400 opost isig icanon echo ...}) = 0,,,,,,,,,,,,,,,,
ioctl,0, {B38400 opost isig icanon -echo ...}) = 0,,,,,,,,,,,,,,,,
ioctl,0, {B38400 opost isig icanon -echo ...}) = 0,,,,,,,,,,,,,,,,
write,2, 10)              = 10,,,,,,,,,,,,,,,,
read,0, 511)            = 11,,,,,,,,,,,,,,,,
ioctl,0, {B38400 opost isig icanon -echo ...}) = 0,,,,,,,,,,,,,,,,
ioctl,0, {B38400 opost isig icanon echo ...}) = 0,,,,,,,,,,,,,,,,
ioctl,0, {B38400 opost isig icanon echo ...}) = 0,,,,,,,,,,,,,,,,
write,2, 1)                       = 1,,,,,,,,,,,,,,,,
rt_sigprocmask,SIG_SETMASK, NULL, 8) = 0,,,,,,,,,,,,,,,
ioctl,0, {B38400 opost isig icanon echo ...}) = 0,,,,,,,,,,,,,,,,
ioctl,0, {B38400 opost isig icanon echo ...}) = 0,,,,,,,,,,,,,,,,
ioctl,0, {B38400 opost isig icanon echo ...}) = 0,,,,,,,,,,,,,,,,
openat,AT_FDCWD, O_RDONLY|O_CLOEXEC) = 3,,,,,,,,,,,,,,,,
lseek,3, SEEK_CUR)                   = 0,,,,,,,,,,,,,,,,
fstat,3, st_size=2929, ...}) = 0,,,,,,,,,,,,,,,
read,3, 4096) = 2929,,,,,,,,,,,,,,,,
close,3)                                = 0,,,,,,,,,,,,,,,,,
openat,AT_FDCWD, O_RDONLY|O_CLOEXEC) = -1 EACCES (Permission denied),,,,,,,,,,,,,,,,
geteuid,)                               = 1000,,,,,,,,,,,,,,,,,
pipe,[3,,,,,,,,,,,,,,,,,
rt_sigaction,SIGCHLD, sa_mask=[], sa_flags=SA_RESTORER, sa_restorer=0x7f3ec2005090}, {sa_handler=SIG_DFL, sa_mask=[], sa_flags=SA_RESTORER, sa_restorer=0x7f3ec2005090}, 8) = 0,,,,,,,,,
clone,child_stack=NULL, child_tidptr=0x7f3ec1f83a10) = 13299,,,,,,,,,,,,,,,,
write,4, 10)              = 10,,,,,,,,,,,,,,,,
write,4, 1)                       = 1,,,,,,,,,,,,,,,,
close,3)                                = 0,,,,,,,,,,,,,,,,,
close,4)                                = 0,,,,,,,,,,,,,,,,,
wait4,13299,0, NULL) = 13299,,,,,,,,,,,,,,,
--- SIGCHLD {si_signo=SIGCHLD,, si_pid=13299, si_uid=1000, si_status=0, si_utime=5, si_stime=4} ---,,,,,,,,,,,,
rt_sigaction,SIGCHLD, sa_mask=[], sa_flags=SA_RESTORER, sa_restorer=0x7f3ec2005090}, NULL, 8) = 0,,,,,,,,,,,,
openat,AT_FDCWD, O_RDONLY|O_CLOEXEC) = 3,,,,,,,,,,,,,,,,
lseek,3, SEEK_CUR)                   = 0,,,,,,,,,,,,,,,,
fstat,3, st_size=2929, ...}) = 0,,,,,,,,,,,,,,,
read,3, 4096) = 2929,,,,,,,,,,,,,,,,
close,3)                                = 0,,,,,,,,,,,,,,,,,
mmap,NULL, PROT_READ|PROT_WRITE, MAP_PRIVATE|MAP_ANONYMOUS,-1, 0) = 0x7f3ec17b8000,,,,,,,,,,,,,
socket,AF_UNIX, 0) = 3,,,,,,,,,,,,,,,,
connect,3," sun_path=""/var/run/nscd/socket""}", 110) = -1 ENOENT (No such file or directory),,,,,,,,,,,,,,,
close,3)                                = 0,,,,,,,,,,,,,,,,,
socket,AF_UNIX, 0) = 3,,,,,,,,,,,,,,,,
connect,3," sun_path=""/var/run/nscd/socket""}", 110) = -1 ENOENT (No such file or directory),,,,,,,,,,,,,,,
close,3)                                = 0,,,,,,,,,,,,,,,,,
openat,AT_FDCWD, O_RDONLY|O_CLOEXEC) = 3,,,,,,,,,,,,,,,,
lseek,3, SEEK_CUR)                   = 0,,,,,,,,,,,,,,,,
fstat,3, st_size=1121, ...}) = 0,,,,,,,,,,,,,,,
read,3, 4096) = 1121,,,,,,,,,,,,,,,,
lseek,3, SEEK_CUR)                   = 1121,,,,,,,,,,,,,,,,
lseek,3, SEEK_CUR)                   = 1121,,,,,,,,,,,,,,,,
lseek,3, SEEK_CUR)                   = 1121,,,,,,,,,,,,,,,,
lseek,3, SEEK_CUR)                   = 1121,,,,,,,,,,,,,,,,
lseek,3, SEEK_CUR)                   = 1121,,,,,,,,,,,,,,,,
lseek,3, SEEK_CUR)                   = 1121,,,,,,,,,,,,,,,,
lseek,3, SEEK_CUR)                   = 1121,,,,,,,,,,,,,,,,
lseek,3, SEEK_CUR)                   = 1121,,,,,,,,,,,,,,,,
lseek,3, SEEK_CUR)                   = 1121,,,,,,,,,,,,,,,,
lseek,3, SEEK_CUR)                   = 1121,,,,,,,,,,,,,,,,
lseek,3, SEEK_CUR)                   = 1121,,,,,,,,,,,,,,,,
lseek,3, SEEK_CUR)                   = 1121,,,,,,,,,,,,,,,,
lseek,3, SEEK_CUR)                   = 1121,,,,,,,,,,,,,,,,
lseek,3, SEEK_CUR)                   = 1121,,,,,,,,,,,,,,,,
lseek,3, SEEK_CUR)                   = 1121,,,,,,,,,,,,,,,,
lseek,3, SEEK_CUR)                   = 1121,,,,,,,,,,,,,,,,
lseek,3, SEEK_CUR)                   = 1121,,,,,,,,,,,,,,,,
lseek,3, SEEK_CUR)                   = 1121,,,,,,,,,,,,,,,,
lseek,3, SEEK_CUR)                   = 1121,,,,,,,,,,,,,,,,
lseek,3, SEEK_CUR)                   = 1121,,,,,,,,,,,,,,,,
lseek,3, SEEK_CUR)                   = 1121,,,,,,,,,,,,,,,,
lseek,3, SEEK_CUR)                   = 1121,,,,,,,,,,,,,,,,
lseek,3, SEEK_CUR)                   = 1121,,,,,,,,,,,,,,,,
lseek,3, SEEK_CUR)                   = 1121,,,,,,,,,,,,,,,,
lseek,3, SEEK_CUR)                   = 1121,,,,,,,,,,,,,,,,
lseek,3, SEEK_CUR)                   = 1121,,,,,,,,,,,,,,,,
lseek,3, SEEK_CUR)                   = 1121,,,,,,,,,,,,,,,,
lseek,3, SEEK_CUR)                   = 1121,,,,,,,,,,,,,,,,
lseek,3, SEEK_CUR)                   = 1121,,,,,,,,,,,,,,,,
lseek,3, SEEK_CUR)                   = 1121,,,,,,,,,,,,,,,,
lseek,3, SEEK_CUR)                   = 1121,,,,,,,,,,,,,,,,
lseek,3, SEEK_CUR)                   = 1121,,,,,,,,,,,,,,,,
lseek,3, SEEK_CUR)                   = 1121,,,,,,,,,,,,,,,,
lseek,3, SEEK_CUR)                   = 1121,,,,,,,,,,,,,,,,
lseek,3, SEEK_CUR)                   = 1121,,,,,,,,,,,,,,,,
lseek,3, SEEK_CUR)                   = 1121,,,,,,,,,,,,,,,,
lseek,3, SEEK_CUR)                   = 1121,,,,,,,,,,,,,,,,
lseek,3, SEEK_CUR)                   = 1121,,,,,,,,,,,,,,,,
lseek,3, SEEK_CUR)                   = 1121,,,,,,,,,,,,,,,,
lseek,3, SEEK_CUR)                   = 1121,,,,,,,,,,,,,,,,
lseek,3, SEEK_CUR)                   = 1121,,,,,,,,,,,,,,,,
lseek,3, SEEK_CUR)                   = 1121,,,,,,,,,,,,,,,,
lseek,3, SEEK_CUR)                   = 1121,,,,,,,,,,,,,,,,
lseek,3, SEEK_CUR)                   = 1121,,,,,,,,,,,,,,,,
lseek,3, SEEK_CUR)                   = 1121,,,,,,,,,,,,,,,,
lseek,3, SEEK_CUR)                   = 1121,,,,,,,,,,,,,,,,
lseek,3, SEEK_CUR)                   = 1121,,,,,,,,,,,,,,,,
lseek,3, SEEK_CUR)                   = 1121,,,,,,,,,,,,,,,,
lseek,3, SEEK_CUR)                   = 1121,,,,,,,,,,,,,,,,
lseek,3, SEEK_CUR)                   = 1121,,,,,,,,,,,,,,,,
lseek,3, SEEK_CUR)                   = 1121,,,,,,,,,,,,,,,,
lseek,3, SEEK_CUR)                   = 1121,,,,,,,,,,,,,,,,
lseek,3, SEEK_CUR)                   = 1121,,,,,,,,,,,,,,,,
lseek,3, SEEK_CUR)                   = 1121,,,,,,,,,,,,,,,,
lseek,3, SEEK_CUR)                   = 1121,,,,,,,,,,,,,,,,
lseek,3, SEEK_CUR)                   = 1121,,,,,,,,,,,,,,,,
lseek,3, SEEK_CUR)                   = 1121,,,,,,,,,,,,,,,,
lseek,3, SEEK_CUR)                   = 1121,,,,,,,,,,,,,,,,
lseek,3, SEEK_CUR)                   = 1121,,,,,,,,,,,,,,,,
lseek,3, SEEK_CUR)                   = 1121,,,,,,,,,,,,,,,,
lseek,3, SEEK_CUR)                   = 1121,,,,,,,,,,,,,,,,
lseek,3, SEEK_CUR)                   = 1121,,,,,,,,,,,,,,,,
lseek,3, SEEK_CUR)                   = 1121,,,,,,,,,,,,,,,,
lseek,3, SEEK_CUR)                   = 1121,,,,,,,,,,,,,,,,
lseek,3, SEEK_CUR)                   = 1121,,,,,,,,,,,,,,,,
lseek,3, SEEK_CUR)                   = 1121,,,,,,,,,,,,,,,,
lseek,3, SEEK_CUR)                   = 1121,,,,,,,,,,,,,,,,
lseek,3, SEEK_CUR)                   = 1121,,,,,,,,,,,,,,,,
lseek,3, SEEK_CUR)                   = 1121,,,,,,,,,,,,,,,,
lseek,3, SEEK_CUR)                   = 1121,,,,,,,,,,,,,,,,
lseek,3, SEEK_CUR)                   = 1121,,,,,,,,,,,,,,,,
lseek,3, SEEK_CUR)                   = 1121,,,,,,,,,,,,,,,,
lseek,3, SEEK_CUR)                   = 1121,,,,,,,,,,,,,,,,
lseek,3, SEEK_CUR)                   = 1121,,,,,,,,,,,,,,,,
lseek,3, SEEK_CUR)                   = 1121,,,,,,,,,,,,,,,,
lseek,3, SEEK_CUR)                   = 1121,,,,,,,,,,,,,,,,
lseek,3, SEEK_CUR)                   = 1121,,,,,,,,,,,,,,,,
read,3, 4096)                       = 0,,,,,,,,,,,,,,,,
close,3)                                = 0,,,,,,,,,,,,,,,,,
openat,AT_FDCWD, O_RDONLY|O_CLOEXEC) = 3,,,,,,,,,,,,,,,,
fstat,3, st_size=69600, ...}) = 0,,,,,,,,,,,,,,,
mmap,NULL, PROT_READ, MAP_PRIVATE,3, 0) = 0x7f3ec17a7000,,,,,,,,,,,,,
close,3)                                = 0,,,,,,,,,,,,,,,,,
openat,AT_FDCWD, O_RDONLY|O_CLOEXEC) = 3,,,,,,,,,,,,,,,,
read,3, 832) = 832,,,,,,,,,,,,,,,,
fstat,3, st_size=239896, ...}) = 0,,,,,,,,,,,,,,,
mmap,NULL, PROT_READ, MAP_PRIVATE|MAP_DENYWRITE,3, 0) = 0x7f3ec176b000,,,,,,,,,,,,,
mmap,0x7f3ec1771000, PROT_READ|PROT_EXEC, MAP_PRIVATE|MAP_FIXED|MAP_DENYWRITE,3, 0x6000) = 0x7f3ec1771000,,,,,,,,,,,,,
mmap,0x7f3ec1797000, PROT_READ, MAP_PRIVATE|MAP_FIXED|MAP_DENYWRITE,3, 0x2c000) = 0x7f3ec1797000,,,,,,,,,,,,,
mmap,0x7f3ec17a3000, PROT_READ|PROT_WRITE, MAP_PRIVATE|MAP_FIXED|MAP_DENYWRITE,3, 0x37000) = 0x7f3ec17a3000,,,,,,,,,,,,,
close,3)                                = 0,,,,,,,,,,,,,,,,,
mprotect,0x7f3ec17a3000, PROT_READ) = 0,,,,,,,,,,,,,,,,
munmap,0x7f3ec17a7000,,,,,,,,,,,,,,,,,
rt_sigprocmask,SIG_BLOCK, [], 8) = 0,,,,,,,,,,,,,,,
gettid,)                                = 13296,,,,,,,,,,,,,,,,,
socket,AF_UNIX, 0) = 3,,,,,,,,,,,,,,,,
connect,3," sun_path=@""userdb-98246eb69a5bf1e807d4450c614f802b""}", 42) = -1 ECONNREFUSED (Connection refused),,,,,,,,,,,,,,,
close,3)                                = 0,,,,,,,,,,,,,,,,,
openat,AT_FDCWD, O_RDONLY|O_NONBLOCK|O_CLOEXEC|O_DIRECTORY) = 3,,,,,,,,,,,,,,,,
fstat,3, st_size=60, ...}) = 0,,,,,,,,,,,,,,,
getdents64,3, 32768)   = 96,,,,,,,,,,,,,,,,
socket,AF_UNIX, 0) = 4,,,,,,,,,,,,,,,,
connect,4," sun_path=""/run/systemd/userdb/io.systemd.DynamicUser""}", 45) = 0,,,,,,,,,,,,,,,
getpid,)                                = 13296,,,,,,,,,,,,,,,,,
epoll_create1,EPOLL_CLOEXEC)            = 5,,,,,,,,,,,,,,,,,
timerfd_create,CLOCK_MONOTONIC,,,,,,,,,,,,,,,,,
epoll_ctl,5,6, {EPOLLIN, {u32=1596029552, u64=94705624906352}}) = 0,,,,,,,,,,,,,
epoll_ctl,5,4, {0, {u32=1596073136, u64=94705624949936}}) = 0,,,,,,,,,,,,,
gettid,)                                = 13296,,,,,,,,,,,,,,,,,
futex,0x7f3ec17a69a0, 2147483647) = 0,,,,,,,,,,,,,,,,
getdents64,3, 32768)   = 0,,,,,,,,,,,,,,,,
close,3)                                = 0,,,,,,,,,,,,,,,,,
epoll_ctl,5,4, {EPOLLIN|EPOLLOUT, {u32=1596073136, u64=94705624949936}}) = 0,,,,,,,,,,,,,
openat,AT_FDCWD, O_RDONLY|O_NOCTTY|O_CLOEXEC) = 3,,,,,,,,,,,,,,,,
read,3, 38) = 37,,,,,,,,,,,,,,,,
read,3, 1)                          = 0,,,,,,,,,,,,,,,,
close,3)                                = 0,,,,,,,,,,,,,,,,,
timerfd_settime,6, {it_interval={tv_sec=0, tv_nsec=0}, it_value={tv_sec=19942, tv_nsec=451932000}}, NULL) = 0,,,,,,,,,,,,
epoll_wait,5, {u32=1596073136, u64=94705624949936}}],4, 0) = 1,,,,,,,,,,,,,
timerfd_create,CLOCK_BOOTTIME,,,,,,,,,,,,,,,,,
close,3)                                = 0,,,,,,,,,,,,,,,,,
sendto,4,134, MSG_DONTWAIT|MSG_NOSIGNAL, NULL, 0) = 134,,,,,,,,,,,,,
epoll_ctl,5,4, {EPOLLIN, {u32=1596073136, u64=94705624949936}}) = 0,,,,,,,,,,,,,
epoll_wait,5, {u32=1596073136, u64=94705624949936}}],4, 0) = 1,,,,,,,,,,,,,
mmap,NULL, PROT_READ|PROT_WRITE, MAP_PRIVATE|MAP_ANONYMOUS,-1, 0) = 0x7f3ec174a000,,,,,,,,,,,,,
mremap,0x7f3ec174a000,139264, MREMAP_MAYMOVE) = 0x7f3ec1728000,,,,,,,,,,,,,,,
recvfrom,4,135152, MSG_DONTWAIT, NULL, NULL) = 66,,,,,,,,,,,,,
epoll_ctl,5,4, {0, {u32=1596073136, u64=94705624949936}}) = 0,,,,,,,,,,,,,
epoll_wait,5,4, 0)                 = 0,,,,,,,,,,,,,,,
epoll_wait,5,4, 0)                 = 0,,,,,,,,,,,,,,,
epoll_ctl,5,4, NULL)    = 0,,,,,,,,,,,,,,,
close,4)                                = 0,,,,,,,,,,,,,,,,,
munmap,0x7f3ec1728000,,,,,,,,,,,,,,,,,
rt_sigprocmask,SIG_SETMASK, NULL, 8) = 0,,,,,,,,,,,,,,,
close,5)                                = 0,,,,,,,,,,,,,,,,,
close,6)                                = 0,,,,,,,,,,,,,,,,,
munmap,0x7f3ec17b8000,,,,,,,,,,,,,,,,,
openat,AT_FDCWD, O_RDONLY|O_CLOEXEC) = 3,,,,,,,,,,,,,,,,
lseek,3, SEEK_CUR)                   = 0,,,,,,,,,,,,,,,,
fstat,3, st_size=1121, ...}) = 0,,,,,,,,,,,,,,,
read,3, 4096) = 1121,,,,,,,,,,,,,,,,
close,3)                                = 0,,,,,,,,,,,,,,,,,
openat,AT_FDCWD, O_RDONLY|O_CLOEXEC) = 3,,,,,,,,,,,,,,,,
lseek,3, SEEK_CUR)                   = 0,,,,,,,,,,,,,,,,
fstat,3, st_size=1121, ...}) = 0,,,,,,,,,,,,,,,
read,3, 4096) = 1121,,,,,,,,,,,,,,,,
close,3)                                = 0,,,,,,,,,,,,,,,,,
openat,AT_FDCWD, O_RDONLY|O_CLOEXEC) = 3,,,,,,,,,,,,,,,,
lseek,3, SEEK_CUR)                   = 0,,,,,,,,,,,,,,,,
fstat,3, st_size=1121, ...}) = 0,,,,,,,,,,,,,,,
read,3, 4096) = 1121,,,,,,,,,,,,,,,,
close,3)                                = 0,,,,,,,,,,,,,,,,,
openat,AT_FDCWD, O_RDONLY|O_CLOEXEC) = 3,,,,,,,,,,,,,,,,
lseek,3, SEEK_CUR)                   = 0,,,,,,,,,,,,,,,,
fstat,3, st_size=1121, ...}) = 0,,,,,,,,,,,,,,,
read,3, 4096) = 1121,,,,,,,,,,,,,,,,
close,3)                                = 0,,,,,,,,,,,,,,,,,
openat,AT_FDCWD, O_RDONLY|O_CLOEXEC) = 3,,,,,,,,,,,,,,,,
lseek,3, SEEK_CUR)                   = 0,,,,,,,,,,,,,,,,
fstat,3, st_size=1121, ...}) = 0,,,,,,,,,,,,,,,
read,3, 4096) = 1121,,,,,,,,,,,,,,,,
close,3)                                = 0,,,,,,,,,,,,,,,,,
openat,AT_FDCWD, O_RDONLY|O_CLOEXEC) = 3,,,,,,,,,,,,,,,,
lseek,3, SEEK_CUR)                   = 0,,,,,,,,,,,,,,,,
fstat,3, st_size=1121, ...}) = 0,,,,,,,,,,,,,,,
read,3, 4096) = 1121,,,,,,,,,,,,,,,,
close,3)                                = 0,,,,,,,,,,,,,,,,,
openat,AT_FDCWD, O_RDONLY|O_CLOEXEC) = 3,,,,,,,,,,,,,,,,
lseek,3, SEEK_CUR)                   = 0,,,,,,,,,,,,,,,,
fstat,3, st_size=1121, ...}) = 0,,,,,,,,,,,,,,,
read,3, 4096) = 1121,,,,,,,,,,,,,,,,
close,3)                                = 0,,,,,,,,,,,,,,,,,
openat,AT_FDCWD, O_RDONLY|O_CLOEXEC) = 3,,,,,,,,,,,,,,,,
lseek,3, SEEK_CUR)                   = 0,,,,,,,,,,,,,,,,
fstat,3, st_size=1121, ...}) = 0,,,,,,,,,,,,,,,
read,3, 4096) = 1121,,,,,,,,,,,,,,,,
close,3)                                = 0,,,,,,,,,,,,,,,,,
openat,AT_FDCWD, O_RDONLY|O_CLOEXEC) = 3,,,,,,,,,,,,,,,,
lseek,3, SEEK_CUR)                   = 0,,,,,,,,,,,,,,,,
fstat,3, st_size=1121, ...}) = 0,,,,,,,,,,,,,,,
read,3, 4096) = 1121,,,,,,,,,,,,,,,,
close,3)                                = 0,,,,,,,,,,,,,,,,,
openat,AT_FDCWD, O_RDONLY) = 3,,,,,,,,,,,,,,,,
fstat,3, st_size=1793, ...}) = 0,,,,,,,,,,,,,,,
read,3, 4096) = 1793,,,,,,,,,,,,,,,,
close,3)                                = 0,,,,,,,,,,,,,,,,,
socket,AF_NETLINK, NETLINK_AUDIT) = 3,,,,,,,,,,,,,,,,
fcntl,3, FD_CLOEXEC)           = 0,,,,,,,,,,,,,,,,
readlink,/proc/self/exe, 4096) = 11,,,,,,,,,,,,,,,,
uname,"{sysname=""Linux""", ...}) = 0,,,,,,,,,,,,,,,,
sendto,3, type=0x44c /* NLMSG_??? */, flags=NLM_F_REQUEST|NLM_F_ACK, seq=1, pid=0}," ""\x6f\x70\x3d\x50\x41\x4d\x3a\x61\x75\x74\x68\x65\x6e\x74\x69\x63\x61\x74\x69\x6f\x6e\x20\x67\x72\x61\x6e\x74\x6f\x72\x73\x3d\x70""...}",160,0, {sa_family=AF_NETLINK, nl_pid=0, nl_groups=00000000}, 12) = 160,,,,,,
poll,[{fd=3,1, 500)   = 1 ([{fd=3, revents=POLLIN}]),,,,,,,,,,,,,,
recvfrom,3, type=NLMSG_ERROR, flags=0, seq=1, pid=13296}, {error=-EPERM, msg={{len=160, type=AUDIT_FIRST_USER_MSG, flags=NLM_F_REQUEST|NLM_F_ACK, seq=1, pid=0}," ""\x6f\x70\x3d\x50\x41\x4d\x3a\x61\x75\x74\x68\x65\x6e\x74\x69\x63\x61\x74\x69\x6f\x6e\x20\x67\x72\x61\x6e\x74\x6f\x72\x73\x3d\x70""...}}}",8988, MSG_PEEK|MSG_DONTWAIT, {sa_family=AF_NETLINK, nl_pid=0, nl_groups=00000000}, [12]) = 180
recvfrom,3, type=NLMSG_ERROR, flags=0, seq=1, pid=13296}, {error=-EPERM, msg={{len=160, type=AUDIT_FIRST_USER_MSG, flags=NLM_F_REQUEST|NLM_F_ACK, seq=1, pid=0}," ""\x6f\x70\x3d\x50\x41\x4d\x3a\x61\x75\x74\x68\x65\x6e\x74\x69\x63\x61\x74\x69\x6f\x6e\x20\x67\x72\x61\x6e\x74\x6f\x72\x73\x3d\x70""...}}}",8988, MSG_DONTWAIT, {sa_family=AF_NETLINK, nl_pid=0, nl_groups=00000000}, [12]) = 180
capget,{version=0 /* _LINUX_CAPABILITY_VERSION_??? */, NULL) = 0,,,,,,,,,,,,,,,,
gettid,)                                = 13296,,,,,,,,,,,,,,,,,
openat,AT_FDCWD, O_RDONLY) = 4,,,,,,,,,,,,,,,,
read,4, 7)                      = 3,,,,,,,,,,,,,,,,
close,4)                                = 0,,,,,,,,,,,,,,,,,
capget,{version=_LINUX_CAPABILITY_VERSION_3, {effective=0, permitted=0, inheritable=0}) = 0,,,,,,,,,,,,,,
openat,AT_FDCWD, O_RDONLY|O_CLOEXEC) = 4,,,,,,,,,,,,,,,,
fstat,4, st_size=0, ...}) = 0,,,,,,,,,,,,,,,
read,4, 1024) = 1024,,,,,,,,,,,,,,,,
close,4)                                = 0,,,,,,,,,,,,,,,,,
close,3)                                = 0,,,,,,,,,,,,,,,,,
getuid,)                                = 1000,,,,,,,,,,,,,,,,,
openat,AT_FDCWD, O_RDONLY) = 3,,,,,,,,,,,,,,,,
fstat,3, st_size=10550, ...}) = 0,,,,,,,,,,,,,,,
read,3, 4096) = 4096,,,,,,,,,,,,,,,,
read,3, 4096) = 4096,,,,,,,,,,,,,,,,
read,3, 4096) = 2358,,,,,,,,,,,,,,,,
close,3)                                = 0,,,,,,,,,,,,,,,,,
openat,AT_FDCWD, O_RDONLY|O_CLOEXEC) = 3,,,,,,,,,,,,,,,,
lseek,3, SEEK_CUR)                   = 0,,,,,,,,,,,,,,,,
fstat,3, st_size=2929, ...}) = 0,,,,,,,,,,,,,,,
read,3, 4096) = 2929,,,,,,,,,,,,,,,,
close,3)                                = 0,,,,,,,,,,,,,,,,,
openat,AT_FDCWD, O_RDONLY|O_CLOEXEC) = -1 EACCES (Permission denied),,,,,,,,,,,,,,,,
geteuid,)                               = 1000,,,,,,,,,,,,,,,,,
pipe,[3,,,,,,,,,,,,,,,,,
rt_sigaction,SIGCHLD, sa_mask=[], sa_flags=SA_RESTORER, sa_restorer=0x7f3ec2005090}, {sa_handler=SIG_DFL, sa_mask=[], sa_flags=SA_RESTORER, sa_restorer=0x7f3ec2005090}, 8) = 0,,,,,,,,,
clone,child_stack=NULL, child_tidptr=0x7f3ec1f83a10) = 13300,,,,,,,,,,,,,,,,
close,4)                                = 0,,,,,,,,,,,,,,,,,
wait4,13300,0, NULL) = 13300,,,,,,,,,,,,,,,
--- SIGCHLD {si_signo=SIGCHLD,, si_pid=13300, si_uid=1000, si_status=0, si_utime=4, si_stime=2} ---,,,,,,,,,,,,
read,3, 31)                     = 3,,,,,,,,,,,,,,,,
read,3, 28)                         = 0,,,,,,,,,,,,,,,,
close,3)                                = 0,,,,,,,,,,,,,,,,,
rt_sigaction,SIGCHLD, sa_mask=[], sa_flags=SA_RESTORER, sa_restorer=0x7f3ec2005090}, NULL, 8) = 0,,,,,,,,,,,,
socket,AF_NETLINK, NETLINK_AUDIT) = 3,,,,,,,,,,,,,,,,
fcntl,3, FD_CLOEXEC)           = 0,,,,,,,,,,,,,,,,
sendto,3, type=0x44d /* NLMSG_??? */, flags=NLM_F_REQUEST|NLM_F_ACK, seq=2, pid=0}," ""\x6f\x70\x3d\x50\x41\x4d\x3a\x61\x63\x63\x6f\x75\x6e\x74\x69\x6e\x67\x20\x67\x72\x61\x6e\x74\x6f\x72\x73\x3d\x70\x61\x6d\x5f\x70""...}",148,0, {sa_family=AF_NETLINK, nl_pid=0, nl_groups=00000000}, 12) = 148,,,,,,
poll,[{fd=3,1, 500)   = 1 ([{fd=3, revents=POLLIN}]),,,,,,,,,,,,,,
recvfrom,3, type=NLMSG_ERROR, flags=0, seq=2, pid=13296}, {error=-EPERM, msg={{len=148, type=0x44d /* AUDIT_??? */, flags=NLM_F_REQUEST|NLM_F_ACK, seq=2, pid=0}," ""\x6f\x70\x3d\x50\x41\x4d\x3a\x61\x63\x63\x6f\x75\x6e\x74\x69\x6e\x67\x20\x67\x72\x61\x6e\x74\x6f\x72\x73\x3d\x70\x61\x6d\x5f\x70""...}}}",8988, MSG_PEEK|MSG_DONTWAIT, {sa_family=AF_NETLINK, nl_pid=0, nl_groups=00000000}, [12]) = 168
recvfrom,3, type=NLMSG_ERROR, flags=0, seq=2, pid=13296}, {error=-EPERM, msg={{len=148, type=0x44d /* AUDIT_??? */, flags=NLM_F_REQUEST|NLM_F_ACK, seq=2, pid=0}," ""\x6f\x70\x3d\x50\x41\x4d\x3a\x61\x63\x63\x6f\x75\x6e\x74\x69\x6e\x67\x20\x67\x72\x61\x6e\x74\x6f\x72\x73\x3d\x70\x61\x6d\x5f\x70""...}}}",8988, MSG_DONTWAIT, {sa_family=AF_NETLINK, nl_pid=0, nl_groups=00000000}, [12]) = 168
capget,{version=0 /* _LINUX_CAPABILITY_VERSION_??? */, NULL) = 0,,,,,,,,,,,,,,,,
gettid,)                                = 13296,,,,,,,,,,,,,,,,,
capget,{version=_LINUX_CAPABILITY_VERSION_3, {effective=0, permitted=0, inheritable=0}) = 0,,,,,,,,,,,,,,
openat,AT_FDCWD, O_RDONLY|O_CLOEXEC) = 4,,,,,,,,,,,,,,,,
fstat,4, st_size=0, ...}) = 0,,,,,,,,,,,,,,,
read,4, 1024) = 1024,,,,,,,,,,,,,,,,
close,4)                                = 0,,,,,,,,,,,,,,,,,
close,3)                                = 0,,,,,,,,,,,,,,,,,
openat,AT_FDCWD, O_RDONLY|O_CLOEXEC) = 3,,,,,,,,,,,,,,,,
fstat,3, st_size=303, ...}) = 0,,,,,,,,,,,,,,,
fstat,3, st_size=303, ...}) = 0,,,,,,,,,,,,,,,
read,3, 4096) = 303,,,,,,,,,,,,,,,,
lseek,3, SEEK_CUR)                = 124,,,,,,,,,,,,,,,,
read,3, 4096) = 179,,,,,,,,,,,,,,,,
close,3)                                = 0,,,,,,,,,,,,,,,,,
socket,AF_UNIX, 0) = 3,,,,,,,,,,,,,,,,
connect,3," sun_path=""/dev/log""}", 110) = 0,,,,,,,,,,,,,,,
sendto,3,51, MSG_NOSIGNAL, NULL, 0) = 51,,,,,,,,,,,,,
close,3)                                = 0,,,,,,,,,,,,,,,,,
openat,AT_FDCWD, O_RDONLY) = 3,,,,,,,,,,,,,,,,
read,3, 31)                  = 6,,,,,,,,,,,,,,,,
close,3)                                = 0,,,,,,,,,,,,,,,,,
openat,AT_FDCWD, O_RDONLY|O_CLOEXEC) = 3,,,,,,,,,,,,,,,,
lseek,3, SEEK_CUR)                   = 0,,,,,,,,,,,,,,,,
fstat,3, st_size=1121, ...}) = 0,,,,,,,,,,,,,,,
read,3, 4096) = 1121,,,,,,,,,,,,,,,,
lseek,3, SEEK_CUR)                   = 1121,,,,,,,,,,,,,,,,
lseek,3, SEEK_CUR)                   = 1121,,,,,,,,,,,,,,,,
lseek,3, SEEK_CUR)                   = 1121,,,,,,,,,,,,,,,,
lseek,3, SEEK_CUR)                   = 1121,,,,,,,,,,,,,,,,
lseek,3, SEEK_CUR)                   = 1121,,,,,,,,,,,,,,,,
lseek,3, SEEK_CUR)                   = 1121,,,,,,,,,,,,,,,,
lseek,3, SEEK_CUR)                   = 1121,,,,,,,,,,,,,,,,
lseek,3, SEEK_CUR)                   = 1121,,,,,,,,,,,,,,,,
lseek,3, SEEK_CUR)                   = 1121,,,,,,,,,,,,,,,,
lseek,3, SEEK_CUR)                   = 1121,,,,,,,,,,,,,,,,
lseek,3, SEEK_CUR)                   = 1121,,,,,,,,,,,,,,,,
lseek,3, SEEK_CUR)                   = 1121,,,,,,,,,,,,,,,,
lseek,3, SEEK_CUR)                   = 1121,,,,,,,,,,,,,,,,
lseek,3, SEEK_CUR)                   = 1121,,,,,,,,,,,,,,,,
lseek,3, SEEK_CUR)                   = 1121,,,,,,,,,,,,,,,,
lseek,3, SEEK_CUR)                   = 1121,,,,,,,,,,,,,,,,
lseek,3, SEEK_CUR)                   = 1121,,,,,,,,,,,,,,,,
lseek,3, SEEK_CUR)                   = 1121,,,,,,,,,,,,,,,,
lseek,3, SEEK_CUR)                   = 1121,,,,,,,,,,,,,,,,
lseek,3, SEEK_CUR)                   = 1121,,,,,,,,,,,,,,,,
lseek,3, SEEK_CUR)                   = 1121,,,,,,,,,,,,,,,,
lseek,3, SEEK_CUR)                   = 1121,,,,,,,,,,,,,,,,
lseek,3, SEEK_CUR)                   = 1121,,,,,,,,,,,,,,,,
lseek,3, SEEK_CUR)                   = 1121,,,,,,,,,,,,,,,,
lseek,3, SEEK_CUR)                   = 1121,,,,,,,,,,,,,,,,
lseek,3, SEEK_CUR)                   = 1121,,,,,,,,,,,,,,,,
lseek,3, SEEK_CUR)                   = 1121,,,,,,,,,,,,,,,,
lseek,3, SEEK_CUR)                   = 1121,,,,,,,,,,,,,,,,
lseek,3, SEEK_CUR)                   = 1121,,,,,,,,,,,,,,,,
lseek,3, SEEK_CUR)                   = 1121,,,,,,,,,,,,,,,,
lseek,3, SEEK_CUR)                   = 1121,,,,,,,,,,,,,,,,
lseek,3, SEEK_CUR)                   = 1121,,,,,,,,,,,,,,,,
lseek,3, SEEK_CUR)                   = 1121,,,,,,,,,,,,,,,,
lseek,3, SEEK_CUR)                   = 1121,,,,,,,,,,,,,,,,
lseek,3, SEEK_CUR)                   = 1121,,,,,,,,,,,,,,,,
lseek,3, SEEK_CUR)                   = 1121,,,,,,,,,,,,,,,,
lseek,3, SEEK_CUR)                   = 1121,,,,,,,,,,,,,,,,
lseek,3, SEEK_CUR)                   = 1121,,,,,,,,,,,,,,,,
lseek,3, SEEK_CUR)                   = 1121,,,,,,,,,,,,,,,,
lseek,3, SEEK_CUR)                   = 1121,,,,,,,,,,,,,,,,
lseek,3, SEEK_CUR)                   = 1121,,,,,,,,,,,,,,,,
lseek,3, SEEK_CUR)                   = 1121,,,,,,,,,,,,,,,,
lseek,3, SEEK_CUR)                   = 1121,,,,,,,,,,,,,,,,
lseek,3, SEEK_CUR)                   = 1121,,,,,,,,,,,,,,,,
lseek,3, SEEK_CUR)                   = 1121,,,,,,,,,,,,,,,,
lseek,3, SEEK_CUR)                   = 1121,,,,,,,,,,,,,,,,
lseek,3, SEEK_CUR)                   = 1121,,,,,,,,,,,,,,,,
lseek,3, SEEK_CUR)                   = 1121,,,,,,,,,,,,,,,,
lseek,3, SEEK_CUR)                   = 1121,,,,,,,,,,,,,,,,
lseek,3, SEEK_CUR)                   = 1121,,,,,,,,,,,,,,,,
lseek,3, SEEK_CUR)                   = 1121,,,,,,,,,,,,,,,,
lseek,3, SEEK_CUR)                   = 1121,,,,,,,,,,,,,,,,
lseek,3, SEEK_CUR)                   = 1121,,,,,,,,,,,,,,,,
lseek,3, SEEK_CUR)                   = 1121,,,,,,,,,,,,,,,,
lseek,3, SEEK_CUR)                   = 1121,,,,,,,,,,,,,,,,
lseek,3, SEEK_CUR)                   = 1121,,,,,,,,,,,,,,,,
lseek,3, SEEK_CUR)                   = 1121,,,,,,,,,,,,,,,,
lseek,3, SEEK_CUR)                   = 1121,,,,,,,,,,,,,,,,
lseek,3, SEEK_CUR)                   = 1121,,,,,,,,,,,,,,,,
lseek,3, SEEK_CUR)                   = 1121,,,,,,,,,,,,,,,,
lseek,3, SEEK_CUR)                   = 1121,,,,,,,,,,,,,,,,
lseek,3, SEEK_CUR)                   = 1121,,,,,,,,,,,,,,,,
lseek,3, SEEK_CUR)                   = 1121,,,,,,,,,,,,,,,,
lseek,3, SEEK_CUR)                   = 1121,,,,,,,,,,,,,,,,
lseek,3, SEEK_CUR)                   = 1121,,,,,,,,,,,,,,,,
lseek,3, SEEK_CUR)                   = 1121,,,,,,,,,,,,,,,,
lseek,3, SEEK_CUR)                   = 1121,,,,,,,,,,,,,,,,
lseek,3, SEEK_CUR)                   = 1121,,,,,,,,,,,,,,,,
lseek,3, SEEK_CUR)                   = 1121,,,,,,,,,,,,,,,,
lseek,3, SEEK_CUR)                   = 1121,,,,,,,,,,,,,,,,
lseek,3, SEEK_CUR)                   = 1121,,,,,,,,,,,,,,,,
lseek,3, SEEK_CUR)                   = 1121,,,,,,,,,,,,,,,,
lseek,3, SEEK_CUR)                   = 1121,,,,,,,,,,,,,,,,
lseek,3, SEEK_CUR)                   = 1121,,,,,,,,,,,,,,,,
lseek,3, SEEK_CUR)                   = 1121,,,,,,,,,,,,,,,,
lseek,3, SEEK_CUR)                   = 1121,,,,,,,,,,,,,,,,
lseek,3, SEEK_CUR)                   = 1121,,,,,,,,,,,,,,,,
read,3, 4096)                       = 0,,,,,,,,,,,,,,,,
close,3)                                = 0,,,,,,,,,,,,,,,,,
rt_sigprocmask,SIG_BLOCK, [], 8) = 0,,,,,,,,,,,,,,,
gettid,)                                = 13296,,,,,,,,,,,,,,,,,
socket,AF_UNIX, 0) = 3,,,,,,,,,,,,,,,,
connect,3," sun_path=@""userdb-98246eb69a5bf1e807d4450c614f802b""}", 42) = -1 ECONNREFUSED (Connection refused),,,,,,,,,,,,,,,
close,3)                                = 0,,,,,,,,,,,,,,,,,
openat,AT_FDCWD, O_RDONLY|O_NONBLOCK|O_CLOEXEC|O_DIRECTORY) = 3,,,,,,,,,,,,,,,,
fstat,3, st_size=60, ...}) = 0,,,,,,,,,,,,,,,
brk,0x56225f24b000)                     = 0x56225f24b000,,,,,,,,,,,,,,,,,
getdents64,3, 32768)   = 96,,,,,,,,,,,,,,,,
socket,AF_UNIX, 0) = 4,,,,,,,,,,,,,,,,
connect,4," sun_path=""/run/systemd/userdb/io.systemd.DynamicUser""}", 45) = 0,,,,,,,,,,,,,,,
epoll_create1,EPOLL_CLOEXEC)            = 5,,,,,,,,,,,,,,,,,
timerfd_create,CLOCK_MONOTONIC,,,,,,,,,,,,,,,,,
epoll_ctl,5,6, {EPOLLIN, {u32=1596029552, u64=94705624906352}}) = 0,,,,,,,,,,,,,
epoll_ctl,5,4, {0, {u32=1596073136, u64=94705624949936}}) = 0,,,,,,,,,,,,,
getdents64,3, 32768)   = 0,,,,,,,,,,,,,,,,
close,3)                                = 0,,,,,,,,,,,,,,,,,
epoll_ctl,5,4, {EPOLLIN|EPOLLOUT, {u32=1596073136, u64=94705624949936}}) = 0,,,,,,,,,,,,,
timerfd_settime,6, {it_interval={tv_sec=0, tv_nsec=0}, it_value={tv_sec=19942, tv_nsec=451932000}}, NULL) = 0,,,,,,,,,,,,
epoll_wait,5, {u32=1596073136, u64=94705624949936}}],4, 0) = 1,,,,,,,,,,,,,
sendto,4,134, MSG_DONTWAIT|MSG_NOSIGNAL, NULL, 0) = 134,,,,,,,,,,,,,
epoll_ctl,5,4, {EPOLLIN, {u32=1596073136, u64=94705624949936}}) = 0,,,,,,,,,,,,,
epoll_wait,5, {u32=1596073136, u64=94705624949936}}],4, 0) = 1,,,,,,,,,,,,,
recvfrom,4,131080, MSG_DONTWAIT, NULL, NULL) = 66,,,,,,,,,,,,,
epoll_ctl,5,4, {0, {u32=1596073136, u64=94705624949936}}) = 0,,,,,,,,,,,,,
epoll_wait,5,4, 0)                 = 0,,,,,,,,,,,,,,,
epoll_wait,5,4, 0)                 = 0,,,,,,,,,,,,,,,
epoll_ctl,5,4, NULL)    = 0,,,,,,,,,,,,,,,
close,4)                                = 0,,,,,,,,,,,,,,,,,
rt_sigprocmask,SIG_SETMASK, NULL, 8) = 0,,,,,,,,,,,,,,,
close,5)                                = 0,,,,,,,,,,,,,,,,,
close,6)                                = 0,,,,,,,,,,,,,,,,,
setgroups,9,4,24,27,30,46,120,132, 133]) = -1 EPERM (Operation not permitted),,,,,,,,,
munmap,0x7f3ec21de000,,,,,,,,,,,,,,,,,
munmap,0x7f3ec21d8000,,,,,,,,,,,,,,,,,
munmap,0x7f3ec21d3000,,,,,,,,,,,,,,,,,
munmap,0x7f3ec19f7000,,,,,,,,,,,,,,,,,
munmap,0x7f3ec18f2000,,,,,,,,,,,,,,,,,
munmap,0x7f3ec18a6000,,,,,,,,,,,,,,,,,
munmap,0x7f3ec1889000,,,,,,,,,,,,,,,,,
munmap,0x7f3ec19f2000,,,,,,,,,,,,,,,,,
munmap,0x7f3ec18ed000,,,,,,,,,,,,,,,,,
munmap,0x7f3ec18e7000,,,,,,,,,,,,,,,,,
munmap,0x7f3ec186f000,,,,,,,,,,,,,,,,,
munmap,0x7f3ec18e2000,,,,,,,,,,,,,,,,,
munmap,0x7f3ec17f9000,,,,,,,,,,,,,,,,,
munmap,0x7f3ec187c000,,,,,,,,,,,,,,,,,
munmap,0x7f3ec19c3000,,,,,,,,,,,,,,,,,
munmap,0x7f3ec1932000,,,,,,,,,,,,,,,,,
openat,AT_FDCWD, O_RDONLY) = -1 ENOENT (No such file or directory),,,,,,,,,,,,,,,,
openat,AT_FDCWD, O_RDONLY) = -1 ENOENT (No such file or directory),,,,,,,,,,,,,,,,
openat,AT_FDCWD, O_RDONLY) = -1 ENOENT (No such file or directory),,,,,,,,,,,,,,,,
openat,AT_FDCWD, O_RDONLY) = -1 ENOENT (No such file or directory),,,,,,,,,,,,,,,,
write,2, 4)                     = 4,,,,,,,,,,,,,,,,
write,2, 17)       = 17,,,,,,,,,,,,,,,,
openat,AT_FDCWD, O_RDONLY) = -1 ENOENT (No such file or directory),,,,,,,,,,,,,,,,
openat,AT_FDCWD, O_RDONLY) = -1 ENOENT (No such file or directory),,,,,,,,,,,,,,,,
openat,AT_FDCWD, O_RDONLY) = -1 ENOENT (No such file or directory),,,,,,,,,,,,,,,,
openat,AT_FDCWD, O_RDONLY) = -1 ENOENT (No such file or directory),,,,,,,,,,,,,,,,
write,2, 26) = 26,,,,,,,,,,,,,,,,
close,1)                                = 0,,,,,,,,,,,,,,,,,
close,2)                                = 0,,,,,,,,,,,,,,,,,
exit_group,1)                           = ?,,,,,,,,,,,,,,,,,
+++ exited with 1 +++,,,,,,,,,,,,,,,,,,
