Data,,,,,,
execve,/usr/bin/sudo," ""-l""]", 0x7ffef384cd38 /* 50 vars */) = 0,,,
access,/etc/suid-debug,,,,,
brk,NULL)                               = 0x55a8a3138000,,,,,
arch_prctl,0x3001 /* ARCH_??? */,,,,,
fcntl,0,,,,,
fcntl,1,,,,,
fcntl,2,,,,,
access,/etc/suid-debug,,,,,
access,/etc/ld.so.preload,,,,,
openat,AT_FDCWD, O_RDONLY|O_CLOEXEC) = -1 ENOENT (No such file or directory),,,,
stat,/usr/lib/sudo/tls/x86_64/x86_64,,,,,
openat,AT_FDCWD, O_RDONLY|O_CLOEXEC) = -1 ENOENT (No such file or directory),,,,
stat,/usr/lib/sudo/tls/x86_64,,,,,
openat,AT_FDCWD, O_RDONLY|O_CLOEXEC) = -1 ENOENT (No such file or directory),,,,
stat,/usr/lib/sudo/tls/x86_64,,,,,
openat,AT_FDCWD, O_RDONLY|O_CLOEXEC) = -1 ENOENT (No such file or directory),,,,
stat,/usr/lib/sudo/tls,,,,,
openat,AT_FDCWD, O_RDONLY|O_CLOEXEC) = -1 ENOENT (No such file or directory),,,,
stat,/usr/lib/sudo/x86_64/x86_64,,,,,
openat,AT_FDCWD, O_RDONLY|O_CLOEXEC) = -1 ENOENT (No such file or directory),,,,
stat,/usr/lib/sudo/x86_64,,,,,
openat,AT_FDCWD, O_RDONLY|O_CLOEXEC) = -1 ENOENT (No such file or directory),,,,
stat,/usr/lib/sudo/x86_64,,,,,
openat,AT_FDCWD, O_RDONLY|O_CLOEXEC) = -1 ENOENT (No such file or directory),,,,
stat,/usr/lib/sudo, st_size=4096, ...}) = 0,,,
openat,AT_FDCWD, O_RDONLY|O_CLOEXEC) = 3,,,,
fstat,3, st_size=69600, ...}) = 0,,,
mmap,NULL, PROT_READ, MAP_PRIVATE,3, 0) = 0x7f1a5af3a000,
close,3)                                = 0,,,,,
openat,AT_FDCWD, O_RDONLY|O_CLOEXEC) = 3,,,,
read,3, 832) = 832,,,,
fstat,3, st_size=133200, ...}) = 0,,,
mmap,NULL, PROT_READ|PROT_WRITE, MAP_PRIVATE|MAP_ANONYMOUS,-1, 0) = 0x7f1a5af38000,
mmap,NULL, PROT_READ, MAP_PRIVATE|MAP_DENYWRITE,3, 0) = 0x7f1a5af0c000,
mprotect,0x7f1a5af0f000, PROT_NONE) = 0,,,,
mmap,0x7f1a5af0f000, PROT_READ|PROT_EXEC, MAP_PRIVATE|MAP_FIXED|MAP_DENYWRITE,3, 0x3000) = 0x7f1a5af0f000,
mmap,0x7f1a5af17000, PROT_READ, MAP_PRIVATE|MAP_FIXED|MAP_DENYWRITE,3, 0xb000) = 0x7f1a5af17000,
mmap,0x7f1a5af2c000, PROT_READ|PROT_WRITE, MAP_PRIVATE|MAP_FIXED|MAP_DENYWRITE,3, 0x1f000) = 0x7f1a5af2c000,
mmap,0x7f1a5af2e000, PROT_READ|PROT_WRITE, MAP_PRIVATE|MAP_FIXED|MAP_ANONYMOUS,-1, 0) = 0x7f1a5af2e000,
close,3)                                = 0,,,,,
openat,AT_FDCWD, O_RDONLY|O_CLOEXEC) = -1 ENOENT (No such file or directory),,,,
openat,AT_FDCWD, O_RDONLY|O_CLOEXEC) = 3,,,,
read,3, 832) = 832,,,,
fstat,3, st_size=163200, ...}) = 0,,,
mmap,NULL, PROT_READ, MAP_PRIVATE|MAP_DENYWRITE,3, 0) = 0x7f1a5aee1000,
mprotect,0x7f1a5aee7000, PROT_NONE) = 0,,,,
mmap,0x7f1a5aee7000, PROT_READ|PROT_EXEC, MAP_PRIVATE|MAP_FIXED|MAP_DENYWRITE,3, 0x6000) = 0x7f1a5aee7000,
mmap,0x7f1a5af00000, PROT_READ, MAP_PRIVATE|MAP_FIXED|MAP_DENYWRITE,3, 0x1f000) = 0x7f1a5af00000,
mmap,0x7f1a5af08000, PROT_READ|PROT_WRITE, MAP_PRIVATE|MAP_FIXED|MAP_DENYWRITE,3, 0x26000) = 0x7f1a5af08000,
mmap,0x7f1a5af0a000, PROT_READ|PROT_WRITE, MAP_PRIVATE|MAP_FIXED|MAP_ANONYMOUS,-1, 0) = 0x7f1a5af0a000,
close,3)                                = 0,,,,,
openat,AT_FDCWD, O_RDONLY|O_CLOEXEC) = -1 ENOENT (No such file or directory),,,,
openat,AT_FDCWD, O_RDONLY|O_CLOEXEC) = 3,,,,
read,3, 832) = 832,,,,
fstat,3, st_size=14880, ...}) = 0,,,
mmap,NULL, PROT_READ, MAP_PRIVATE|MAP_DENYWRITE,3, 0) = 0x7f1a5aedc000,
mmap,0x7f1a5aedd000, PROT_READ|PROT_EXEC, MAP_PRIVATE|MAP_FIXED|MAP_DENYWRITE,3, 0x1000) = 0x7f1a5aedd000,
mmap,0x7f1a5aede000, PROT_READ, MAP_PRIVATE|MAP_FIXED|MAP_DENYWRITE,3, 0x2000) = 0x7f1a5aede000,
mmap,0x7f1a5aedf000, PROT_READ|PROT_WRITE, MAP_PRIVATE|MAP_FIXED|MAP_DENYWRITE,3, 0x2000) = 0x7f1a5aedf000,
close,3)                                = 0,,,,,
openat,AT_FDCWD, O_RDONLY|O_CLOEXEC) = 3,,,,
read,3, 832) = 832,,,,
fstat,3, st_size=105312, ...}) = 0,,,
mmap,NULL, PROT_READ, MAP_PRIVATE|MAP_DENYWRITE,3, 0) = 0x7f1a5aec1000,
mmap,0x7f1a5aec6000, PROT_READ|PROT_EXEC, MAP_PRIVATE|MAP_FIXED|MAP_DENYWRITE,3, 0x5000) = 0x7f1a5aec6000,
mmap,0x7f1a5aed5000, PROT_READ, MAP_PRIVATE|MAP_FIXED|MAP_DENYWRITE,3, 0x14000) = 0x7f1a5aed5000,
mmap,0x7f1a5aeda000, PROT_READ|PROT_WRITE, MAP_PRIVATE|MAP_FIXED|MAP_DENYWRITE,3, 0x18000) = 0x7f1a5aeda000,
close,3)                                = 0,,,,,
openat,AT_FDCWD, O_RDONLY|O_CLOEXEC) = -1 ENOENT (No such file or directory),,,,
openat,AT_FDCWD, O_RDONLY|O_CLOEXEC) = 3,,,,
read,3, 832) = 832,,,,
pread64,3,784, 64) = 784,,,
pread64,3,32, 848) = 32,,,
pread64,3,68, 880) = 68,,,
fstat,3, st_size=2029592, ...}) = 0,,,
pread64,3,784, 64) = 784,,,
pread64,3,32, 848) = 32,,,
pread64,3,68, 880) = 68,,,
mmap,NULL, PROT_READ, MAP_PRIVATE|MAP_DENYWRITE,3, 0) = 0x7f1a5accf000,
mmap,0x7f1a5acf1000, PROT_READ|PROT_EXEC, MAP_PRIVATE|MAP_FIXED|MAP_DENYWRITE,3, 0x22000) = 0x7f1a5acf1000,
mmap,0x7f1a5ae69000, PROT_READ, MAP_PRIVATE|MAP_FIXED|MAP_DENYWRITE,3, 0x19a000) = 0x7f1a5ae69000,
mmap,0x7f1a5aeb7000, PROT_READ|PROT_WRITE, MAP_PRIVATE|MAP_FIXED|MAP_DENYWRITE,3, 0x1e7000) = 0x7f1a5aeb7000,
mmap,0x7f1a5aebd000, PROT_READ|PROT_WRITE, MAP_PRIVATE|MAP_FIXED|MAP_ANONYMOUS,-1, 0) = 0x7f1a5aebd000,
close,3)                                = 0,,,,,
openat,AT_FDCWD, O_RDONLY|O_CLOEXEC) = 3,,,,
read,3, 832) = 832,,,,
fstat,3, st_size=27064, ...}) = 0,,,
mmap,NULL, PROT_READ, MAP_PRIVATE|MAP_DENYWRITE,3, 0) = 0x7f1a5acc7000,
mmap,0x7f1a5acc9000, PROT_READ|PROT_EXEC, MAP_PRIVATE|MAP_FIXED|MAP_DENYWRITE,3, 0x2000) = 0x7f1a5acc9000,
mmap,0x7f1a5accc000, PROT_READ, MAP_PRIVATE|MAP_FIXED|MAP_DENYWRITE,3, 0x5000) = 0x7f1a5accc000,
mmap,0x7f1a5accd000, PROT_READ|PROT_WRITE, MAP_PRIVATE|MAP_FIXED|MAP_DENYWRITE,3, 0x5000) = 0x7f1a5accd000,
close,3)                                = 0,,,,,
openat,AT_FDCWD, O_RDONLY|O_CLOEXEC) = 3,,,,
read,3, 832) = 832,,,,
fstat,3, st_size=588488, ...}) = 0,,,
mmap,NULL, PROT_READ|PROT_WRITE, MAP_PRIVATE|MAP_ANONYMOUS,-1, 0) = 0x7f1a5acc5000,
mmap,NULL, PROT_READ, MAP_PRIVATE|MAP_DENYWRITE,3, 0) = 0x7f1a5ac34000,
mmap,0x7f1a5ac36000, PROT_READ|PROT_EXEC, MAP_PRIVATE|MAP_FIXED|MAP_DENYWRITE,3, 0x2000) = 0x7f1a5ac36000,
mmap,0x7f1a5ac9b000, PROT_READ, MAP_PRIVATE|MAP_FIXED|MAP_DENYWRITE,3, 0x67000) = 0x7f1a5ac9b000,
mmap,0x7f1a5acc3000, PROT_READ|PROT_WRITE, MAP_PRIVATE|MAP_FIXED|MAP_DENYWRITE,3, 0x8e000) = 0x7f1a5acc3000,
close,3)                                = 0,,,,,
openat,AT_FDCWD, O_RDONLY|O_CLOEXEC) = 3,,,,
read,3, 832) = 832,,,,
fstat,3, st_size=18848, ...}) = 0,,,
mmap,NULL, PROT_READ, MAP_PRIVATE|MAP_DENYWRITE,3, 0) = 0x7f1a5ac2e000,
mmap,0x7f1a5ac2f000, PROT_READ|PROT_EXEC, MAP_PRIVATE|MAP_FIXED|MAP_DENYWRITE,3, 0x1000) = 0x7f1a5ac2f000,
mmap,0x7f1a5ac31000, PROT_READ, MAP_PRIVATE|MAP_FIXED|MAP_DENYWRITE,3, 0x3000) = 0x7f1a5ac31000,
mmap,0x7f1a5ac32000, PROT_READ|PROT_WRITE, MAP_PRIVATE|MAP_FIXED|MAP_DENYWRITE,3, 0x3000) = 0x7f1a5ac32000,
close,3)                                = 0,,,,,
openat,AT_FDCWD, O_RDONLY|O_CLOEXEC) = 3,,,,
read,3, 832) = 832,,,,
pread64,3,68, 824) = 68,,,
fstat,3, st_size=157224, ...}) = 0,,,
pread64,3,68, 824) = 68,,,
mmap,NULL, PROT_READ, MAP_PRIVATE|MAP_DENYWRITE,3, 0) = 0x7f1a5ac0b000,
mmap,0x7f1a5ac11000, PROT_READ|PROT_EXEC, MAP_PRIVATE|MAP_FIXED|MAP_DENYWRITE,3, 0x6000) = 0x7f1a5ac11000,
mmap,0x7f1a5ac22000, PROT_READ, MAP_PRIVATE|MAP_FIXED|MAP_DENYWRITE,3, 0x17000) = 0x7f1a5ac22000,
mmap,0x7f1a5ac28000, PROT_READ|PROT_WRITE, MAP_PRIVATE|MAP_FIXED|MAP_DENYWRITE,3, 0x1c000) = 0x7f1a5ac28000,
mmap,0x7f1a5ac2a000, PROT_READ|PROT_WRITE, MAP_PRIVATE|MAP_FIXED|MAP_ANONYMOUS,-1, 0) = 0x7f1a5ac2a000,
close,3)                                = 0,,,,,
mmap,NULL, PROT_READ|PROT_WRITE, MAP_PRIVATE|MAP_ANONYMOUS,-1, 0) = 0x7f1a5ac09000,
arch_prctl,ARCH_SET_FS,,,,,
mprotect,0x7f1a5aeb7000, PROT_READ) = 0,,,,
mprotect,0x7f1a5ac28000, PROT_READ) = 0,,,,
mprotect,0x7f1a5ac32000, PROT_READ) = 0,,,,
mprotect,0x7f1a5acc3000, PROT_READ) = 0,,,,
mprotect,0x7f1a5accd000, PROT_READ) = 0,,,,
mprotect,0x7f1a5aeda000, PROT_READ) = 0,,,,
mprotect,0x7f1a5aedf000, PROT_READ) = 0,,,,
mprotect,0x7f1a5af08000, PROT_READ) = 0,,,,
mprotect,0x7f1a5af2c000, PROT_READ) = 0,,,,
mprotect,0x55a8a2630000, PROT_READ) = 0,,,,
mprotect,0x7f1a5af78000, PROT_READ) = 0,,,,
munmap,0x7f1a5af3a000,,,,,
set_tid_address,0x7f1a5ac09f50)         = 5097,,,,,
set_robust_list,0x7f1a5ac09f60,,,,,
rt_sigaction,SIGRTMIN, sa_mask=[], sa_flags=SA_RESTORER|SA_SIGINFO, sa_restorer=0x7f1a5ac1f420}, NULL, 8) = 0
rt_sigaction,SIGRT_1, sa_mask=[], sa_flags=SA_RESTORER|SA_RESTART|SA_SIGINFO, sa_restorer=0x7f1a5ac1f420}, NULL, 8) = 0
rt_sigprocmask,SIG_UNBLOCK, NULL, 8) = 0,,,
prlimit64,0, NULL, {rlim_cur=8192*1024, rlim_max=RLIM64_INFINITY}) = 0,,
statfs,/sys/fs/selinux,,,,,
statfs,/selinux,,,,,
brk,NULL)                               = 0x55a8a3138000,,,,,
brk,0x55a8a3159000)                     = 0x55a8a3159000,,,,,
openat,AT_FDCWD, O_RDONLY|O_CLOEXEC) = 3,,,,
fstat,3, st_size=0, ...}) = 0,,,
read,3, 1024) = 387,,,,
read,3, 1024)                       = 0,,,,
close,3)                                = 0,,,,,
access,/etc/selinux/config,,,,,
prlimit64,0, NULL, {rlim_cur=RLIM64_INFINITY, rlim_max=RLIM64_INFINITY}) = 0,,
prlimit64,0, {rlim_cur=RLIM64_INFINITY, rlim_max=RLIM64_INFINITY}, NULL) = 0,,
prlimit64,0, NULL, {rlim_cur=RLIM64_INFINITY, rlim_max=RLIM64_INFINITY}) = 0,,
prlimit64,0, {rlim_cur=RLIM64_INFINITY, rlim_max=RLIM64_INFINITY}, NULL) = 0,,
prlimit64,0, NULL, {rlim_cur=RLIM64_INFINITY, rlim_max=RLIM64_INFINITY}) = 0,,
prlimit64,0, {rlim_cur=RLIM64_INFINITY, rlim_max=RLIM64_INFINITY}, NULL) = 0,,
prlimit64,0, NULL, {rlim_cur=RLIM64_INFINITY, rlim_max=RLIM64_INFINITY}) = 0,,
prlimit64,0, {rlim_cur=RLIM64_INFINITY, rlim_max=RLIM64_INFINITY}, NULL) = 0,,
prlimit64,0, NULL, {rlim_cur=1024, rlim_max=1024*1024}) = 0,,
prlimit64,0, {rlim_cur=RLIM64_INFINITY, rlim_max=RLIM64_INFINITY}, NULL) = -1 EPERM (Operation not permitted),,
prlimit64,0, {rlim_cur=256, rlim_max=RLIM64_INFINITY}, NULL) = -1 EPERM (Operation not permitted),,
prlimit64,0, {rlim_cur=1024*1024, rlim_max=1024*1024}, NULL) = 0,,
prlimit64,0, NULL, {rlim_cur=7586, rlim_max=7586}) = 0,,
prlimit64,0, {rlim_cur=RLIM64_INFINITY, rlim_max=RLIM64_INFINITY}, NULL) = -1 EPERM (Operation not permitted),,
prlimit64,0, {rlim_cur=7586, rlim_max=7586}, NULL) = 0,,
prlimit64,0, NULL, {rlim_cur=RLIM64_INFINITY, rlim_max=RLIM64_INFINITY}) = 0,,
prlimit64,0, {rlim_cur=RLIM64_INFINITY, rlim_max=RLIM64_INFINITY}, NULL) = 0,,
prlimit64,0, NULL, {rlim_cur=8192*1024, rlim_max=RLIM64_INFINITY}) = 0,,
prlimit64,0, {rlim_cur=8192*1024, rlim_max=RLIM64_INFINITY}, NULL) = 0,,
fcntl,0,,,,,
fcntl,1,,,,,
fcntl,2,,,,,
openat,AT_FDCWD, O_RDONLY|O_CLOEXEC) = 3,,,,
fstat,3, st_size=5699248, ...}) = 0,,,
mmap,NULL, PROT_READ, MAP_PRIVATE,3, 0) = 0x7f1a5a699000,
close,3)                                = 0,,,,,
openat,AT_FDCWD, O_RDONLY|O_CLOEXEC) = 3,,,,
fstat,3, st_size=303, ...}) = 0,,,
fstat,3, st_size=303, ...}) = 0,,,
read,3, 4096) = 303,,,,
lseek,3, SEEK_CUR)                = 124,,,,
read,3, 4096) = 179,,,,
close,3)                                = 0,,,,,
stat,/etc/sudo.conf,,,,,
geteuid,)                               = 1000,,,,,
access,/usr/local/sbin/sudo,,,,,
access,/usr/local/bin/sudo,,,,,
access,/usr/sbin/sudo,,,,,
access,/usr/bin/sudo,,,,,
stat,/usr/bin/sudo, st_size=166056, ...}) = 0,,,
openat,AT_FDCWD, O_RDONLY|O_CLOEXEC) = 3,,,,
fstat,3, st_size=2996, ...}) = 0,,,
read,3, 4096) = 2996,,,,
read,3, 4096)                       = 0,,,,
close,3)                                = 0,,,,,
openat,AT_FDCWD, O_RDONLY) = -1 ENOENT (No such file or directory),,,,
openat,AT_FDCWD, O_RDONLY) = -1 ENOENT (No such file or directory),,,,
openat,AT_FDCWD, O_RDONLY) = -1 ENOENT (No such file or directory),,,,
openat,AT_FDCWD, O_RDONLY) = -1 ENOENT (No such file or directory),,,,
write,2, 4)                     = 4,,,,
write,2, 2)                       = 2,,,,
write,2," is /usr/""...", 133) = 133,,,
write,2, 1)                       = 1,,,,
exit_group,1)                           = ?,,,,,
+++ exited with 1 +++,,,,,,
