Data,,,,,
execve,/usr/bin/tail," ""-n"""," ""5"""," ""lecture5.pdf""]", 0x7fff3dede3f8 /* 50 vars */) = 0
brk,NULL)                               = 0x55a79c81f000,,,,
arch_prctl,0x3001 /* ARCH_??? */,,,,
access,/etc/ld.so.preload,,,,
openat,AT_FDCWD, O_RDONLY|O_CLOEXEC) = 3,,,
fstat,3, st_size=69600, ...}) = 0,,
mmap,NULL, PROT_READ, MAP_PRIVATE,3, 0) = 0x7f4ca2324000
close,3)                                = 0,,,,
openat,AT_FDCWD, O_RDONLY|O_CLOEXEC) = 3,,,
read,3, 832) = 832,,,
pread64,3,784, 64) = 784,,
pread64,3,32, 848) = 32,,
pread64,3,68, 880) = 68,,
fstat,3, st_size=2029592, ...}) = 0,,
mmap,NULL, PROT_READ|PROT_WRITE, MAP_PRIVATE|MAP_ANONYMOUS,-1, 0) = 0x7f4ca2322000
pread64,3,784, 64) = 784,,
pread64,3,32, 848) = 32,,
pread64,3,68, 880) = 68,,
mmap,NULL, PROT_READ, MAP_PRIVATE|MAP_DENYWRITE,3, 0) = 0x7f4ca2130000
mmap,0x7f4ca2152000, PROT_READ|PROT_EXEC, MAP_PRIVATE|MAP_FIXED|MAP_DENYWRITE,3, 0x22000) = 0x7f4ca2152000
mmap,0x7f4ca22ca000, PROT_READ, MAP_PRIVATE|MAP_FIXED|MAP_DENYWRITE,3, 0x19a000) = 0x7f4ca22ca000
mmap,0x7f4ca2318000, PROT_READ|PROT_WRITE, MAP_PRIVATE|MAP_FIXED|MAP_DENYWRITE,3, 0x1e7000) = 0x7f4ca2318000
mmap,0x7f4ca231e000, PROT_READ|PROT_WRITE, MAP_PRIVATE|MAP_FIXED|MAP_ANONYMOUS,-1, 0) = 0x7f4ca231e000
close,3)                                = 0,,,,
arch_prctl,ARCH_SET_FS,,,,
mprotect,0x7f4ca2318000, PROT_READ) = 0,,,
mprotect,0x55a79abe0000, PROT_READ) = 0,,,
mprotect,0x7f4ca2362000, PROT_READ) = 0,,,
munmap,0x7f4ca2324000,,,,
openat,AT_FDCWD, O_RDONLY|O_CLOEXEC) = 3,,,
fstat,3, st_size=5699248, ...}) = 0,,
mmap,NULL, PROT_READ, MAP_PRIVATE,3, 0) = 0x7f4ca1bc0000
close,3)                                = 0,,,,
brk,NULL)                               = 0x55a79c81f000,,,,
brk,0x55a79c840000)                     = 0x55a79c840000,,,,
openat,AT_FDCWD, O_RDONLY|O_CLOEXEC) = 3,,,
fstat,3, st_size=2996, ...}) = 0,,
read,3, 4096) = 2996,,,
read,3, 4096)                       = 0,,,
close,3)                                = 0,,,,
openat,AT_FDCWD, O_RDONLY) = -1 ENOENT (No such file or directory),,,
openat,AT_FDCWD, O_RDONLY) = -1 ENOENT (No such file or directory),,,
openat,AT_FDCWD, O_RDONLY) = -1 ENOENT (No such file or directory),,,
openat,AT_FDCWD, O_RDONLY) = 3,,,
fstat,3, st_size=613, ...}) = 0,,
mmap,NULL, PROT_READ, MAP_PRIVATE,3, 0) = 0x7f4ca2361000
close,3)                                = 0,,,,
openat,AT_FDCWD, O_RDONLY) = 3,,,
fstat,3, st_size=6669435, ...}) = 0,,
lseek,3, SEEK_CUR)                   = 0,,,
lseek,3, SEEK_END)                   = 6669435,,,
lseek,3, SEEK_SET)             = 6668288,,,
read,3,"\201\352}\357\254)\224RT\361~\371\1N9""...", 1147) = 1147,,
fstat,1, st_rdev=makedev(0x88, 0), ...}) = 0,
write,1, 10)             = 10,,,
write,1, 7)                 = 7,,,
write,1, 10)             = 10,,,
write,1, 8)                = 8,,,
write,1, 6)                  = 6,,,
read,3, 0)                          = 0,,,
close,3)                                = 0,,,,
close,1)                                = 0,,,,
close,2)                                = 0,,,,
exit_group,0)                           = ?,,,,
+++ exited with 0 +++,,,,,
