Data,,,,,,,,
execve,/usr/bin/tar," ""xvf"""," ""file.tar""]", 0x7fff2e5d59f0 /* 50 vars */) = 0,,,,
brk,NULL)                               = 0x560b23c77000,,,,,,,
arch_prctl,0x3001 /* ARCH_??? */,,,,,,,
access,/etc/ld.so.preload,,,,,,,
openat,AT_FDCWD, O_RDONLY|O_CLOEXEC) = 3,,,,,,
fstat,3, st_size=69600, ...}) = 0,,,,,
mmap,NULL, PROT_READ, MAP_PRIVATE,3, 0) = 0x7f246b940000,,,
close,3)                                = 0,,,,,,,
openat,AT_FDCWD, O_RDONLY|O_CLOEXEC) = 3,,,,,,
read,3, 832) = 832,,,,,,
fstat,3, st_size=39088, ...}) = 0,,,,,
mmap,NULL, PROT_READ|PROT_WRITE, MAP_PRIVATE|MAP_ANONYMOUS,-1, 0) = 0x7f246b93e000,,,
mmap,NULL, PROT_READ, MAP_PRIVATE|MAP_DENYWRITE,3, 0) = 0x7f246b933000,,,
mmap,0x7f246b935000, PROT_READ|PROT_EXEC, MAP_PRIVATE|MAP_FIXED|MAP_DENYWRITE,3, 0x2000) = 0x7f246b935000,,,
mmap,0x7f246b93a000, PROT_READ, MAP_PRIVATE|MAP_FIXED|MAP_DENYWRITE,3, 0x7000) = 0x7f246b93a000,,,
mmap,0x7f246b93c000, PROT_READ|PROT_WRITE, MAP_PRIVATE|MAP_FIXED|MAP_DENYWRITE,3, 0x8000) = 0x7f246b93c000,,,
close,3)                                = 0,,,,,,,
openat,AT_FDCWD, O_RDONLY|O_CLOEXEC) = 3,,,,,,
read,3, 832) = 832,,,,,,
fstat,3, st_size=163200, ...}) = 0,,,,,
mmap,NULL, PROT_READ, MAP_PRIVATE|MAP_DENYWRITE,3, 0) = 0x7f246b908000,,,
mprotect,0x7f246b90e000, PROT_NONE) = 0,,,,,,
mmap,0x7f246b90e000, PROT_READ|PROT_EXEC, MAP_PRIVATE|MAP_FIXED|MAP_DENYWRITE,3, 0x6000) = 0x7f246b90e000,,,
mmap,0x7f246b927000, PROT_READ, MAP_PRIVATE|MAP_FIXED|MAP_DENYWRITE,3, 0x1f000) = 0x7f246b927000,,,
mmap,0x7f246b92f000, PROT_READ|PROT_WRITE, MAP_PRIVATE|MAP_FIXED|MAP_DENYWRITE,3, 0x26000) = 0x7f246b92f000,,,
mmap,0x7f246b931000, PROT_READ|PROT_WRITE, MAP_PRIVATE|MAP_FIXED|MAP_ANONYMOUS,-1, 0) = 0x7f246b931000,,,
close,3)                                = 0,,,,,,,
openat,AT_FDCWD, O_RDONLY|O_CLOEXEC) = 3,,,,,,
read,3, 832) = 832,,,,,,
pread64,3,784, 64) = 784,,,,,
pread64,3,32, 848) = 32,,,,,
pread64,3,68, 880) = 68,,,,,
fstat,3, st_size=2029592, ...}) = 0,,,,,
pread64,3,784, 64) = 784,,,,,
pread64,3,32, 848) = 32,,,,,
pread64,3,68, 880) = 68,,,,,
mmap,NULL, PROT_READ, MAP_PRIVATE|MAP_DENYWRITE,3, 0) = 0x7f246b716000,,,
mmap,0x7f246b738000, PROT_READ|PROT_EXEC, MAP_PRIVATE|MAP_FIXED|MAP_DENYWRITE,3, 0x22000) = 0x7f246b738000,,,
mmap,0x7f246b8b0000, PROT_READ, MAP_PRIVATE|MAP_FIXED|MAP_DENYWRITE,3, 0x19a000) = 0x7f246b8b0000,,,
mmap,0x7f246b8fe000, PROT_READ|PROT_WRITE, MAP_PRIVATE|MAP_FIXED|MAP_DENYWRITE,3, 0x1e7000) = 0x7f246b8fe000,,,
mmap,0x7f246b904000, PROT_READ|PROT_WRITE, MAP_PRIVATE|MAP_FIXED|MAP_ANONYMOUS,-1, 0) = 0x7f246b904000,,,
close,3)                                = 0,,,,,,,
openat,AT_FDCWD, O_RDONLY|O_CLOEXEC) = 3,,,,,,
read,3, 832) = 832,,,,,,
fstat,3, st_size=588488, ...}) = 0,,,,,
mmap,NULL, PROT_READ, MAP_PRIVATE|MAP_DENYWRITE,3, 0) = 0x7f246b685000,,,
mmap,0x7f246b687000, PROT_READ|PROT_EXEC, MAP_PRIVATE|MAP_FIXED|MAP_DENYWRITE,3, 0x2000) = 0x7f246b687000,,,
mmap,0x7f246b6ec000, PROT_READ, MAP_PRIVATE|MAP_FIXED|MAP_DENYWRITE,3, 0x67000) = 0x7f246b6ec000,,,
mmap,0x7f246b714000, PROT_READ|PROT_WRITE, MAP_PRIVATE|MAP_FIXED|MAP_DENYWRITE,3, 0x8e000) = 0x7f246b714000,,,
close,3)                                = 0,,,,,,,
openat,AT_FDCWD, O_RDONLY|O_CLOEXEC) = 3,,,,,,
read,3, 832) = 832,,,,,,
fstat,3, st_size=18848, ...}) = 0,,,,,
mmap,NULL, PROT_READ, MAP_PRIVATE|MAP_DENYWRITE,3, 0) = 0x7f246b67f000,,,
mmap,0x7f246b680000, PROT_READ|PROT_EXEC, MAP_PRIVATE|MAP_FIXED|MAP_DENYWRITE,3, 0x1000) = 0x7f246b680000,,,
mmap,0x7f246b682000, PROT_READ, MAP_PRIVATE|MAP_FIXED|MAP_DENYWRITE,3, 0x3000) = 0x7f246b682000,,,
mmap,0x7f246b683000, PROT_READ|PROT_WRITE, MAP_PRIVATE|MAP_FIXED|MAP_DENYWRITE,3, 0x3000) = 0x7f246b683000,,,
close,3)                                = 0,,,,,,,
openat,AT_FDCWD, O_RDONLY|O_CLOEXEC) = 3,,,,,,
read,3, 832) = 832,,,,,,
pread64,3,68, 824) = 68,,,,,
fstat,3, st_size=157224, ...}) = 0,,,,,
pread64,3,68, 824) = 68,,,,,
mmap,NULL, PROT_READ, MAP_PRIVATE|MAP_DENYWRITE,3, 0) = 0x7f246b65c000,,,
mmap,0x7f246b662000, PROT_READ|PROT_EXEC, MAP_PRIVATE|MAP_FIXED|MAP_DENYWRITE,3, 0x6000) = 0x7f246b662000,,,
mmap,0x7f246b673000, PROT_READ, MAP_PRIVATE|MAP_FIXED|MAP_DENYWRITE,3, 0x17000) = 0x7f246b673000,,,
mmap,0x7f246b679000, PROT_READ|PROT_WRITE, MAP_PRIVATE|MAP_FIXED|MAP_DENYWRITE,3, 0x1c000) = 0x7f246b679000,,,
mmap,0x7f246b67b000, PROT_READ|PROT_WRITE, MAP_PRIVATE|MAP_FIXED|MAP_ANONYMOUS,-1, 0) = 0x7f246b67b000,,,
close,3)                                = 0,,,,,,,
mmap,NULL, PROT_READ|PROT_WRITE, MAP_PRIVATE|MAP_ANONYMOUS,-1, 0) = 0x7f246b65a000,,,
mmap,NULL, PROT_READ|PROT_WRITE, MAP_PRIVATE|MAP_ANONYMOUS,-1, 0) = 0x7f246b657000,,,
arch_prctl,ARCH_SET_FS,,,,,,,
mprotect,0x7f246b8fe000, PROT_READ) = 0,,,,,,
mprotect,0x7f246b679000, PROT_READ) = 0,,,,,,
mprotect,0x7f246b683000, PROT_READ) = 0,,,,,,
mprotect,0x7f246b714000, PROT_READ) = 0,,,,,,
mprotect,0x7f246b92f000, PROT_READ) = 0,,,,,,
mprotect,0x7f246b93c000, PROT_READ) = 0,,,,,,
mprotect,0x560b23bdd000, PROT_READ) = 0,,,,,,
mprotect,0x7f246b97e000, PROT_READ) = 0,,,,,,
munmap,0x7f246b940000,,,,,,,
set_tid_address,0x7f246b657ad0)         = 5328,,,,,,,
set_robust_list,0x7f246b657ae0,,,,,,,
rt_sigaction,SIGRTMIN, sa_mask=[], sa_flags=SA_RESTORER|SA_SIGINFO, sa_restorer=0x7f246b670420}, NULL, 8) = 0,,
rt_sigaction,SIGRT_1, sa_mask=[], sa_flags=SA_RESTORER|SA_RESTART|SA_SIGINFO, sa_restorer=0x7f246b670420}, NULL, 8) = 0,,
rt_sigprocmask,SIG_UNBLOCK, NULL, 8) = 0,,,,,
prlimit64,0, NULL, {rlim_cur=8192*1024, rlim_max=RLIM64_INFINITY}) = 0,,,,
statfs,/sys/fs/selinux,,,,,,,
statfs,/selinux,,,,,,,
brk,NULL)                               = 0x560b23c77000,,,,,,,
brk,0x560b23c98000)                     = 0x560b23c98000,,,,,,,
openat,AT_FDCWD, O_RDONLY|O_CLOEXEC) = 3,,,,,,
fstat,3, st_size=0, ...}) = 0,,,,,
read,3, 1024) = 387,,,,,,
read,3, 1024)                       = 0,,,,,,
close,3)                                = 0,,,,,,,
access,/etc/selinux/config,,,,,,,
openat,AT_FDCWD, O_RDONLY|O_CLOEXEC) = 3,,,,,,
fstat,3, st_size=5699248, ...}) = 0,,,,,
mmap,NULL, PROT_READ, MAP_PRIVATE,3, 0) = 0x7f246b0e7000,,,
close,3)                                = 0,,,,,,,
fcntl,0,,,,,,,
fcntl,1,,,,,,,
fcntl,2,,,,,,,
rt_sigaction,SIGCHLD, sa_mask=[CHLD], sa_flags=SA_RESTORER|SA_RESTART, sa_restorer=0x7f246b759090}, {sa_handler=SIG_DFL, sa_mask=[], sa_flags=0}, 8) = 0
geteuid,)                               = 1000,,,,,,,
umask,000)                              = 002,,,,,,,
umask,002)                              = 000,,,,,,,
openat,AT_FDCWD, O_RDONLY)  = 3,,,,,,
read,3, 10240) = 10240,,,,,,
fstat,3, st_size=10240, ...}) = 0,,,,,
fstat,3, st_size=10240, ...}) = 0,,,,,
close,3)                                = 0,,,,,,,
close,1)                                = 0,,,,,,,
close,2)                                = 0,,,,,,,
exit_group,0)                           = ?,,,,,,,
+++ exited with 0 +++,,,,,,,,
