Data,,,,,
execve,/usr/bin/tee," ""-a"""," ""sample.txt""]", 0x7ffee29e4d30 /* 50 vars */) = 0,
brk,NULL)                               = 0x55b1b60fb000,,,,
arch_prctl,0x3001 /* ARCH_??? */,,,,
access,/etc/ld.so.preload,,,,
openat,AT_FDCWD, O_RDONLY|O_CLOEXEC) = 3,,,
fstat,3, st_size=69600, ...}) = 0,,
mmap,NULL, PROT_READ, MAP_PRIVATE,3, 0) = 0x7f8fa7e8f000
close,3)                                = 0,,,,
openat,AT_FDCWD, O_RDONLY|O_CLOEXEC) = 3,,,
read,3, 832) = 832,,,
pread64,3,784, 64) = 784,,
pread64,3,32, 848) = 32,,
pread64,3,68, 880) = 68,,
fstat,3, st_size=2029592, ...}) = 0,,
mmap,NULL, PROT_READ|PROT_WRITE, MAP_PRIVATE|MAP_ANONYMOUS,-1, 0) = 0x7f8fa7e8d000
pread64,3,784, 64) = 784,,
pread64,3,32, 848) = 32,,
pread64,3,68, 880) = 68,,
mmap,NULL, PROT_READ, MAP_PRIVATE|MAP_DENYWRITE,3, 0) = 0x7f8fa7c9b000
mmap,0x7f8fa7cbd000, PROT_READ|PROT_EXEC, MAP_PRIVATE|MAP_FIXED|MAP_DENYWRITE,3, 0x22000) = 0x7f8fa7cbd000
mmap,0x7f8fa7e35000, PROT_READ, MAP_PRIVATE|MAP_FIXED|MAP_DENYWRITE,3, 0x19a000) = 0x7f8fa7e35000
mmap,0x7f8fa7e83000, PROT_READ|PROT_WRITE, MAP_PRIVATE|MAP_FIXED|MAP_DENYWRITE,3, 0x1e7000) = 0x7f8fa7e83000
mmap,0x7f8fa7e89000, PROT_READ|PROT_WRITE, MAP_PRIVATE|MAP_FIXED|MAP_ANONYMOUS,-1, 0) = 0x7f8fa7e89000
close,3)                                = 0,,,,
arch_prctl,ARCH_SET_FS,,,,
mprotect,0x7f8fa7e83000, PROT_READ) = 0,,,
mprotect,0x55b1b5fd5000, PROT_READ) = 0,,,
mprotect,0x7f8fa7ecd000, PROT_READ) = 0,,,
munmap,0x7f8fa7e8f000,,,,
openat,AT_FDCWD, O_RDONLY|O_CLOEXEC) = 3,,,
fstat,3, st_size=5699248, ...}) = 0,,
mmap,NULL, PROT_READ, MAP_PRIVATE,3, 0) = 0x7f8fa772b000
close,3)                                = 0,,,,
brk,NULL)                               = 0x55b1b60fb000,,,,
brk,0x55b1b611c000)                     = 0x55b1b611c000,,,,
fadvise64,0,0, POSIX_FADV_SEQUENTIAL) = 0,,
openat,AT_FDCWD, O_RDONLY|O_CLOEXEC) = 3,,,
fstat,3, st_size=2996, ...}) = 0,,
read,3, 4096) = 2996,,,
read,3, 4096)                       = 0,,,
close,3)                                = 0,,,,
openat,AT_FDCWD, O_RDONLY) = -1 ENOENT (No such file or directory),,,
openat,AT_FDCWD, O_RDONLY) = -1 ENOENT (No such file or directory),,,
openat,AT_FDCWD, O_RDONLY) = -1 ENOENT (No such file or directory),,,
openat,AT_FDCWD, O_RDONLY) = 3,,,
fstat,3, st_size=613, ...}) = 0,,
mmap,NULL, PROT_READ, MAP_PRIVATE,3, 0) = 0x7f8fa7ecc000
close,3)                                = 0,,,,
openat,AT_FDCWD, O_WRONLY|O_CREAT|O_APPEND, 0666) = 3,,
lseek,3, SEEK_END)                   = 71,,,
read,0, 8192)           = ? ERESTARTSYS (To be restarted if SA_RESTART is set),,,
--- SIGHUP {si_signo=SIGHUP,, si_pid=2282, si_uid=1000} ---,,
+++ killed by SIGHUP +++,,,,,
