Data,,,,,
execve,/usr/bin/touch," ""-m"""," ""sample.txt""]", 0x7ffe03dc7d80 /* 50 vars */) = 0,
brk,NULL)                               = 0x563757b83000,,,,
arch_prctl,0x3001 /* ARCH_??? */,,,,
access,/etc/ld.so.preload,,,,
openat,AT_FDCWD, O_RDONLY|O_CLOEXEC) = 3,,,
fstat,3, st_size=69600, ...}) = 0,,
mmap,NULL, PROT_READ, MAP_PRIVATE,3, 0) = 0x7f9d69616000
close,3)                                = 0,,,,
openat,AT_FDCWD, O_RDONLY|O_CLOEXEC) = 3,,,
read,3, 832) = 832,,,
pread64,3,784, 64) = 784,,
pread64,3,32, 848) = 32,,
pread64,3,68, 880) = 68,,
fstat,3, st_size=2029592, ...}) = 0,,
mmap,NULL, PROT_READ|PROT_WRITE, MAP_PRIVATE|MAP_ANONYMOUS,-1, 0) = 0x7f9d69614000
pread64,3,784, 64) = 784,,
pread64,3,32, 848) = 32,,
pread64,3,68, 880) = 68,,
mmap,NULL, PROT_READ, MAP_PRIVATE|MAP_DENYWRITE,3, 0) = 0x7f9d69422000
mmap,0x7f9d69444000, PROT_READ|PROT_EXEC, MAP_PRIVATE|MAP_FIXED|MAP_DENYWRITE,3, 0x22000) = 0x7f9d69444000
mmap,0x7f9d695bc000, PROT_READ, MAP_PRIVATE|MAP_FIXED|MAP_DENYWRITE,3, 0x19a000) = 0x7f9d695bc000
mmap,0x7f9d6960a000, PROT_READ|PROT_WRITE, MAP_PRIVATE|MAP_FIXED|MAP_DENYWRITE,3, 0x1e7000) = 0x7f9d6960a000
mmap,0x7f9d69610000, PROT_READ|PROT_WRITE, MAP_PRIVATE|MAP_FIXED|MAP_ANONYMOUS,-1, 0) = 0x7f9d69610000
close,3)                                = 0,,,,
mmap,NULL, PROT_READ|PROT_WRITE, MAP_PRIVATE|MAP_ANONYMOUS,-1, 0) = 0x7f9d69420000
arch_prctl,ARCH_SET_FS,,,,
mprotect,0x7f9d6960a000, PROT_READ) = 0,,,
mprotect,0x563757249000, PROT_READ) = 0,,,
mprotect,0x7f9d69654000, PROT_READ) = 0,,,
munmap,0x7f9d69616000,,,,
openat,AT_FDCWD, O_RDONLY|O_CLOEXEC) = 3,,,
fstat,3, st_size=5699248, ...}) = 0,,
mmap,NULL, PROT_READ, MAP_PRIVATE,3, 0) = 0x7f9d68eb0000
close,3)                                = 0,,,,
brk,NULL)                               = 0x563757b83000,,,,
brk,0x563757ba4000)                     = 0x563757ba4000,,,,
openat,AT_FDCWD, O_WRONLY|O_CREAT|O_NOCTTY|O_NONBLOCK, 0666) = 3,,
dup2,3,,,,
close,3)                                = 0,,,,
utimensat,0, [UTIME_OMIT, UTIME_NOW], 0) = 0,
close,0)                                = 0,,,,
close,1)                                = 0,,,,
close,2)                                = 0,,,,
exit_group,0)                           = ?,,,,
+++ exited with 0 +++,,,,,
