Data,,,,,
execve,/usr/bin/uniq," ""sample.txt""]", 0x7ffd3122ce88 /* 50 vars */) = 0,,
brk,NULL)                               = 0x558e16191000,,,,
arch_prctl,0x3001 /* ARCH_??? */,,,,
access,/etc/ld.so.preload,,,,
openat,AT_FDCWD, O_RDONLY|O_CLOEXEC) = 3,,,
fstat,3, st_size=69600, ...}) = 0,,
mmap,NULL, PROT_READ, MAP_PRIVATE,3, 0) = 0x7f4bd7a69000
close,3)                                = 0,,,,
openat,AT_FDCWD, O_RDONLY|O_CLOEXEC) = 3,,,
read,3, 832) = 832,,,
pread64,3,784, 64) = 784,,
pread64,3,32, 848) = 32,,
pread64,3,68, 880) = 68,,
fstat,3, st_size=2029592, ...}) = 0,,
mmap,NULL, PROT_READ|PROT_WRITE, MAP_PRIVATE|MAP_ANONYMOUS,-1, 0) = 0x7f4bd7a67000
pread64,3,784, 64) = 784,,
pread64,3,32, 848) = 32,,
pread64,3,68, 880) = 68,,
mmap,NULL, PROT_READ, MAP_PRIVATE|MAP_DENYWRITE,3, 0) = 0x7f4bd7875000
mmap,0x7f4bd7897000, PROT_READ|PROT_EXEC, MAP_PRIVATE|MAP_FIXED|MAP_DENYWRITE,3, 0x22000) = 0x7f4bd7897000
mmap,0x7f4bd7a0f000, PROT_READ, MAP_PRIVATE|MAP_FIXED|MAP_DENYWRITE,3, 0x19a000) = 0x7f4bd7a0f000
mmap,0x7f4bd7a5d000, PROT_READ|PROT_WRITE, MAP_PRIVATE|MAP_FIXED|MAP_DENYWRITE,3, 0x1e7000) = 0x7f4bd7a5d000
mmap,0x7f4bd7a63000, PROT_READ|PROT_WRITE, MAP_PRIVATE|MAP_FIXED|MAP_ANONYMOUS,-1, 0) = 0x7f4bd7a63000
close,3)                                = 0,,,,
arch_prctl,ARCH_SET_FS,,,,
mprotect,0x7f4bd7a5d000, PROT_READ) = 0,,,
mprotect,0x558e14c60000, PROT_READ) = 0,,,
mprotect,0x7f4bd7aa7000, PROT_READ) = 0,,,
munmap,0x7f4bd7a69000,,,,
openat,AT_FDCWD, O_RDONLY|O_CLOEXEC) = 3,,,
fstat,3, st_size=5699248, ...}) = 0,,
mmap,NULL, PROT_READ, MAP_PRIVATE,3, 0) = 0x7f4bd7305000
close,3)                                = 0,,,,
brk,NULL)                               = 0x558e16191000,,,,
brk,0x558e161b2000)                     = 0x558e161b2000,,,,
openat,AT_FDCWD, O_RDONLY) = 3,,,
dup3,3, 0)                           = 0,,,
close,3)                                = 0,,,,
fadvise64,0,0, POSIX_FADV_SEQUENTIAL) = 0,,
fstat,0, st_size=71, ...}) = 0,,
read,0, 4096) = 71,,,
fstat,1, st_rdev=makedev(0x88, 0), ...}) = 0,
write,1, 9)               = 9,,,
write,1, 9)               = 9,,,
write,1, 7)                 = 7,,,
write,1, 7)                 = 7,,,
write,1, 9)               = 9,,,
write,1, 8)                = 8,,,
write,1, 6)                  = 6,,,
write,1, 12)           = 12,,,
write,1, 1)                       = 1,,,
read,0, 4096)                       = 0,,,
lseek,0, SEEK_CUR)                   = 71,,,
close,0)                                = 0,,,,
close,1)                                = 0,,,,
close,2)                                = 0,,,,
exit_group,0)                           = ?,,,,
+++ exited with 0 +++,,,,,
