Data,,,,,,,,,,,,,,,,,,
execve,/usr/sbin/userdel," ""keshav""]", 0x7ffd6a461248 /* 50 vars */) = 0,,,,,,,,,,,,,,,
brk,NULL)                               = 0x55fb2b2d8000,,,,,,,,,,,,,,,,,
arch_prctl,0x3001 /* ARCH_??? */,,,,,,,,,,,,,,,,,
access,/etc/ld.so.preload,,,,,,,,,,,,,,,,,
openat,AT_FDCWD, O_RDONLY|O_CLOEXEC) = 3,,,,,,,,,,,,,,,,
fstat,3, st_size=69600, ...}) = 0,,,,,,,,,,,,,,,
mmap,NULL, PROT_READ, MAP_PRIVATE,3, 0) = 0x7fae1871e000,,,,,,,,,,,,,
close,3)                                = 0,,,,,,,,,,,,,,,,,
openat,AT_FDCWD, O_RDONLY|O_CLOEXEC) = 3,,,,,,,,,,,,,,,,
read,3, 832) = 832,,,,,,,,,,,,,,,,
fstat,3, st_size=133200, ...}) = 0,,,,,,,,,,,,,,,
mmap,NULL, PROT_READ|PROT_WRITE, MAP_PRIVATE|MAP_ANONYMOUS,-1, 0) = 0x7fae1871c000,,,,,,,,,,,,,
mmap,NULL, PROT_READ, MAP_PRIVATE|MAP_DENYWRITE,3, 0) = 0x7fae186f0000,,,,,,,,,,,,,
mprotect,0x7fae186f3000, PROT_NONE) = 0,,,,,,,,,,,,,,,,
mmap,0x7fae186f3000, PROT_READ|PROT_EXEC, MAP_PRIVATE|MAP_FIXED|MAP_DENYWRITE,3, 0x3000) = 0x7fae186f3000,,,,,,,,,,,,,
mmap,0x7fae186fb000, PROT_READ, MAP_PRIVATE|MAP_FIXED|MAP_DENYWRITE,3, 0xb000) = 0x7fae186fb000,,,,,,,,,,,,,
mmap,0x7fae18710000, PROT_READ|PROT_WRITE, MAP_PRIVATE|MAP_FIXED|MAP_DENYWRITE,3, 0x1f000) = 0x7fae18710000,,,,,,,,,,,,,
mmap,0x7fae18712000, PROT_READ|PROT_WRITE, MAP_PRIVATE|MAP_FIXED|MAP_ANONYMOUS,-1, 0) = 0x7fae18712000,,,,,,,,,,,,,
close,3)                                = 0,,,,,,,,,,,,,,,,,
openat,AT_FDCWD, O_RDONLY|O_CLOEXEC) = 3,,,,,,,,,,,,,,,,
read,3, 832) = 832,,,,,,,,,,,,,,,,
fstat,3, st_size=163200, ...}) = 0,,,,,,,,,,,,,,,
mmap,NULL, PROT_READ, MAP_PRIVATE|MAP_DENYWRITE,3, 0) = 0x7fae186c5000,,,,,,,,,,,,,
mprotect,0x7fae186cb000, PROT_NONE) = 0,,,,,,,,,,,,,,,,
mmap,0x7fae186cb000, PROT_READ|PROT_EXEC, MAP_PRIVATE|MAP_FIXED|MAP_DENYWRITE,3, 0x6000) = 0x7fae186cb000,,,,,,,,,,,,,
mmap,0x7fae186e4000, PROT_READ, MAP_PRIVATE|MAP_FIXED|MAP_DENYWRITE,3, 0x1f000) = 0x7fae186e4000,,,,,,,,,,,,,
mmap,0x7fae186ec000, PROT_READ|PROT_WRITE, MAP_PRIVATE|MAP_FIXED|MAP_DENYWRITE,3, 0x26000) = 0x7fae186ec000,,,,,,,,,,,,,
mmap,0x7fae186ee000, PROT_READ|PROT_WRITE, MAP_PRIVATE|MAP_FIXED|MAP_ANONYMOUS,-1, 0) = 0x7fae186ee000,,,,,,,,,,,,,
close,3)                                = 0,,,,,,,,,,,,,,,,,
openat,AT_FDCWD, O_RDONLY|O_CLOEXEC) = 3,,,,,,,,,,,,,,,,
read,3, 832) = 832,,,,,,,,,,,,,,,,
fstat,3, st_size=268920, ...}) = 0,,,,,,,,,,,,,,,
mmap,NULL, PROT_READ, MAP_PRIVATE|MAP_DENYWRITE,3, 0) = 0x7fae18682000,,,,,,,,,,,,,
mmap,0x7fae1868f000, PROT_READ|PROT_EXEC, MAP_PRIVATE|MAP_FIXED|MAP_DENYWRITE,3, 0xd000) = 0x7fae1868f000,,,,,,,,,,,,,
mmap,0x7fae186b2000, PROT_READ, MAP_PRIVATE|MAP_FIXED|MAP_DENYWRITE,3, 0x30000) = 0x7fae186b2000,,,,,,,,,,,,,
mmap,0x7fae186c2000, PROT_READ|PROT_WRITE, MAP_PRIVATE|MAP_FIXED|MAP_DENYWRITE,3, 0x3f000) = 0x7fae186c2000,,,,,,,,,,,,,
close,3)                                = 0,,,,,,,,,,,,,,,,,
openat,AT_FDCWD, O_RDONLY|O_CLOEXEC) = 3,,,,,,,,,,,,,,,,
read,3, 832) = 832,,,,,,,,,,,,,,,,
pread64,3,784, 64) = 784,,,,,,,,,,,,,,,
pread64,3,32, 848) = 32,,,,,,,,,,,,,,,
pread64,3,68, 880) = 68,,,,,,,,,,,,,,,
fstat,3, st_size=2029592, ...}) = 0,,,,,,,,,,,,,,,
pread64,3,784, 64) = 784,,,,,,,,,,,,,,,
pread64,3,32, 848) = 32,,,,,,,,,,,,,,,
pread64,3,68, 880) = 68,,,,,,,,,,,,,,,
mmap,NULL, PROT_READ, MAP_PRIVATE|MAP_DENYWRITE,3, 0) = 0x7fae18490000,,,,,,,,,,,,,
mmap,0x7fae184b2000, PROT_READ|PROT_EXEC, MAP_PRIVATE|MAP_FIXED|MAP_DENYWRITE,3, 0x22000) = 0x7fae184b2000,,,,,,,,,,,,,
mmap,0x7fae1862a000, PROT_READ, MAP_PRIVATE|MAP_FIXED|MAP_DENYWRITE,3, 0x19a000) = 0x7fae1862a000,,,,,,,,,,,,,
mmap,0x7fae18678000, PROT_READ|PROT_WRITE, MAP_PRIVATE|MAP_FIXED|MAP_DENYWRITE,3, 0x1e7000) = 0x7fae18678000,,,,,,,,,,,,,
mmap,0x7fae1867e000, PROT_READ|PROT_WRITE, MAP_PRIVATE|MAP_FIXED|MAP_ANONYMOUS,-1, 0) = 0x7fae1867e000,,,,,,,,,,,,,
close,3)                                = 0,,,,,,,,,,,,,,,,,
openat,AT_FDCWD, O_RDONLY|O_CLOEXEC) = 3,,,,,,,,,,,,,,,,
read,3, 832) = 832,,,,,,,,,,,,,,,,
fstat,3, st_size=27064, ...}) = 0,,,,,,,,,,,,,,,
mmap,NULL, PROT_READ, MAP_PRIVATE|MAP_DENYWRITE,3, 0) = 0x7fae18488000,,,,,,,,,,,,,
mmap,0x7fae1848a000, PROT_READ|PROT_EXEC, MAP_PRIVATE|MAP_FIXED|MAP_DENYWRITE,3, 0x2000) = 0x7fae1848a000,,,,,,,,,,,,,
mmap,0x7fae1848d000, PROT_READ, MAP_PRIVATE|MAP_FIXED|MAP_DENYWRITE,3, 0x5000) = 0x7fae1848d000,,,,,,,,,,,,,
mmap,0x7fae1848e000, PROT_READ|PROT_WRITE, MAP_PRIVATE|MAP_FIXED|MAP_DENYWRITE,3, 0x5000) = 0x7fae1848e000,,,,,,,,,,,,,
close,3)                                = 0,,,,,,,,,,,,,,,,,
openat,AT_FDCWD, O_RDONLY|O_CLOEXEC) = 3,,,,,,,,,,,,,,,,
read,3, 832) = 832,,,,,,,,,,,,,,,,
fstat,3, st_size=588488, ...}) = 0,,,,,,,,,,,,,,,
mmap,NULL, PROT_READ, MAP_PRIVATE|MAP_DENYWRITE,3, 0) = 0x7fae183f7000,,,,,,,,,,,,,
mmap,0x7fae183f9000, PROT_READ|PROT_EXEC, MAP_PRIVATE|MAP_FIXED|MAP_DENYWRITE,3, 0x2000) = 0x7fae183f9000,,,,,,,,,,,,,
mmap,0x7fae1845e000, PROT_READ, MAP_PRIVATE|MAP_FIXED|MAP_DENYWRITE,3, 0x67000) = 0x7fae1845e000,,,,,,,,,,,,,
mmap,0x7fae18486000, PROT_READ|PROT_WRITE, MAP_PRIVATE|MAP_FIXED|MAP_DENYWRITE,3, 0x8e000) = 0x7fae18486000,,,,,,,,,,,,,
close,3)                                = 0,,,,,,,,,,,,,,,,,
openat,AT_FDCWD, O_RDONLY|O_CLOEXEC) = 3,,,,,,,,,,,,,,,,
read,3, 832) = 832,,,,,,,,,,,,,,,,
fstat,3, st_size=18848, ...}) = 0,,,,,,,,,,,,,,,
mmap,NULL, PROT_READ|PROT_WRITE, MAP_PRIVATE|MAP_ANONYMOUS,-1, 0) = 0x7fae183f5000,,,,,,,,,,,,,
mmap,NULL, PROT_READ, MAP_PRIVATE|MAP_DENYWRITE,3, 0) = 0x7fae183ef000,,,,,,,,,,,,,
mmap,0x7fae183f0000, PROT_READ|PROT_EXEC, MAP_PRIVATE|MAP_FIXED|MAP_DENYWRITE,3, 0x1000) = 0x7fae183f0000,,,,,,,,,,,,,
mmap,0x7fae183f2000, PROT_READ, MAP_PRIVATE|MAP_FIXED|MAP_DENYWRITE,3, 0x3000) = 0x7fae183f2000,,,,,,,,,,,,,
mmap,0x7fae183f3000, PROT_READ|PROT_WRITE, MAP_PRIVATE|MAP_FIXED|MAP_DENYWRITE,3, 0x3000) = 0x7fae183f3000,,,,,,,,,,,,,
close,3)                                = 0,,,,,,,,,,,,,,,,,
openat,AT_FDCWD, O_RDONLY|O_CLOEXEC) = 3,,,,,,,,,,,,,,,,
read,3, 832) = 832,,,,,,,,,,,,,,,,
fstat,3, st_size=713192, ...}) = 0,,,,,,,,,,,,,,,
mmap,NULL, PROT_READ, MAP_PRIVATE|MAP_DENYWRITE,3, 0) = 0x7fae1833e000,,,,,,,,,,,,,
mprotect,0x7fae18345000, PROT_NONE) = 0,,,,,,,,,,,,,,,,
mmap,0x7fae18345000, PROT_READ|PROT_EXEC, MAP_PRIVATE|MAP_FIXED|MAP_DENYWRITE,3, 0x7000) = 0x7fae18345000,,,,,,,,,,,,,
mmap,0x7fae183c1000, PROT_READ, MAP_PRIVATE|MAP_FIXED|MAP_DENYWRITE,3, 0x83000) = 0x7fae183c1000,,,,,,,,,,,,,
mmap,0x7fae183eb000, PROT_READ|PROT_WRITE, MAP_PRIVATE|MAP_FIXED|MAP_DENYWRITE,3, 0xac000) = 0x7fae183eb000,,,,,,,,,,,,,
mmap,0x7fae183ed000, PROT_READ|PROT_WRITE, MAP_PRIVATE|MAP_FIXED|MAP_ANONYMOUS,-1, 0) = 0x7fae183ed000,,,,,,,,,,,,,
close,3)                                = 0,,,,,,,,,,,,,,,,,
openat,AT_FDCWD, O_RDONLY|O_CLOEXEC) = 3,,,,,,,,,,,,,,,,
read,3, 832) = 832,,,,,,,,,,,,,,,,
fstat,3, st_size=74848, ...}) = 0,,,,,,,,,,,,,,,
mmap,NULL, PROT_READ, MAP_PRIVATE|MAP_DENYWRITE,3, 0) = 0x7fae1832b000,,,,,,,,,,,,,
mmap,0x7fae1832d000, PROT_READ|PROT_EXEC, MAP_PRIVATE|MAP_FIXED|MAP_DENYWRITE,3, 0x2000) = 0x7fae1832d000,,,,,,,,,,,,,
mmap,0x7fae1833a000, PROT_READ, MAP_PRIVATE|MAP_FIXED|MAP_DENYWRITE,3, 0xf000) = 0x7fae1833a000,,,,,,,,,,,,,
mmap,0x7fae1833c000, PROT_READ|PROT_WRITE, MAP_PRIVATE|MAP_FIXED|MAP_DENYWRITE,3, 0x10000) = 0x7fae1833c000,,,,,,,,,,,,,
close,3)                                = 0,,,,,,,,,,,,,,,,,
openat,AT_FDCWD, O_RDONLY|O_CLOEXEC) = 3,,,,,,,,,,,,,,,,
read,3, 832) = 832,,,,,,,,,,,,,,,,
pread64,3,68, 824) = 68,,,,,,,,,,,,,,,
fstat,3, st_size=157224, ...}) = 0,,,,,,,,,,,,,,,
pread64,3,68, 824) = 68,,,,,,,,,,,,,,,
mmap,NULL, PROT_READ, MAP_PRIVATE|MAP_DENYWRITE,3, 0) = 0x7fae18308000,,,,,,,,,,,,,
mmap,0x7fae1830e000, PROT_READ|PROT_EXEC, MAP_PRIVATE|MAP_FIXED|MAP_DENYWRITE,3, 0x6000) = 0x7fae1830e000,,,,,,,,,,,,,
mmap,0x7fae1831f000, PROT_READ, MAP_PRIVATE|MAP_FIXED|MAP_DENYWRITE,3, 0x17000) = 0x7fae1831f000,,,,,,,,,,,,,
mmap,0x7fae18325000, PROT_READ|PROT_WRITE, MAP_PRIVATE|MAP_FIXED|MAP_DENYWRITE,3, 0x1c000) = 0x7fae18325000,,,,,,,,,,,,,
mmap,0x7fae18327000, PROT_READ|PROT_WRITE, MAP_PRIVATE|MAP_FIXED|MAP_ANONYMOUS,-1, 0) = 0x7fae18327000,,,,,,,,,,,,,
close,3)                                = 0,,,,,,,,,,,,,,,,,
mmap,NULL, PROT_READ|PROT_WRITE, MAP_PRIVATE|MAP_ANONYMOUS,-1, 0) = 0x7fae18306000,,,,,,,,,,,,,
arch_prctl,ARCH_SET_FS,,,,,,,,,,,,,,,,,
mprotect,0x7fae18678000, PROT_READ) = 0,,,,,,,,,,,,,,,,
mprotect,0x7fae18325000, PROT_READ) = 0,,,,,,,,,,,,,,,,
mprotect,0x7fae1833c000, PROT_READ) = 0,,,,,,,,,,,,,,,,
mprotect,0x7fae183eb000, PROT_READ) = 0,,,,,,,,,,,,,,,,
mprotect,0x7fae183f3000, PROT_READ) = 0,,,,,,,,,,,,,,,,
mprotect,0x7fae18486000, PROT_READ) = 0,,,,,,,,,,,,,,,,
mprotect,0x7fae1848e000, PROT_READ) = 0,,,,,,,,,,,,,,,,
mprotect,0x7fae18710000, PROT_READ) = 0,,,,,,,,,,,,,,,,
mprotect,0x7fae186ec000, PROT_READ) = 0,,,,,,,,,,,,,,,,
mprotect,0x7fae186c2000, PROT_READ) = 0,,,,,,,,,,,,,,,,
mprotect,0x55fb2938d000, PROT_READ) = 0,,,,,,,,,,,,,,,,
mprotect,0x7fae1875c000, PROT_READ) = 0,,,,,,,,,,,,,,,,
munmap,0x7fae1871e000,,,,,,,,,,,,,,,,,
set_tid_address,0x7fae18307550)         = 3544,,,,,,,,,,,,,,,,,
set_robust_list,0x7fae18307560,,,,,,,,,,,,,,,,,
rt_sigaction,SIGRTMIN, sa_mask=[], sa_flags=SA_RESTORER|SA_SIGINFO, sa_restorer=0x7fae1831c420}, NULL, 8) = 0,,,,,,,,,,,,
rt_sigaction,SIGRT_1, sa_mask=[], sa_flags=SA_RESTORER|SA_RESTART|SA_SIGINFO, sa_restorer=0x7fae1831c420}, NULL, 8) = 0,,,,,,,,,,,,
rt_sigprocmask,SIG_UNBLOCK, NULL, 8) = 0,,,,,,,,,,,,,,,
prlimit64,0, NULL, {rlim_cur=8192*1024, rlim_max=RLIM64_INFINITY}) = 0,,,,,,,,,,,,,,
statfs,/sys/fs/selinux,,,,,,,,,,,,,,,,,
statfs,/selinux,,,,,,,,,,,,,,,,,
brk,NULL)                               = 0x55fb2b2d8000,,,,,,,,,,,,,,,,,
brk,0x55fb2b2f9000)                     = 0x55fb2b2f9000,,,,,,,,,,,,,,,,,
openat,AT_FDCWD, O_RDONLY|O_CLOEXEC) = 3,,,,,,,,,,,,,,,,
fstat,3, st_size=0, ...}) = 0,,,,,,,,,,,,,,,
read,3, 1024) = 387,,,,,,,,,,,,,,,,
read,3, 1024)                       = 0,,,,,,,,,,,,,,,,
close,3)                                = 0,,,,,,,,,,,,,,,,,
access,/etc/selinux/config,,,,,,,,,,,,,,,,,
openat,AT_FDCWD, O_RDONLY|O_CLOEXEC) = 3,,,,,,,,,,,,,,,,
fstat,3, st_size=5699248, ...}) = 0,,,,,,,,,,,,,,,
mmap,NULL, PROT_READ, MAP_PRIVATE,3, 0) = 0x7fae17d96000,,,,,,,,,,,,,
close,3)                                = 0,,,,,,,,,,,,,,,,,
socket,AF_NETLINK, NETLINK_AUDIT) = 3,,,,,,,,,,,,,,,,
fcntl,3, FD_CLOEXEC)           = 0,,,,,,,,,,,,,,,,
openat,AT_FDCWD, O_RDONLY) = 4,,,,,,,,,,,,,,,,
fstat,4, st_size=10550, ...}) = 0,,,,,,,,,,,,,,,
read,4, 4096) = 4096,,,,,,,,,,,,,,,,
read,4, 4096) = 4096,,,,,,,,,,,,,,,,
read,4, 4096) = 2358,,,,,,,,,,,,,,,,
read,4, 4096)                       = 0,,,,,,,,,,,,,,,,
close,4)                                = 0,,,,,,,,,,,,,,,,,
access,/etc/shadow,,,,,,,,,,,,,,,,,
access,/etc/gshadow,,,,,,,,,,,,,,,,,
access,/etc/subuid,,,,,,,,,,,,,,,,,
access,/etc/subgid,,,,,,,,,,,,,,,,,
openat,AT_FDCWD, O_RDONLY|O_NOCTTY|O_NONBLOCK|O_NOFOLLOW) = 4,,,,,,,,,,,,,,,,
fcntl,4,,,,,,,,,,,,,,,,,
fcntl,4, FD_CLOEXEC)           = 0,,,,,,,,,,,,,,,,
fstat,4, st_size=2976, ...}) = 0,,,,,,,,,,,,,,,
read,4, 4096) = 2976,,,,,,,,,,,,,,,,
read,4, 4096)                       = 0,,,,,,,,,,,,,,,,
close,4)                                = 0,,,,,,,,,,,,,,,,,
openat,AT_FDCWD, O_RDONLY|O_NOCTTY|O_NONBLOCK|O_NOFOLLOW) = 4,,,,,,,,,,,,,,,,
fcntl,4,,,,,,,,,,,,,,,,,
fcntl,4, FD_CLOEXEC)           = 0,,,,,,,,,,,,,,,,
fstat,4, st_size=43, ...}) = 0,,,,,,,,,,,,,,,
read,4, 4096) = 43,,,,,,,,,,,,,,,,
read,4, 4096)                       = 0,,,,,,,,,,,,,,,,
openat,AT_FDCWD, O_RDONLY|O_NONBLOCK|O_CLOEXEC|O_DIRECTORY) = 5,,,,,,,,,,,,,,,,
fstat,5, st_size=0, ...}) = 0,,,,,,,,,,,,,,,
stat,/, st_size=4096, ...}) = 0,,,,,,,,,,,,,,,
getdents64,5, 32768) = 7448,,,,,,,,,,,,,,,,
stat,/proc/1/root,,,,,,,,,,,,,,,,,
stat,/proc/2/root,,,,,,,,,,,,,,,,,
stat,/proc/3/root,,,,,,,,,,,,,,,,,
stat,/proc/4/root,,,,,,,,,,,,,,,,,
stat,/proc/5/root,,,,,,,,,,,,,,,,,
stat,/proc/6/root,,,,,,,,,,,,,,,,,
stat,/proc/7/root,,,,,,,,,,,,,,,,,
stat,/proc/8/root,,,,,,,,,,,,,,,,,
stat,/proc/9/root,,,,,,,,,,,,,,,,,
stat,/proc/10/root,,,,,,,,,,,,,,,,,
stat,/proc/11/root,,,,,,,,,,,,,,,,,
stat,/proc/12/root,,,,,,,,,,,,,,,,,
stat,/proc/13/root,,,,,,,,,,,,,,,,,
stat,/proc/14/root,,,,,,,,,,,,,,,,,
stat,/proc/15/root,,,,,,,,,,,,,,,,,
stat,/proc/16/root,,,,,,,,,,,,,,,,,
stat,/proc/18/root,,,,,,,,,,,,,,,,,
stat,/proc/19/root,,,,,,,,,,,,,,,,,
stat,/proc/20/root,,,,,,,,,,,,,,,,,
stat,/proc/21/root,,,,,,,,,,,,,,,,,
stat,/proc/22/root,,,,,,,,,,,,,,,,,
stat,/proc/24/root,,,,,,,,,,,,,,,,,
stat,/proc/25/root,,,,,,,,,,,,,,,,,
stat,/proc/26/root,,,,,,,,,,,,,,,,,
stat,/proc/27/root,,,,,,,,,,,,,,,,,
stat,/proc/28/root,,,,,,,,,,,,,,,,,
stat,/proc/29/root,,,,,,,,,,,,,,,,,
stat,/proc/30/root,,,,,,,,,,,,,,,,,
stat,/proc/31/root,,,,,,,,,,,,,,,,,
stat,/proc/32/root,,,,,,,,,,,,,,,,,
stat,/proc/33/root,,,,,,,,,,,,,,,,,
stat,/proc/80/root,,,,,,,,,,,,,,,,,
stat,/proc/81/root,,,,,,,,,,,,,,,,,
stat,/proc/82/root,,,,,,,,,,,,,,,,,
stat,/proc/83/root,,,,,,,,,,,,,,,,,
stat,/proc/84/root,,,,,,,,,,,,,,,,,
stat,/proc/85/root,,,,,,,,,,,,,,,,,
stat,/proc/86/root,,,,,,,,,,,,,,,,,
stat,/proc/87/root,,,,,,,,,,,,,,,,,
stat,/proc/88/root,,,,,,,,,,,,,,,,,
stat,/proc/90/root,,,,,,,,,,,,,,,,,
stat,/proc/92/root,,,,,,,,,,,,,,,,,
stat,/proc/93/root,,,,,,,,,,,,,,,,,
stat,/proc/95/root,,,,,,,,,,,,,,,,,
stat,/proc/96/root,,,,,,,,,,,,,,,,,
stat,/proc/98/root,,,,,,,,,,,,,,,,,
stat,/proc/99/root,,,,,,,,,,,,,,,,,
stat,/proc/100/root,,,,,,,,,,,,,,,,,
stat,/proc/101/root,,,,,,,,,,,,,,,,,
stat,/proc/103/root,,,,,,,,,,,,,,,,,
stat,/proc/105/root,,,,,,,,,,,,,,,,,
stat,/proc/106/root,,,,,,,,,,,,,,,,,
stat,/proc/108/root,,,,,,,,,,,,,,,,,
stat,/proc/117/root,,,,,,,,,,,,,,,,,
stat,/proc/120/root,,,,,,,,,,,,,,,,,
stat,/proc/121/root,,,,,,,,,,,,,,,,,
stat,/proc/126/root,,,,,,,,,,,,,,,,,
stat,/proc/149/root,,,,,,,,,,,,,,,,,
stat,/proc/168/root,,,,,,,,,,,,,,,,,
stat,/proc/169/root,,,,,,,,,,,,,,,,,
stat,/proc/190/root,,,,,,,,,,,,,,,,,
stat,/proc/191/root,,,,,,,,,,,,,,,,,
stat,/proc/230/root,,,,,,,,,,,,,,,,,
stat,/proc/271/root,,,,,,,,,,,,,,,,,
stat,/proc/315/root,,,,,,,,,,,,,,,,,
stat,/proc/318/root,,,,,,,,,,,,,,,,,
stat,/proc/321/root,,,,,,,,,,,,,,,,,
stat,/proc/323/root,,,,,,,,,,,,,,,,,
stat,/proc/324/root,,,,,,,,,,,,,,,,,
stat,/proc/325/root,,,,,,,,,,,,,,,,,
stat,/proc/327/root,,,,,,,,,,,,,,,,,
stat,/proc/328/root,,,,,,,,,,,,,,,,,
stat,/proc/329/root,,,,,,,,,,,,,,,,,
stat,/proc/331/root,,,,,,,,,,,,,,,,,
stat,/proc/332/root,,,,,,,,,,,,,,,,,
stat,/proc/339/root,,,,,,,,,,,,,,,,,
stat,/proc/565/root,,,,,,,,,,,,,,,,,
stat,/proc/566/root,,,,,,,,,,,,,,,,,
stat,/proc/599/root,,,,,,,,,,,,,,,,,
stat,/proc/600/root,,,,,,,,,,,,,,,,,
stat,/proc/604/root,,,,,,,,,,,,,,,,,
stat,/proc/605/root,,,,,,,,,,,,,,,,,
stat,/proc/607/root,,,,,,,,,,,,,,,,,
stat,/proc/609/root,,,,,,,,,,,,,,,,,
stat,/proc/611/root,,,,,,,,,,,,,,,,,
stat,/proc/619/root,,,,,,,,,,,,,,,,,
stat,/proc/625/root,,,,,,,,,,,,,,,,,
stat,/proc/627/root,,,,,,,,,,,,,,,,,
stat,/proc/635/root,,,,,,,,,,,,,,,,,
stat,/proc/642/root,,,,,,,,,,,,,,,,,
stat,/proc/643/root,,,,,,,,,,,,,,,,,
stat,/proc/644/root,,,,,,,,,,,,,,,,,
stat,/proc/645/root,,,,,,,,,,,,,,,,,
stat,/proc/649/root,,,,,,,,,,,,,,,,,
stat,/proc/652/root,,,,,,,,,,,,,,,,,
stat,/proc/658/root,,,,,,,,,,,,,,,,,
stat,/proc/674/root,,,,,,,,,,,,,,,,,
stat,/proc/683/root,,,,,,,,,,,,,,,,,
stat,/proc/688/root,,,,,,,,,,,,,,,,,
stat,/proc/724/root,,,,,,,,,,,,,,,,,
stat,/proc/747/root,,,,,,,,,,,,,,,,,
stat,/proc/750/root,,,,,,,,,,,,,,,,,
stat,/proc/755/root,,,,,,,,,,,,,,,,,
stat,/proc/968/root,,,,,,,,,,,,,,,,,
stat,/proc/974/root,,,,,,,,,,,,,,,,,
stat,/proc/1030/root,,,,,,,,,,,,,,,,,
stat,/proc/1104/root,,,,,,,,,,,,,,,,,
stat,/proc/1296/root,,,,,,,,,,,,,,,,,
stat,/proc/1331/root,,,,,,,,,,,,,,,,,
stat,/proc/1349/root,,,,,,,,,,,,,,,,,
stat,/proc/1357/root, st_size=4096, ...}) = 0,,,,,,,,,,,,,,,
openat,AT_FDCWD, O_RDONLY) = 6,,,,,,,,,,,,,,,,
fstat,6, st_size=0, ...}) = 0,,,,,,,,,,,,,,,
read,6, 1024) = 1024,,,,,,,,,,,,,,,,
close,6)                                = 0,,,,,,,,,,,,,,,,,
close,5)                                = 0,,,,,,,,,,,,,,,,,
close,4)                                = 0,,,,,,,,,,,,,,,,,
openat,AT_FDCWD, O_RDONLY|O_CLOEXEC) = 4,,,,,,,,,,,,,,,,
fstat,4, st_size=2996, ...}) = 0,,,,,,,,,,,,,,,
read,4, 4096) = 2996,,,,,,,,,,,,,,,,
read,4, 4096)                       = 0,,,,,,,,,,,,,,,,
close,4)                                = 0,,,,,,,,,,,,,,,,,
openat,AT_FDCWD, O_RDONLY) = -1 ENOENT (No such file or directory),,,,,,,,,,,,,,,,
openat,AT_FDCWD, O_RDONLY) = -1 ENOENT (No such file or directory),,,,,,,,,,,,,,,,
openat,AT_FDCWD, O_RDONLY) = -1 ENOENT (No such file or directory),,,,,,,,,,,,,,,,
openat,AT_FDCWD, O_RDONLY) = -1 ENOENT (No such file or directory),,,,,,,,,,,,,,,,
write,2, 55) = 55,,,,,,,,,,,,,,,,
readlink,/proc/self/exe, 4096) = 17,,,,,,,,,,,,,,,,
ioctl,0, {B38400 opost isig icanon echo ...}) = 0,,,,,,,,,,,,,,,,
fstat,0, st_rdev=makedev(0x88, 0), ...}) = 0,,,,,,,,,,,,,,
readlink,/proc/self/fd/0, 31) = 10,,,,,,,,,,,,,,,,
stat,/dev/pts/0, st_rdev=makedev(0x88, 0), ...}) = 0,,,,,,,,,,,,,,
lstat,/dev/pts/0, st_rdev=makedev(0x88, 0), ...}) = 0,,,,,,,,,,,,,,
uname,"{sysname=""Linux""", ...}) = 0,,,,,,,,,,,,,,,,
sendto,3, type=0x45b /* NLMSG_??? */, flags=NLM_F_REQUEST|NLM_F_ACK, seq=1, pid=0}," ""\x6f\x70\x3d\x64\x65\x6c\x65\x74\x69\x6e\x67\x20\x75\x73\x65\x72\x20\x6c\x6f\x67\x67\x65\x64\x20\x69\x6e\x20\x61\x63\x63\x74\x3d""...}",144,0, {sa_family=AF_NETLINK, nl_pid=0, nl_groups=00000000}, 12) = 144,,,,,,
poll,[{fd=3,1, 500)   = 1 ([{fd=3, revents=POLLIN}]),,,,,,,,,,,,,,
recvfrom,3, type=NLMSG_ERROR, flags=0, seq=1, pid=3544}, {error=-EPERM, msg={{len=144, type=0x45b /* AUDIT_??? */, flags=NLM_F_REQUEST|NLM_F_ACK, seq=1, pid=0}," ""\x6f\x70\x3d\x64\x65\x6c\x65\x74\x69\x6e\x67\x20\x75\x73\x65\x72\x20\x6c\x6f\x67\x67\x65\x64\x20\x69\x6e\x20\x61\x63\x63\x74\x3d""...}}}",8988, MSG_PEEK|MSG_DONTWAIT, {sa_family=AF_NETLINK, nl_pid=0, nl_groups=00000000}, [12]) = 164
recvfrom,3, type=NLMSG_ERROR, flags=0, seq=1, pid=3544}, {error=-EPERM, msg={{len=144, type=0x45b /* AUDIT_??? */, flags=NLM_F_REQUEST|NLM_F_ACK, seq=1, pid=0}," ""\x6f\x70\x3d\x64\x65\x6c\x65\x74\x69\x6e\x67\x20\x75\x73\x65\x72\x20\x6c\x6f\x67\x67\x65\x64\x20\x69\x6e\x20\x61\x63\x63\x74\x3d""...}}}",8988, MSG_DONTWAIT, {sa_family=AF_NETLINK, nl_pid=0, nl_groups=00000000}, [12]) = 164
capget,{version=0 /* _LINUX_CAPABILITY_VERSION_??? */, NULL) = 0,,,,,,,,,,,,,,,,
gettid,)                                = 3544,,,,,,,,,,,,,,,,,
openat,AT_FDCWD, O_RDONLY) = 4,,,,,,,,,,,,,,,,
read,4, 7)                      = 3,,,,,,,,,,,,,,,,
close,4)                                = 0,,,,,,,,,,,,,,,,,
capget,{version=_LINUX_CAPABILITY_VERSION_3, {effective=0, permitted=0, inheritable=0}) = 0,,,,,,,,,,,,,,
openat,AT_FDCWD, O_RDONLY|O_CLOEXEC) = 4,,,,,,,,,,,,,,,,
fstat,4, st_size=0, ...}) = 0,,,,,,,,,,,,,,,
read,4, 1024) = 1024,,,,,,,,,,,,,,,,
close,4)                                = 0,,,,,,,,,,,,,,,,,
exit_group,8)                           = ?,,,,,,,,,,,,,,,,,
+++ exited with 8 +++,,,,,,,,,,,,,,,,,,
