Data,,,,,,
execve,/usr/bin/sudo," ""useradd"""," ""test_user""]", 0x7ffcc69f3080 /* 51 vars */) = 0,,
access,/etc/suid-debug,,,,,
brk,NULL)                               = 0x55eb8e2d3000,,,,,
arch_prctl,0x3001 /* ARCH_??? */,,,,,
fcntl,0,,,,,
fcntl,1,,,,,
fcntl,2,,,,,
access,/etc/suid-debug,,,,,
access,/etc/ld.so.preload,,,,,
openat,AT_FDCWD, O_RDONLY|O_CLOEXEC) = -1 ENOENT (No such file or directory),,,,
stat,/usr/lib/sudo/tls/x86_64/x86_64,,,,,
openat,AT_FDCWD, O_RDONLY|O_CLOEXEC) = -1 ENOENT (No such file or directory),,,,
stat,/usr/lib/sudo/tls/x86_64,,,,,
openat,AT_FDCWD, O_RDONLY|O_CLOEXEC) = -1 ENOENT (No such file or directory),,,,
stat,/usr/lib/sudo/tls/x86_64,,,,,
openat,AT_FDCWD, O_RDONLY|O_CLOEXEC) = -1 ENOENT (No such file or directory),,,,
stat,/usr/lib/sudo/tls,,,,,
openat,AT_FDCWD, O_RDONLY|O_CLOEXEC) = -1 ENOENT (No such file or directory),,,,
stat,/usr/lib/sudo/x86_64/x86_64,,,,,
openat,AT_FDCWD, O_RDONLY|O_CLOEXEC) = -1 ENOENT (No such file or directory),,,,
stat,/usr/lib/sudo/x86_64,,,,,
openat,AT_FDCWD, O_RDONLY|O_CLOEXEC) = -1 ENOENT (No such file or directory),,,,
stat,/usr/lib/sudo/x86_64,,,,,
openat,AT_FDCWD, O_RDONLY|O_CLOEXEC) = -1 ENOENT (No such file or directory),,,,
stat,/usr/lib/sudo, st_size=4096, ...}) = 0,,,
openat,AT_FDCWD, O_RDONLY|O_CLOEXEC) = 3,,,,
fstat,3, st_size=69600, ...}) = 0,,,
mmap,NULL, PROT_READ, MAP_PRIVATE,3, 0) = 0x7f0ab9123000,
close,3)                                = 0,,,,,
openat,AT_FDCWD, O_RDONLY|O_CLOEXEC) = 3,,,,
read,3, 832) = 832,,,,
fstat,3, st_size=133200, ...}) = 0,,,
mmap,NULL, PROT_READ|PROT_WRITE, MAP_PRIVATE|MAP_ANONYMOUS,-1, 0) = 0x7f0ab9121000,
mmap,NULL, PROT_READ, MAP_PRIVATE|MAP_DENYWRITE,3, 0) = 0x7f0ab90f5000,
mprotect,0x7f0ab90f8000, PROT_NONE) = 0,,,,
mmap,0x7f0ab90f8000, PROT_READ|PROT_EXEC, MAP_PRIVATE|MAP_FIXED|MAP_DENYWRITE,3, 0x3000) = 0x7f0ab90f8000,
mmap,0x7f0ab9100000, PROT_READ, MAP_PRIVATE|MAP_FIXED|MAP_DENYWRITE,3, 0xb000) = 0x7f0ab9100000,
mmap,0x7f0ab9115000, PROT_READ|PROT_WRITE, MAP_PRIVATE|MAP_FIXED|MAP_DENYWRITE,3, 0x1f000) = 0x7f0ab9115000,
mmap,0x7f0ab9117000, PROT_READ|PROT_WRITE, MAP_PRIVATE|MAP_FIXED|MAP_ANONYMOUS,-1, 0) = 0x7f0ab9117000,
close,3)                                = 0,,,,,
openat,AT_FDCWD, O_RDONLY|O_CLOEXEC) = -1 ENOENT (No such file or directory),,,,
openat,AT_FDCWD, O_RDONLY|O_CLOEXEC) = 3,,,,
read,3, 832) = 832,,,,
fstat,3, st_size=163200, ...}) = 0,,,
mmap,NULL, PROT_READ, MAP_PRIVATE|MAP_DENYWRITE,3, 0) = 0x7f0ab90ca000,
mprotect,0x7f0ab90d0000, PROT_NONE) = 0,,,,
mmap,0x7f0ab90d0000, PROT_READ|PROT_EXEC, MAP_PRIVATE|MAP_FIXED|MAP_DENYWRITE,3, 0x6000) = 0x7f0ab90d0000,
mmap,0x7f0ab90e9000, PROT_READ, MAP_PRIVATE|MAP_FIXED|MAP_DENYWRITE,3, 0x1f000) = 0x7f0ab90e9000,
mmap,0x7f0ab90f1000, PROT_READ|PROT_WRITE, MAP_PRIVATE|MAP_FIXED|MAP_DENYWRITE,3, 0x26000) = 0x7f0ab90f1000,
mmap,0x7f0ab90f3000, PROT_READ|PROT_WRITE, MAP_PRIVATE|MAP_FIXED|MAP_ANONYMOUS,-1, 0) = 0x7f0ab90f3000,
close,3)                                = 0,,,,,
openat,AT_FDCWD, O_RDONLY|O_CLOEXEC) = -1 ENOENT (No such file or directory),,,,
openat,AT_FDCWD, O_RDONLY|O_CLOEXEC) = 3,,,,
read,3, 832) = 832,,,,
fstat,3, st_size=14880, ...}) = 0,,,
mmap,NULL, PROT_READ, MAP_PRIVATE|MAP_DENYWRITE,3, 0) = 0x7f0ab90c5000,
mmap,0x7f0ab90c6000, PROT_READ|PROT_EXEC, MAP_PRIVATE|MAP_FIXED|MAP_DENYWRITE,3, 0x1000) = 0x7f0ab90c6000,
mmap,0x7f0ab90c7000, PROT_READ, MAP_PRIVATE|MAP_FIXED|MAP_DENYWRITE,3, 0x2000) = 0x7f0ab90c7000,
mmap,0x7f0ab90c8000, PROT_READ|PROT_WRITE, MAP_PRIVATE|MAP_FIXED|MAP_DENYWRITE,3, 0x2000) = 0x7f0ab90c8000,
close,3)                                = 0,,,,,
openat,AT_FDCWD, O_RDONLY|O_CLOEXEC) = 3,,,,
read,3, 832) = 832,,,,
fstat,3, st_size=105312, ...}) = 0,,,
mmap,NULL, PROT_READ, MAP_PRIVATE|MAP_DENYWRITE,3, 0) = 0x7f0ab90aa000,
mmap,0x7f0ab90af000, PROT_READ|PROT_EXEC, MAP_PRIVATE|MAP_FIXED|MAP_DENYWRITE,3, 0x5000) = 0x7f0ab90af000,
mmap,0x7f0ab90be000, PROT_READ, MAP_PRIVATE|MAP_FIXED|MAP_DENYWRITE,3, 0x14000) = 0x7f0ab90be000,
mmap,0x7f0ab90c3000, PROT_READ|PROT_WRITE, MAP_PRIVATE|MAP_FIXED|MAP_DENYWRITE,3, 0x18000) = 0x7f0ab90c3000,
close,3)                                = 0,,,,,
openat,AT_FDCWD, O_RDONLY|O_CLOEXEC) = -1 ENOENT (No such file or directory),,,,
openat,AT_FDCWD, O_RDONLY|O_CLOEXEC) = 3,,,,
read,3, 832) = 832,,,,
pread64,3,784, 64) = 784,,,
pread64,3,32, 848) = 32,,,
pread64,3,68, 880) = 68,,,
fstat,3, st_size=2029592, ...}) = 0,,,
pread64,3,784, 64) = 784,,,
pread64,3,32, 848) = 32,,,
pread64,3,68, 880) = 68,,,
mmap,NULL, PROT_READ, MAP_PRIVATE|MAP_DENYWRITE,3, 0) = 0x7f0ab8eb8000,
mmap,0x7f0ab8eda000, PROT_READ|PROT_EXEC, MAP_PRIVATE|MAP_FIXED|MAP_DENYWRITE,3, 0x22000) = 0x7f0ab8eda000,
mmap,0x7f0ab9052000, PROT_READ, MAP_PRIVATE|MAP_FIXED|MAP_DENYWRITE,3, 0x19a000) = 0x7f0ab9052000,
mmap,0x7f0ab90a0000, PROT_READ|PROT_WRITE, MAP_PRIVATE|MAP_FIXED|MAP_DENYWRITE,3, 0x1e7000) = 0x7f0ab90a0000,
mmap,0x7f0ab90a6000, PROT_READ|PROT_WRITE, MAP_PRIVATE|MAP_FIXED|MAP_ANONYMOUS,-1, 0) = 0x7f0ab90a6000,
close,3)                                = 0,,,,,
openat,AT_FDCWD, O_RDONLY|O_CLOEXEC) = 3,,,,
read,3, 832) = 832,,,,
fstat,3, st_size=27064, ...}) = 0,,,
mmap,NULL, PROT_READ, MAP_PRIVATE|MAP_DENYWRITE,3, 0) = 0x7f0ab8eb0000,
mmap,0x7f0ab8eb2000, PROT_READ|PROT_EXEC, MAP_PRIVATE|MAP_FIXED|MAP_DENYWRITE,3, 0x2000) = 0x7f0ab8eb2000,
mmap,0x7f0ab8eb5000, PROT_READ, MAP_PRIVATE|MAP_FIXED|MAP_DENYWRITE,3, 0x5000) = 0x7f0ab8eb5000,
mmap,0x7f0ab8eb6000, PROT_READ|PROT_WRITE, MAP_PRIVATE|MAP_FIXED|MAP_DENYWRITE,3, 0x5000) = 0x7f0ab8eb6000,
close,3)                                = 0,,,,,
openat,AT_FDCWD, O_RDONLY|O_CLOEXEC) = 3,,,,
read,3, 832) = 832,,,,
fstat,3, st_size=588488, ...}) = 0,,,
mmap,NULL, PROT_READ|PROT_WRITE, MAP_PRIVATE|MAP_ANONYMOUS,-1, 0) = 0x7f0ab8eae000,
mmap,NULL, PROT_READ, MAP_PRIVATE|MAP_DENYWRITE,3, 0) = 0x7f0ab8e1d000,
mmap,0x7f0ab8e1f000, PROT_READ|PROT_EXEC, MAP_PRIVATE|MAP_FIXED|MAP_DENYWRITE,3, 0x2000) = 0x7f0ab8e1f000,
mmap,0x7f0ab8e84000, PROT_READ, MAP_PRIVATE|MAP_FIXED|MAP_DENYWRITE,3, 0x67000) = 0x7f0ab8e84000,
mmap,0x7f0ab8eac000, PROT_READ|PROT_WRITE, MAP_PRIVATE|MAP_FIXED|MAP_DENYWRITE,3, 0x8e000) = 0x7f0ab8eac000,
close,3)                                = 0,,,,,
openat,AT_FDCWD, O_RDONLY|O_CLOEXEC) = 3,,,,
read,3, 832) = 832,,,,
fstat,3, st_size=18848, ...}) = 0,,,
mmap,NULL, PROT_READ, MAP_PRIVATE|MAP_DENYWRITE,3, 0) = 0x7f0ab8e17000,
mmap,0x7f0ab8e18000, PROT_READ|PROT_EXEC, MAP_PRIVATE|MAP_FIXED|MAP_DENYWRITE,3, 0x1000) = 0x7f0ab8e18000,
mmap,0x7f0ab8e1a000, PROT_READ, MAP_PRIVATE|MAP_FIXED|MAP_DENYWRITE,3, 0x3000) = 0x7f0ab8e1a000,
mmap,0x7f0ab8e1b000, PROT_READ|PROT_WRITE, MAP_PRIVATE|MAP_FIXED|MAP_DENYWRITE,3, 0x3000) = 0x7f0ab8e1b000,
close,3)                                = 0,,,,,
openat,AT_FDCWD, O_RDONLY|O_CLOEXEC) = 3,,,,
read,3, 832) = 832,,,,
pread64,3,68, 824) = 68,,,
fstat,3, st_size=157224, ...}) = 0,,,
pread64,3,68, 824) = 68,,,
mmap,NULL, PROT_READ, MAP_PRIVATE|MAP_DENYWRITE,3, 0) = 0x7f0ab8df4000,
mmap,0x7f0ab8dfa000, PROT_READ|PROT_EXEC, MAP_PRIVATE|MAP_FIXED|MAP_DENYWRITE,3, 0x6000) = 0x7f0ab8dfa000,
mmap,0x7f0ab8e0b000, PROT_READ, MAP_PRIVATE|MAP_FIXED|MAP_DENYWRITE,3, 0x17000) = 0x7f0ab8e0b000,
mmap,0x7f0ab8e11000, PROT_READ|PROT_WRITE, MAP_PRIVATE|MAP_FIXED|MAP_DENYWRITE,3, 0x1c000) = 0x7f0ab8e11000,
mmap,0x7f0ab8e13000, PROT_READ|PROT_WRITE, MAP_PRIVATE|MAP_FIXED|MAP_ANONYMOUS,-1, 0) = 0x7f0ab8e13000,
close,3)                                = 0,,,,,
mmap,NULL, PROT_READ|PROT_WRITE, MAP_PRIVATE|MAP_ANONYMOUS,-1, 0) = 0x7f0ab8df2000,
arch_prctl,ARCH_SET_FS,,,,,
mprotect,0x7f0ab90a0000, PROT_READ) = 0,,,,
mprotect,0x7f0ab8e11000, PROT_READ) = 0,,,,
mprotect,0x7f0ab8e1b000, PROT_READ) = 0,,,,
mprotect,0x7f0ab8eac000, PROT_READ) = 0,,,,
mprotect,0x7f0ab8eb6000, PROT_READ) = 0,,,,
mprotect,0x7f0ab90c3000, PROT_READ) = 0,,,,
mprotect,0x7f0ab90c8000, PROT_READ) = 0,,,,
mprotect,0x7f0ab90f1000, PROT_READ) = 0,,,,
mprotect,0x7f0ab9115000, PROT_READ) = 0,,,,
mprotect,0x55eb8cf03000, PROT_READ) = 0,,,,
mprotect,0x7f0ab9161000, PROT_READ) = 0,,,,
munmap,0x7f0ab9123000,,,,,
set_tid_address,0x7f0ab8df2f50)         = 13723,,,,,
set_robust_list,0x7f0ab8df2f60,,,,,
rt_sigaction,SIGRTMIN, sa_mask=[], sa_flags=SA_RESTORER|SA_SIGINFO, sa_restorer=0x7f0ab8e08420}, NULL, 8) = 0
rt_sigaction,SIGRT_1, sa_mask=[], sa_flags=SA_RESTORER|SA_RESTART|SA_SIGINFO, sa_restorer=0x7f0ab8e08420}, NULL, 8) = 0
rt_sigprocmask,SIG_UNBLOCK, NULL, 8) = 0,,,
prlimit64,0, NULL, {rlim_cur=8192*1024, rlim_max=RLIM64_INFINITY}) = 0,,
statfs,/sys/fs/selinux,,,,,
statfs,/selinux,,,,,
brk,NULL)                               = 0x55eb8e2d3000,,,,,
brk,0x55eb8e2f4000)                     = 0x55eb8e2f4000,,,,,
openat,AT_FDCWD, O_RDONLY|O_CLOEXEC) = 3,,,,
fstat,3, st_size=0, ...}) = 0,,,
read,3, 1024) = 387,,,,
read,3, 1024)                       = 0,,,,
close,3)                                = 0,,,,,
access,/etc/selinux/config,,,,,
prlimit64,0, NULL, {rlim_cur=RLIM64_INFINITY, rlim_max=RLIM64_INFINITY}) = 0,,
prlimit64,0, {rlim_cur=RLIM64_INFINITY, rlim_max=RLIM64_INFINITY}, NULL) = 0,,
prlimit64,0, NULL, {rlim_cur=RLIM64_INFINITY, rlim_max=RLIM64_INFINITY}) = 0,,
prlimit64,0, {rlim_cur=RLIM64_INFINITY, rlim_max=RLIM64_INFINITY}, NULL) = 0,,
prlimit64,0, NULL, {rlim_cur=RLIM64_INFINITY, rlim_max=RLIM64_INFINITY}) = 0,,
prlimit64,0, {rlim_cur=RLIM64_INFINITY, rlim_max=RLIM64_INFINITY}, NULL) = 0,,
prlimit64,0, NULL, {rlim_cur=RLIM64_INFINITY, rlim_max=RLIM64_INFINITY}) = 0,,
prlimit64,0, {rlim_cur=RLIM64_INFINITY, rlim_max=RLIM64_INFINITY}, NULL) = 0,,
prlimit64,0, NULL, {rlim_cur=1024, rlim_max=1024*1024}) = 0,,
prlimit64,0, {rlim_cur=RLIM64_INFINITY, rlim_max=RLIM64_INFINITY}, NULL) = -1 EPERM (Operation not permitted),,
prlimit64,0, {rlim_cur=256, rlim_max=RLIM64_INFINITY}, NULL) = -1 EPERM (Operation not permitted),,
prlimit64,0, {rlim_cur=1024*1024, rlim_max=1024*1024}, NULL) = 0,,
prlimit64,0, NULL, {rlim_cur=7586, rlim_max=7586}) = 0,,
prlimit64,0, {rlim_cur=RLIM64_INFINITY, rlim_max=RLIM64_INFINITY}, NULL) = -1 EPERM (Operation not permitted),,
prlimit64,0, {rlim_cur=7586, rlim_max=7586}, NULL) = 0,,
prlimit64,0, NULL, {rlim_cur=RLIM64_INFINITY, rlim_max=RLIM64_INFINITY}) = 0,,
prlimit64,0, {rlim_cur=RLIM64_INFINITY, rlim_max=RLIM64_INFINITY}, NULL) = 0,,
prlimit64,0, NULL, {rlim_cur=8192*1024, rlim_max=RLIM64_INFINITY}) = 0,,
prlimit64,0, {rlim_cur=8192*1024, rlim_max=RLIM64_INFINITY}, NULL) = 0,,
fcntl,0,,,,,
fcntl,1,,,,,
fcntl,2,,,,,
openat,AT_FDCWD, O_RDONLY|O_CLOEXEC) = 3,,,,
fstat,3, st_size=5699248, ...}) = 0,,,
mmap,NULL, PROT_READ, MAP_PRIVATE,3, 0) = 0x7f0ab8882000,
close,3)                                = 0,,,,,
openat,AT_FDCWD, O_RDONLY|O_CLOEXEC) = 3,,,,
fstat,3, st_size=303, ...}) = 0,,,
fstat,3, st_size=303, ...}) = 0,,,
read,3, 4096) = 303,,,,
lseek,3, SEEK_CUR)                = 124,,,,
read,3, 4096) = 179,,,,
close,3)                                = 0,,,,,
stat,/etc/sudo.conf,,,,,
geteuid,)                               = 1000,,,,,
access,/usr/local/sbin/sudo,,,,,
access,/usr/local/bin/sudo,,,,,
access,/usr/sbin/sudo,,,,,
access,/usr/bin/sudo,,,,,
stat,/usr/bin/sudo, st_size=166056, ...}) = 0,,,
openat,AT_FDCWD, O_RDONLY|O_CLOEXEC) = 3,,,,
fstat,3, st_size=2996, ...}) = 0,,,
read,3, 4096) = 2996,,,,
read,3, 4096)                       = 0,,,,
close,3)                                = 0,,,,,
openat,AT_FDCWD, O_RDONLY) = -1 ENOENT (No such file or directory),,,,
openat,AT_FDCWD, O_RDONLY) = -1 ENOENT (No such file or directory),,,,
openat,AT_FDCWD, O_RDONLY) = -1 ENOENT (No such file or directory),,,,
openat,AT_FDCWD, O_RDONLY) = -1 ENOENT (No such file or directory),,,,
write,2, 4)                     = 4,,,,
write,2, 2)                       = 2,,,,
write,2," is /usr/""...", 133) = 133,,,
write,2, 1)                       = 1,,,,
exit_group,1)                           = ?,,,,,
+++ exited with 1 +++,,,,,,
