Data,,,,,,
execve,/usr/bin/vmstat," ""-a""]", 0x7ffd60bfd5f8 /* 50 vars */) = 0,,,
brk,NULL)                               = 0x557f40812000,,,,,
arch_prctl,0x3001 /* ARCH_??? */,,,,,
access,/etc/ld.so.preload,,,,,
openat,AT_FDCWD, O_RDONLY|O_CLOEXEC) = 3,,,,
fstat,3, st_size=69600, ...}) = 0,,,
mmap,NULL, PROT_READ, MAP_PRIVATE,3, 0) = 0x7f54f5c12000,
close,3)                                = 0,,,,,
openat,AT_FDCWD, O_RDONLY|O_CLOEXEC) = 3,,,,
read,3, 832) = 832,,,,
fstat,3, st_size=80072, ...}) = 0,,,
mmap,NULL, PROT_READ|PROT_WRITE, MAP_PRIVATE|MAP_ANONYMOUS,-1, 0) = 0x7f54f5c10000,
mmap,NULL, PROT_READ, MAP_PRIVATE|MAP_DENYWRITE,3, 0) = 0x7f54f5be8000,
mmap,0x7f54f5bec000, PROT_READ|PROT_EXEC, MAP_PRIVATE|MAP_FIXED|MAP_DENYWRITE,3, 0x4000) = 0x7f54f5bec000,
mmap,0x7f54f5bf6000, PROT_READ, MAP_PRIVATE|MAP_FIXED|MAP_DENYWRITE,3, 0xe000) = 0x7f54f5bf6000,
mmap,0x7f54f5bfa000, PROT_READ|PROT_WRITE, MAP_PRIVATE|MAP_FIXED|MAP_DENYWRITE,3, 0x11000) = 0x7f54f5bfa000,
mmap,0x7f54f5bfd000, PROT_READ|PROT_WRITE, MAP_PRIVATE|MAP_FIXED|MAP_ANONYMOUS,-1, 0) = 0x7f54f5bfd000,
close,3)                                = 0,,,,,
openat,AT_FDCWD, O_RDONLY|O_CLOEXEC) = 3,,,,
read,3, 832) = 832,,,,
pread64,3,784, 64) = 784,,,
pread64,3,32, 848) = 32,,,
pread64,3,68, 880) = 68,,,
fstat,3, st_size=2029592, ...}) = 0,,,
pread64,3,784, 64) = 784,,,
pread64,3,32, 848) = 32,,,
pread64,3,68, 880) = 68,,,
mmap,NULL, PROT_READ, MAP_PRIVATE|MAP_DENYWRITE,3, 0) = 0x7f54f59f6000,
mmap,0x7f54f5a18000, PROT_READ|PROT_EXEC, MAP_PRIVATE|MAP_FIXED|MAP_DENYWRITE,3, 0x22000) = 0x7f54f5a18000,
mmap,0x7f54f5b90000, PROT_READ, MAP_PRIVATE|MAP_FIXED|MAP_DENYWRITE,3, 0x19a000) = 0x7f54f5b90000,
mmap,0x7f54f5bde000, PROT_READ|PROT_WRITE, MAP_PRIVATE|MAP_FIXED|MAP_DENYWRITE,3, 0x1e7000) = 0x7f54f5bde000,
mmap,0x7f54f5be4000, PROT_READ|PROT_WRITE, MAP_PRIVATE|MAP_FIXED|MAP_ANONYMOUS,-1, 0) = 0x7f54f5be4000,
close,3)                                = 0,,,,,
openat,AT_FDCWD, O_RDONLY|O_CLOEXEC) = 3,,,,
read,3, 832) = 832,,,,
fstat,3, st_size=709496, ...}) = 0,,,
mmap,NULL, PROT_READ, MAP_PRIVATE|MAP_DENYWRITE,3, 0) = 0x7f54f5947000,
mmap,0x7f54f5957000, PROT_READ|PROT_EXEC, MAP_PRIVATE|MAP_FIXED|MAP_DENYWRITE,3, 0x10000) = 0x7f54f5957000,
mmap,0x7f54f59cc000, PROT_READ, MAP_PRIVATE|MAP_FIXED|MAP_DENYWRITE,3, 0x85000) = 0x7f54f59cc000,
mmap,0x7f54f59f1000, PROT_READ|PROT_WRITE, MAP_PRIVATE|MAP_FIXED|MAP_DENYWRITE,3, 0xa9000) = 0x7f54f59f1000,
mmap,0x7f54f59f5000, PROT_READ|PROT_WRITE, MAP_PRIVATE|MAP_FIXED|MAP_ANONYMOUS,-1, 0) = 0x7f54f59f5000,
close,3)                                = 0,,,,,
openat,AT_FDCWD, O_RDONLY|O_CLOEXEC) = 3,,,,
read,3, 832) = 832,,,,
fstat,3, st_size=18848, ...}) = 0,,,
mmap,NULL, PROT_READ, MAP_PRIVATE|MAP_DENYWRITE,3, 0) = 0x7f54f5941000,
mmap,0x7f54f5942000, PROT_READ|PROT_EXEC, MAP_PRIVATE|MAP_FIXED|MAP_DENYWRITE,3, 0x1000) = 0x7f54f5942000,
mmap,0x7f54f5944000, PROT_READ, MAP_PRIVATE|MAP_FIXED|MAP_DENYWRITE,3, 0x3000) = 0x7f54f5944000,
mmap,0x7f54f5945000, PROT_READ|PROT_WRITE, MAP_PRIVATE|MAP_FIXED|MAP_DENYWRITE,3, 0x3000) = 0x7f54f5945000,
close,3)                                = 0,,,,,
openat,AT_FDCWD, O_RDONLY|O_CLOEXEC) = 3,,,,
read,3, 832) = 832,,,,
fstat,3, st_size=35960, ...}) = 0,,,
mmap,NULL, PROT_READ, MAP_PRIVATE|MAP_DENYWRITE,3, 0) = 0x7f54f5937000,
mmap,0x7f54f5939000, PROT_READ|PROT_EXEC, MAP_PRIVATE|MAP_FIXED|MAP_DENYWRITE,3, 0x2000) = 0x7f54f5939000,
mmap,0x7f54f593d000, PROT_READ, MAP_PRIVATE|MAP_FIXED|MAP_DENYWRITE,3, 0x6000) = 0x7f54f593d000,
mmap,0x7f54f593f000, PROT_READ|PROT_WRITE, MAP_PRIVATE|MAP_FIXED|MAP_DENYWRITE,3, 0x7000) = 0x7f54f593f000,
close,3)                                = 0,,,,,
openat,AT_FDCWD, O_RDONLY|O_CLOEXEC) = 3,,,,
read,3, 832) = 832,,,,
fstat,3, st_size=162264, ...}) = 0,,,
mmap,NULL, PROT_READ, MAP_PRIVATE|MAP_DENYWRITE,3, 0) = 0x7f54f590e000,
mprotect,0x7f54f5911000, PROT_NONE) = 0,,,,
mmap,0x7f54f5911000, PROT_READ|PROT_EXEC, MAP_PRIVATE|MAP_FIXED|MAP_DENYWRITE,3, 0x3000) = 0x7f54f5911000,
mmap,0x7f54f5929000, PROT_READ, MAP_PRIVATE|MAP_FIXED|MAP_DENYWRITE,3, 0x1b000) = 0x7f54f5929000,
mmap,0x7f54f5935000, PROT_READ|PROT_WRITE, MAP_PRIVATE|MAP_FIXED|MAP_DENYWRITE,3, 0x26000) = 0x7f54f5935000,
close,3)                                = 0,,,,,
openat,AT_FDCWD, O_RDONLY|O_CLOEXEC) = 3,,,,
read,3, 832) = 832,,,,
fstat,3, st_size=129248, ...}) = 0,,,
mmap,NULL, PROT_READ|PROT_WRITE, MAP_PRIVATE|MAP_ANONYMOUS,-1, 0) = 0x7f54f590c000,
mmap,NULL, PROT_READ, MAP_PRIVATE|MAP_DENYWRITE,3, 0) = 0x7f54f58eb000,
mmap,0x7f54f58ed000, PROT_READ|PROT_EXEC, MAP_PRIVATE|MAP_FIXED|MAP_DENYWRITE,3, 0x2000) = 0x7f54f58ed000,
mmap,0x7f54f5907000, PROT_READ, MAP_PRIVATE|MAP_FIXED|MAP_DENYWRITE,3, 0x1c000) = 0x7f54f5907000,
mmap,0x7f54f590a000, PROT_READ|PROT_WRITE, MAP_PRIVATE|MAP_FIXED|MAP_DENYWRITE,3, 0x1e000) = 0x7f54f590a000,
close,3)                                = 0,,,,,
openat,AT_FDCWD, O_RDONLY|O_CLOEXEC) = 3,,,,
read,3, 832) = 832,,,,
fstat,3, st_size=1168056, ...}) = 0,,,
mmap,NULL, PROT_READ, MAP_PRIVATE|MAP_DENYWRITE,3, 0) = 0x7f54f57cd000,
mmap,0x7f54f57d9000, PROT_READ|PROT_EXEC, MAP_PRIVATE|MAP_FIXED|MAP_DENYWRITE,3, 0xc000) = 0x7f54f57d9000,
mmap,0x7f54f58a7000, PROT_READ, MAP_PRIVATE|MAP_FIXED|MAP_DENYWRITE,3, 0xda000) = 0x7f54f58a7000,
mmap,0x7f54f58e4000, PROT_READ|PROT_WRITE, MAP_PRIVATE|MAP_FIXED|MAP_DENYWRITE,3, 0x116000) = 0x7f54f58e4000,
close,3)                                = 0,,,,,
openat,AT_FDCWD, O_RDONLY|O_CLOEXEC) = 3,,,,
read,3, 832) = 832,,,,
pread64,3,68, 824) = 68,,,
fstat,3, st_size=157224, ...}) = 0,,,
pread64,3,68, 824) = 68,,,
mmap,NULL, PROT_READ, MAP_PRIVATE|MAP_DENYWRITE,3, 0) = 0x7f54f57aa000,
mmap,0x7f54f57b0000, PROT_READ|PROT_EXEC, MAP_PRIVATE|MAP_FIXED|MAP_DENYWRITE,3, 0x6000) = 0x7f54f57b0000,
mmap,0x7f54f57c1000, PROT_READ, MAP_PRIVATE|MAP_FIXED|MAP_DENYWRITE,3, 0x17000) = 0x7f54f57c1000,
mmap,0x7f54f57c7000, PROT_READ|PROT_WRITE, MAP_PRIVATE|MAP_FIXED|MAP_DENYWRITE,3, 0x1c000) = 0x7f54f57c7000,
mmap,0x7f54f57c9000, PROT_READ|PROT_WRITE, MAP_PRIVATE|MAP_FIXED|MAP_ANONYMOUS,-1, 0) = 0x7f54f57c9000,
close,3)                                = 0,,,,,
openat,AT_FDCWD, O_RDONLY|O_CLOEXEC) = 3,,,,
read,3, 832) = 832,,,,
fstat,3, st_size=137584, ...}) = 0,,,
mmap,NULL, PROT_READ, MAP_PRIVATE|MAP_DENYWRITE,3, 0) = 0x7f54f5787000,
mmap,0x7f54f578b000, PROT_READ|PROT_EXEC, MAP_PRIVATE|MAP_FIXED|MAP_DENYWRITE,3, 0x4000) = 0x7f54f578b000,
mmap,0x7f54f579e000, PROT_READ, MAP_PRIVATE|MAP_FIXED|MAP_DENYWRITE,3, 0x17000) = 0x7f54f579e000,
mmap,0x7f54f57a8000, PROT_READ|PROT_WRITE, MAP_PRIVATE|MAP_FIXED|MAP_DENYWRITE,3, 0x20000) = 0x7f54f57a8000,
close,3)                                = 0,,,,,
mmap,NULL, PROT_READ|PROT_WRITE, MAP_PRIVATE|MAP_ANONYMOUS,-1, 0) = 0x7f54f5785000,
mmap,NULL, PROT_READ|PROT_WRITE, MAP_PRIVATE|MAP_ANONYMOUS,-1, 0) = 0x7f54f5782000,
arch_prctl,ARCH_SET_FS,,,,,
mprotect,0x7f54f5bde000, PROT_READ) = 0,,,,
mprotect,0x7f54f57a8000, PROT_READ) = 0,,,,
mprotect,0x7f54f57c7000, PROT_READ) = 0,,,,
mprotect,0x7f54f58e4000, PROT_READ) = 0,,,,
mprotect,0x7f54f590a000, PROT_READ) = 0,,,,
mprotect,0x7f54f5935000, PROT_READ) = 0,,,,
mprotect,0x7f54f593f000, PROT_READ) = 0,,,,
mprotect,0x7f54f5945000, PROT_READ) = 0,,,,
mprotect,0x7f54f59f1000, PROT_READ) = 0,,,,
mprotect,0x7f54f5bfa000, PROT_READ) = 0,,,,
mprotect,0x557f3f2f8000, PROT_READ) = 0,,,,
mprotect,0x7f54f5c50000, PROT_READ) = 0,,,,
munmap,0x7f54f5c12000,,,,,
set_tid_address,0x7f54f5782a90)         = 5772,,,,,
set_robust_list,0x7f54f5782aa0,,,,,
rt_sigaction,SIGRTMIN, sa_mask=[], sa_flags=SA_RESTORER|SA_SIGINFO, sa_restorer=0x7f54f57be420}, NULL, 8) = 0
rt_sigaction,SIGRT_1, sa_mask=[], sa_flags=SA_RESTORER|SA_RESTART|SA_SIGINFO, sa_restorer=0x7f54f57be420}, NULL, 8) = 0
rt_sigprocmask,SIG_UNBLOCK, NULL, 8) = 0,,,
prlimit64,0, NULL, {rlim_cur=8192*1024, rlim_max=RLIM64_INFINITY}) = 0,,
brk,NULL)                               = 0x557f40812000,,,,,
brk,0x557f40833000)                     = 0x557f40833000,,,,,
openat,AT_FDCWD, O_RDONLY) = 3,,,,
fstat,3, st_size=0, ...}) = 0,,,
read,3, 1024) = 336,,,,
close,3)                                = 0,,,,,
openat,AT_FDCWD, O_RDONLY) = 3,,,,
fstat,3, st_size=0, ...}) = 0,,,
read,3, 1024)    = 18,,,,
close,3)                                = 0,,,,,
openat,AT_FDCWD, O_RDONLY|O_CLOEXEC) = 3,,,,
read,3, 8192)                  = 4,,,,
close,3)                                = 0,,,,,
openat,AT_FDCWD, O_RDONLY) = 3,,,,
fstat,3, st_size=0, ...}) = 0,,,
read,3, 1024) = 336,,,,
close,3)                                = 0,,,,,
openat,AT_FDCWD, O_RDONLY|O_CLOEXEC) = 3,,,,
fstat,3, st_size=5699248, ...}) = 0,,,
mmap,NULL, PROT_READ, MAP_PRIVATE,3, 0) = 0x7f54f5212000,
close,3)                                = 0,,,,,
ioctl,1, {ws_row=24, ws_col=80, ws_xpixel=0, ws_ypixel=0}) = 0,
openat,AT_FDCWD, O_RDONLY|O_CLOEXEC) = 3,,,,
fstat,3, st_size=2996, ...}) = 0,,,
read,3, 4096) = 2996,,,,
read,3, 4096)                       = 0,,,,
close,3)                                = 0,,,,,
openat,AT_FDCWD, O_RDONLY) = -1 ENOENT (No such file or directory),,,,
openat,AT_FDCWD, O_RDONLY) = -1 ENOENT (No such file or directory),,,,
openat,AT_FDCWD, O_RDONLY) = -1 ENOENT (No such file or directory),,,,
openat,AT_FDCWD, O_RDONLY) = -1 ENOENT (No such file or directory),,,,
fstat,1, st_rdev=makedev(0x88, 0), ...}) = 0,,
write,1, 81) = 81,,,,
write,1, 81) = 81,,,,
openat,AT_FDCWD, O_RDONLY) = 3,,,,
fstat,3, st_size=0, ...}) = 0,,,
read,3, 1024)    = 18,,,,
close,3)                                = 0,,,,,
openat,AT_FDCWD, O_RDONLY) = 3,,,,
lseek,3, SEEK_SET)                   = 0,,,,
read,3, 8191) = 1391,,,,
openat,AT_FDCWD, O_RDONLY) = 4,,,,
read,4, 65535) = 1203,,,,
openat,AT_FDCWD, O_RDONLY) = 5,,,,
lseek,5, SEEK_SET)                   = 0,,,,
read,5, 8191) = 3344,,,,
write,1, 81) = 81,,,,
close,1)                                = 0,,,,,
close,2)                                = 0,,,,,
exit_group,0)                           = ?,,,,,
+++ exited with 0 +++,,,,,,
