Data,,,,,
execve,/usr/bin/wall," ""-V""]", 0x7ffc4cf5f508 /* 50 vars */) = 0,,
access,/etc/suid-debug,,,,
brk,NULL)                               = 0x56440db97000,,,,
arch_prctl,0x3001 /* ARCH_??? */,,,,
fcntl,0,,,,
fcntl,1,,,,
fcntl,2,,,,
access,/etc/suid-debug,,,,
access,/etc/ld.so.preload,,,,
openat,AT_FDCWD, O_RDONLY|O_CLOEXEC) = 3,,,
fstat,3, st_size=69600, ...}) = 0,,
mmap,NULL, PROT_READ, MAP_PRIVATE,3, 0) = 0x7f313b111000
close,3)                                = 0,,,,
openat,AT_FDCWD, O_RDONLY|O_CLOEXEC) = 3,,,
read,3, 832) = 832,,,
pread64,3,784, 64) = 784,,
pread64,3,32, 848) = 32,,
pread64,3,68, 880) = 68,,
fstat,3, st_size=2029592, ...}) = 0,,
mmap,NULL, PROT_READ|PROT_WRITE, MAP_PRIVATE|MAP_ANONYMOUS,-1, 0) = 0x7f313b10f000
pread64,3,784, 64) = 784,,
pread64,3,32, 848) = 32,,
pread64,3,68, 880) = 68,,
mmap,NULL, PROT_READ, MAP_PRIVATE|MAP_DENYWRITE,3, 0) = 0x7f313af1d000
mmap,0x7f313af3f000, PROT_READ|PROT_EXEC, MAP_PRIVATE|MAP_FIXED|MAP_DENYWRITE,3, 0x22000) = 0x7f313af3f000
mmap,0x7f313b0b7000, PROT_READ, MAP_PRIVATE|MAP_FIXED|MAP_DENYWRITE,3, 0x19a000) = 0x7f313b0b7000
mmap,0x7f313b105000, PROT_READ|PROT_WRITE, MAP_PRIVATE|MAP_FIXED|MAP_DENYWRITE,3, 0x1e7000) = 0x7f313b105000
mmap,0x7f313b10b000, PROT_READ|PROT_WRITE, MAP_PRIVATE|MAP_FIXED|MAP_ANONYMOUS,-1, 0) = 0x7f313b10b000
close,3)                                = 0,,,,
arch_prctl,ARCH_SET_FS,,,,
mprotect,0x7f313b105000, PROT_READ) = 0,,,
mprotect,0x56440c6b6000, PROT_READ) = 0,,,
mprotect,0x7f313b14f000, PROT_READ) = 0,,,
munmap,0x7f313b111000,,,,
openat,AT_FDCWD, O_RDONLY|O_CLOEXEC) = 3,,,
fstat,3, st_size=5699248, ...}) = 0,,
mmap,NULL, PROT_READ, MAP_PRIVATE,3, 0) = 0x7f313a9ad000
close,3)                                = 0,,,,
brk,NULL)                               = 0x56440db97000,,,,
brk,0x56440dbb8000)                     = 0x56440dbb8000,,,,
openat,AT_FDCWD, O_RDONLY|O_CLOEXEC) = 3,,,
fstat,3, st_size=2996, ...}) = 0,,
read,3, 4096) = 2996,,,
read,3, 4096)                       = 0,,,
close,3)                                = 0,,,,
openat,AT_FDCWD, O_RDONLY) = -1 ENOENT (No such file or directory),,,
openat,AT_FDCWD, O_RDONLY) = -1 ENOENT (No such file or directory),,,
openat,AT_FDCWD, O_RDONLY) = -1 ENOENT (No such file or directory),,,
openat,AT_FDCWD, O_RDONLY) = -1 ENOENT (No such file or directory),,,
fstat,1, st_rdev=makedev(0x88, 0), ...}) = 0,
write,1, 26) = 26,,,
close,1)                                = 0,,,,
close,2)                                = 0,,,,
exit_group,0)                           = ?,,,,
+++ exited with 0 +++,,,,,
