Data,,,,,
execve,/usr/bin/wc," ""sample.txt""]", 0x7ffc27e3b6e8 /* 50 vars */) = 0,,
brk,NULL)                               = 0x5647953c2000,,,,
arch_prctl,0x3001 /* ARCH_??? */,,,,
access,/etc/ld.so.preload,,,,
openat,AT_FDCWD, O_RDONLY|O_CLOEXEC) = 3,,,
fstat,3, st_size=69600, ...}) = 0,,
mmap,NULL, PROT_READ, MAP_PRIVATE,3, 0) = 0x7fbbc41e9000
close,3)                                = 0,,,,
openat,AT_FDCWD, O_RDONLY|O_CLOEXEC) = 3,,,
read,3, 832) = 832,,,
pread64,3,784, 64) = 784,,
pread64,3,32, 848) = 32,,
pread64,3,68, 880) = 68,,
fstat,3, st_size=2029592, ...}) = 0,,
mmap,NULL, PROT_READ|PROT_WRITE, MAP_PRIVATE|MAP_ANONYMOUS,-1, 0) = 0x7fbbc41e7000
pread64,3,784, 64) = 784,,
pread64,3,32, 848) = 32,,
pread64,3,68, 880) = 68,,
mmap,NULL, PROT_READ, MAP_PRIVATE|MAP_DENYWRITE,3, 0) = 0x7fbbc3ff5000
mmap,0x7fbbc4017000, PROT_READ|PROT_EXEC, MAP_PRIVATE|MAP_FIXED|MAP_DENYWRITE,3, 0x22000) = 0x7fbbc4017000
mmap,0x7fbbc418f000, PROT_READ, MAP_PRIVATE|MAP_FIXED|MAP_DENYWRITE,3, 0x19a000) = 0x7fbbc418f000
mmap,0x7fbbc41dd000, PROT_READ|PROT_WRITE, MAP_PRIVATE|MAP_FIXED|MAP_DENYWRITE,3, 0x1e7000) = 0x7fbbc41dd000
mmap,0x7fbbc41e3000, PROT_READ|PROT_WRITE, MAP_PRIVATE|MAP_FIXED|MAP_ANONYMOUS,-1, 0) = 0x7fbbc41e3000
close,3)                                = 0,,,,
arch_prctl,ARCH_SET_FS,,,,
mprotect,0x7fbbc41dd000, PROT_READ) = 0,,,
mprotect,0x564793fb4000, PROT_READ) = 0,,,
mprotect,0x7fbbc4227000, PROT_READ) = 0,,,
munmap,0x7fbbc41e9000,,,,
openat,AT_FDCWD, O_RDONLY|O_CLOEXEC) = 3,,,
fstat,3, st_size=5699248, ...}) = 0,,
mmap,NULL, PROT_READ, MAP_PRIVATE,3, 0) = 0x7fbbc3a85000
close,3)                                = 0,,,,
brk,NULL)                               = 0x5647953c2000,,,,
brk,0x5647953e3000)                     = 0x5647953e3000,,,,
stat,sample.txt, st_size=71, ...}) = 0,,
openat,AT_FDCWD, O_RDONLY) = 3,,,
fadvise64,3,0, POSIX_FADV_SEQUENTIAL) = 0,,
read,3, 16384) = 71,,,
openat,AT_FDCWD, O_RDONLY) = 4,,,
fstat,4, st_size=27002, ...}) = 0,,
mmap,NULL, PROT_READ, MAP_SHARED,4, 0) = 0x7fbbc41f3000
close,4)                                = 0,,,,
read,3, 16384)                      = 0,,,
fstat,1, st_rdev=makedev(0x88, 0), ...}) = 0,
write,1, 20)   = 20,,,
close,3)                                = 0,,,,
close,1)                                = 0,,,,
close,2)                                = 0,,,,
exit_group,0)                           = ?,,,,
+++ exited with 0 +++,,,,,
