Data,,,,,,
execve,/usr/bin/zcat," ""-f"""," ""sample.txt""]", 0x7fff54651680 /* 50 vars */) = 0,,
brk,NULL)                               = 0x559d7f032000,,,,,
arch_prctl,0x3001 /* ARCH_??? */,,,,,
access,/etc/ld.so.preload,,,,,
openat,AT_FDCWD, O_RDONLY|O_CLOEXEC) = 3,,,,
fstat,3, st_size=69600, ...}) = 0,,,
mmap,NULL, PROT_READ, MAP_PRIVATE,3, 0) = 0x7f736df3e000,
close,3)                                = 0,,,,,
openat,AT_FDCWD, O_RDONLY|O_CLOEXEC) = 3,,,,
read,3, 832) = 832,,,,
pread64,3,784, 64) = 784,,,
pread64,3,32, 848) = 32,,,
pread64,3,68, 880) = 68,,,
fstat,3, st_size=2029592, ...}) = 0,,,
mmap,NULL, PROT_READ|PROT_WRITE, MAP_PRIVATE|MAP_ANONYMOUS,-1, 0) = 0x7f736df3c000,
pread64,3,784, 64) = 784,,,
pread64,3,32, 848) = 32,,,
pread64,3,68, 880) = 68,,,
mmap,NULL, PROT_READ, MAP_PRIVATE|MAP_DENYWRITE,3, 0) = 0x7f736dd4a000,
mmap,0x7f736dd6c000, PROT_READ|PROT_EXEC, MAP_PRIVATE|MAP_FIXED|MAP_DENYWRITE,3, 0x22000) = 0x7f736dd6c000,
mmap,0x7f736dee4000, PROT_READ, MAP_PRIVATE|MAP_FIXED|MAP_DENYWRITE,3, 0x19a000) = 0x7f736dee4000,
mmap,0x7f736df32000, PROT_READ|PROT_WRITE, MAP_PRIVATE|MAP_FIXED|MAP_DENYWRITE,3, 0x1e7000) = 0x7f736df32000,
mmap,0x7f736df38000, PROT_READ|PROT_WRITE, MAP_PRIVATE|MAP_FIXED|MAP_ANONYMOUS,-1, 0) = 0x7f736df38000,
close,3)                                = 0,,,,,
arch_prctl,ARCH_SET_FS,,,,,
mprotect,0x7f736df32000, PROT_READ) = 0,,,,
mprotect,0x559d7d51c000, PROT_READ) = 0,,,,
mprotect,0x7f736df7c000, PROT_READ) = 0,,,,
munmap,0x7f736df3e000,,,,,
getuid,)                                = 1000,,,,,
getgid,)                                = 1000,,,,,
getpid,)                                = 9819,,,,,
rt_sigaction,SIGCHLD, sa_mask=~[RTMIN RT_1], sa_flags=SA_RESTORER, sa_restorer=0x7f736dd8d090}, NULL, 8) = 0
geteuid,)                               = 1000,,,,,
brk,NULL)                               = 0x559d7f032000,,,,,
brk,0x559d7f053000)                     = 0x559d7f053000,,,,,
getppid,)                               = 9816,,,,,
stat,/home/keshav/Keshav_demo, st_size=4096, ...}) = 0,,,
stat,., st_size=4096, ...}) = 0,,,
openat,AT_FDCWD, O_RDONLY) = 3,,,,
fcntl,3, 10)                   = 10,,,,
close,3)                                = 0,,,,,
fcntl,10, FD_CLOEXEC)          = 0,,,,
geteuid,)                               = 1000,,,,,
getegid,)                               = 1000,,,,,
rt_sigaction,SIGINT, {sa_handler=SIG_DFL, sa_mask=[], sa_flags=0}, 8) = 0,
rt_sigaction,SIGINT, sa_mask=~[RTMIN RT_1], sa_flags=SA_RESTORER, sa_restorer=0x7f736dd8d090}, NULL, 8) = 0
rt_sigaction,SIGQUIT, {sa_handler=SIG_DFL, sa_mask=[], sa_flags=0}, 8) = 0,
rt_sigaction,SIGQUIT, sa_mask=~[RTMIN RT_1], sa_flags=SA_RESTORER, sa_restorer=0x7f736dd8d090}, NULL, 8) = 0
rt_sigaction,SIGTERM, {sa_handler=SIG_DFL, sa_mask=[], sa_flags=0}, 8) = 0,
rt_sigaction,SIGTERM, sa_mask=~[RTMIN RT_1], sa_flags=SA_RESTORER, sa_restorer=0x7f736dd8d090}, NULL, 8) = 0
read,10, 8192) = 1984,,,,
execve,/usr/local/sbin/gzip," ""-cd"""," ""-f"""," ""sample.txt""]", 0x559d7f032c88 /* 50 vars */) = -1 ENOENT (No such file or directory),
execve,/usr/local/bin/gzip," ""-cd"""," ""-f"""," ""sample.txt""]", 0x559d7f032c88 /* 50 vars */) = -1 ENOENT (No such file or directory),
execve,/usr/sbin/gzip," ""-cd"""," ""-f"""," ""sample.txt""]", 0x559d7f032c88 /* 50 vars */) = -1 ENOENT (No such file or directory),
execve,/usr/bin/gzip," ""-cd"""," ""-f"""," ""sample.txt""]", 0x559d7f032c88 /* 50 vars */) = 0,
brk,NULL)                               = 0x5618d5281000,,,,,
arch_prctl,0x3001 /* ARCH_??? */,,,,,
access,/etc/ld.so.preload,,,,,
openat,AT_FDCWD, O_RDONLY|O_CLOEXEC) = 3,,,,
fstat,3, st_size=69600, ...}) = 0,,,
mmap,NULL, PROT_READ, MAP_PRIVATE,3, 0) = 0x7fc114cd3000,
close,3)                                = 0,,,,,
openat,AT_FDCWD, O_RDONLY|O_CLOEXEC) = 3,,,,
read,3, 832) = 832,,,,
pread64,3,784, 64) = 784,,,
pread64,3,32, 848) = 32,,,
pread64,3,68, 880) = 68,,,
fstat,3, st_size=2029592, ...}) = 0,,,
mmap,NULL, PROT_READ|PROT_WRITE, MAP_PRIVATE|MAP_ANONYMOUS,-1, 0) = 0x7fc114cd1000,
pread64,3,784, 64) = 784,,,
pread64,3,32, 848) = 32,,,
pread64,3,68, 880) = 68,,,
mmap,NULL, PROT_READ, MAP_PRIVATE|MAP_DENYWRITE,3, 0) = 0x7fc114adf000,
mmap,0x7fc114b01000, PROT_READ|PROT_EXEC, MAP_PRIVATE|MAP_FIXED|MAP_DENYWRITE,3, 0x22000) = 0x7fc114b01000,
mmap,0x7fc114c79000, PROT_READ, MAP_PRIVATE|MAP_FIXED|MAP_DENYWRITE,3, 0x19a000) = 0x7fc114c79000,
mmap,0x7fc114cc7000, PROT_READ|PROT_WRITE, MAP_PRIVATE|MAP_FIXED|MAP_DENYWRITE,3, 0x1e7000) = 0x7fc114cc7000,
mmap,0x7fc114ccd000, PROT_READ|PROT_WRITE, MAP_PRIVATE|MAP_FIXED|MAP_ANONYMOUS,-1, 0) = 0x7fc114ccd000,
close,3)                                = 0,,,,,
mmap,NULL, PROT_READ|PROT_WRITE, MAP_PRIVATE|MAP_ANONYMOUS,-1, 0) = 0x7fc114add000,
arch_prctl,ARCH_SET_FS,,,,,
mprotect,0x7fc114cc7000, PROT_READ) = 0,,,,
mprotect,0x5618d3295000, PROT_READ) = 0,,,,
mprotect,0x7fc114d11000, PROT_READ) = 0,,,,
munmap,0x7fc114cd3000,,,,,
rt_sigaction,SIGINT, {sa_handler=SIG_DFL, sa_mask=[], sa_flags=0}, 8) = 0,
rt_sigaction,SIGHUP, {sa_handler=SIG_DFL, sa_mask=[], sa_flags=0}, 8) = 0,
rt_sigaction,SIGPIPE, {sa_handler=SIG_DFL, sa_mask=[], sa_flags=0}, 8) = 0,
rt_sigaction,SIGTERM, {sa_handler=SIG_DFL, sa_mask=[], sa_flags=0}, 8) = 0,
rt_sigaction,SIGXCPU, {sa_handler=SIG_DFL, sa_mask=[], sa_flags=0}, 8) = 0,
rt_sigaction,SIGXFSZ, {sa_handler=SIG_DFL, sa_mask=[], sa_flags=0}, 8) = 0,
rt_sigaction,SIGINT, sa_mask=[HUP INT PIPE TERM XCPU XFSZ], sa_flags=SA_RESTORER, sa_restorer=0x7fc114b22090}, NULL, 8) = 0
rt_sigaction,SIGHUP, sa_mask=[HUP INT PIPE TERM XCPU XFSZ], sa_flags=SA_RESTORER, sa_restorer=0x7fc114b22090}, NULL, 8) = 0
rt_sigaction,SIGPIPE, sa_mask=[HUP INT PIPE TERM XCPU XFSZ], sa_flags=SA_RESTORER, sa_restorer=0x7fc114b22090}, NULL, 8) = 0
rt_sigaction,SIGTERM, sa_mask=[HUP INT PIPE TERM XCPU XFSZ], sa_flags=SA_RESTORER, sa_restorer=0x7fc114b22090}, NULL, 8) = 0
rt_sigaction,SIGXCPU, sa_mask=[HUP INT PIPE TERM XCPU XFSZ], sa_flags=SA_RESTORER, sa_restorer=0x7fc114b22090}, NULL, 8) = 0
rt_sigaction,SIGXFSZ, sa_mask=[HUP INT PIPE TERM XCPU XFSZ], sa_flags=SA_RESTORER, sa_restorer=0x7fc114b22090}, NULL, 8) = 0
openat,AT_FDCWD, O_RDONLY|O_DIRECTORY) = 3,,,,
openat,3, O_RDONLY|O_NOCTTY|O_NONBLOCK) = 4,,,,
fstat,4, st_size=71, ...}) = 0,,,
read,4, 262144) = 71,,,,
read,4, 262073)                     = 0,,,,
write,1, 1)                        = 1,,,,
write,1, 70) = 70,,,,
read,4, 262144)                     = 0,,,,
close,4)                                = 0,,,,,
close,1)                                = 0,,,,,
exit_group,0)                           = ?,,,,,
+++ exited with 0 +++,,,,,,
