Data,,,,,,
execve,/usr/bin/zdiff," ""sample.txt"""," ""sample1.txt""]", 0x7ffefae105d0 /* 50 vars */) = 0,,
brk,NULL)                               = 0x55a2227da000,,,,,
arch_prctl,0x3001 /* ARCH_??? */,,,,,
access,/etc/ld.so.preload,,,,,
openat,AT_FDCWD, O_RDONLY|O_CLOEXEC) = 3,,,,
fstat,3, st_size=69600, ...}) = 0,,,
mmap,NULL, PROT_READ, MAP_PRIVATE,3, 0) = 0x7f2b272ec000,
close,3)                                = 0,,,,,
openat,AT_FDCWD, O_RDONLY|O_CLOEXEC) = 3,,,,
read,3, 832) = 832,,,,
pread64,3,784, 64) = 784,,,
pread64,3,32, 848) = 32,,,
pread64,3,68, 880) = 68,,,
fstat,3, st_size=2029592, ...}) = 0,,,
mmap,NULL, PROT_READ|PROT_WRITE, MAP_PRIVATE|MAP_ANONYMOUS,-1, 0) = 0x7f2b272ea000,
pread64,3,784, 64) = 784,,,
pread64,3,32, 848) = 32,,,
pread64,3,68, 880) = 68,,,
mmap,NULL, PROT_READ, MAP_PRIVATE|MAP_DENYWRITE,3, 0) = 0x7f2b270f8000,
mmap,0x7f2b2711a000, PROT_READ|PROT_EXEC, MAP_PRIVATE|MAP_FIXED|MAP_DENYWRITE,3, 0x22000) = 0x7f2b2711a000,
mmap,0x7f2b27292000, PROT_READ, MAP_PRIVATE|MAP_FIXED|MAP_DENYWRITE,3, 0x19a000) = 0x7f2b27292000,
mmap,0x7f2b272e0000, PROT_READ|PROT_WRITE, MAP_PRIVATE|MAP_FIXED|MAP_DENYWRITE,3, 0x1e7000) = 0x7f2b272e0000,
mmap,0x7f2b272e6000, PROT_READ|PROT_WRITE, MAP_PRIVATE|MAP_FIXED|MAP_ANONYMOUS,-1, 0) = 0x7f2b272e6000,
close,3)                                = 0,,,,,
arch_prctl,ARCH_SET_FS,,,,,
mprotect,0x7f2b272e0000, PROT_READ) = 0,,,,
mprotect,0x55a221cd2000, PROT_READ) = 0,,,,
mprotect,0x7f2b2732a000, PROT_READ) = 0,,,,
munmap,0x7f2b272ec000,,,,,
getuid,)                                = 1000,,,,,
getgid,)                                = 1000,,,,,
getpid,)                                = 5786,,,,,
rt_sigaction,SIGCHLD, sa_mask=~[RTMIN RT_1], sa_flags=SA_RESTORER, sa_restorer=0x7f2b2713b090}, NULL, 8) = 0
geteuid,)                               = 1000,,,,,
brk,NULL)                               = 0x55a2227da000,,,,,
brk,0x55a2227fb000)                     = 0x55a2227fb000,,,,,
getppid,)                               = 5783,,,,,
stat,/home/keshav/Keshav_demo, st_size=4096, ...}) = 0,,,
stat,., st_size=4096, ...}) = 0,,,
openat,AT_FDCWD, O_RDONLY) = 3,,,,
fcntl,3, 10)                   = 10,,,,
close,3)                                = 0,,,,,
fcntl,10, FD_CLOEXEC)          = 0,,,,
geteuid,)                               = 1000,,,,,
getegid,)                               = 1000,,,,,
rt_sigaction,SIGINT, {sa_handler=SIG_DFL, sa_mask=[], sa_flags=0}, 8) = 0,
rt_sigaction,SIGINT, sa_mask=~[RTMIN RT_1], sa_flags=SA_RESTORER, sa_restorer=0x7f2b2713b090}, NULL, 8) = 0
rt_sigaction,SIGQUIT, {sa_handler=SIG_DFL, sa_mask=[], sa_flags=0}, 8) = 0,
rt_sigaction,SIGQUIT, sa_mask=~[RTMIN RT_1], sa_flags=SA_RESTORER, sa_restorer=0x7f2b2713b090}, NULL, 8) = 0
rt_sigaction,SIGTERM, {sa_handler=SIG_DFL, sa_mask=[], sa_flags=0}, 8) = 0,
rt_sigaction,SIGTERM, sa_mask=~[RTMIN RT_1], sa_flags=SA_RESTORER, sa_restorer=0x7f2b2713b090}, NULL, 8) = 0
read,10, 8192) = 5898,,,,
openat,AT_FDCWD, O_RDONLY) = 3,,,,
fcntl,0, 10)                   = 11,,,,
close,0)                                = 0,,,,,
fcntl,11, FD_CLOEXEC)          = 0,,,,
dup2,3,,,,,
close,3)                                = 0,,,,,
dup2,11,,,,,
close,11)                               = 0,,,,,
openat,AT_FDCWD, O_RDONLY) = 3,,,,
fcntl,0, 10)                   = 11,,,,
close,0)                                = 0,,,,,
fcntl,11, FD_CLOEXEC)          = 0,,,,
dup2,3,,,,,
close,3)                                = 0,,,,,
dup2,11,,,,,
close,11)                               = 0,,,,,
fcntl,3, 10)                   = -1 EBADF (Bad file descriptor),,,,
dup2,1,,,,,
stat,/usr/local/sbin/diff,,,,,
stat,/usr/local/bin/diff,,,,,
stat,/usr/sbin/diff,,,,,
stat,/usr/bin/diff, st_size=219480, ...}) = 0,,,
clone,child_stack=NULL, child_tidptr=0x7f2b272eb850) = 5787,,,,
wait4,-1,0, NULL) = 5787,,,
--- SIGCHLD {si_signo=SIGCHLD,, si_pid=5787, si_uid=1000, si_status=1, si_utime=0, si_stime=0} ---
rt_sigreturn,{mask=[]})                 = 5787,,,,,
wait4,-1, WNOHANG, NULL) = -1 ECHILD (No child processes),,,
exit_group,1)                           = ?,,,,,
+++ exited with 1 +++,,,,,,
